retailer,title,rows,distinct_prices,min,max
Albert Heijn,AA Drink High energy,2,2,0.99,1.29
Albert Heijn,Aspire Mango lemon,2,2,1.39,1.59
Albert Heijn,Crystal Clear Sparkling lemon,2,2,0.79,1.35
Albert Heijn,Healthy People Protein coconut water 100%,2,2,1.43,2.45
Albert Heijn,Healthy People pomegranate- raspberry,2,2,1.61,2.39
Albert Heijn,Healthy people Energizing cherry raspberry with apple,2,2,2.32,2.99
Albert Heijn,Sisi Mango no bubbles zero sugar,2,2,1.25,2.59
Albert Heijn,Sisi No bubbles orange,3,3,0.49,0.75
Albert Heijn,Sisi Orange no bubbles zero sugar,3,3,0.59,2.59
Albert Heijn,Sisi orange zero sugar,2,2,2.49,2.99
Albert Heijn,bar-le- Duc mineral water carbonated,4,4,0.75,2.95
Albert Heijn,bar-le- Duc natural mineral water,3,3,0.55,0.99
Albert Heijn,bullit Energy drink,2,2,0.99,4.19
Albert Heijn,bullit Energy drink sugar free 24-pack,2,2,16.99,23.49
Albert Heijn,bullit Energy drink sugarfree,2,2,14.99,15.96
Albert Heijn,chaudfontaine Fusion tangerine & chamomile taste,2,2,0.69,0.82
Albert Heijn,chaudfontaine Still,2,2,0.57,2.55
Albert Heijn,cool best Fruit drink orange,2,2,2.39,2.79
Albert Heijn,cool best Smoothie strawberry orange banana,2,2,0.9,1.89
Albert Heijn,cool best Strawberry hill,3,3,1.79,4.89
Albert Heijn,cool best Vita Day tropical,2,2,1.94,3.49
Albert Heijn,cool best fruit breakfast orange strawberry,3,3,1.68,2.39
Albert Heijn,double frisss 1 kcal apple & black berries,2,2,2.69,2.89
Albert Heijn,double frisss 1 kcal apple & peach,2,2,0.99,2.69
Albert Heijn,douwe egberts Ice cappuccino ice coffee,2,2,0.71,1.59
Albert Heijn,fernandes Red grape,2,2,0.89,0.99
Albert Heijn,fernandes Super pineapple,2,2,1.12,2.99
Albert Heijn,gini Lemon 6bl BEL,2,2,3.99,4.99
Albert Heijn,hit fruit syrup grenadine,2,2,1.03,1.59
Albert Heijn,hit fruit syrup raspberries,2,2,1.35,2.49
Albert Heijn,pickwick Ice tea lemon,3,3,1.94,2.09
Albert Heijn,pickwick ice tea peach,3,3,1.07,2.09
Albert Heijn,rivella Original,3,3,0.85,3.19
Albert Heijn,roosvicee multivit forest fruits,2,2,2.19,2.89
Albert Heijn,roosvicee multivit kids tree fruit,2,2,1.42,1.95
Albert Heijn,roosvicee multivit kiwi-sinaasappel,2,2,2.49,2.89
Albert Heijn,roosvicee multivit peach,2,2,1.99,2.49
Albert Heijn,rose vicee forest fruits mix syrup,2,2,2.39,2.99
Albert Heijn,solar atura carrot juice,2,2,1.99,2.69
Albert Heijn,solar atura kombucha lavender,2,2,2.49,2.89
Albert Heijn,soof lemon mint & apple syrup,2,2,3.99,4.29
Albert Heijn,sourcecy lemon carbonated mineral water,2,2,0.75,1.15
Albert Heijn,sourcing vitamin water citroen-cactus,2,2,1.25,1.89
Albert Heijn,sourcing vitamin water lime lychee,3,3,1.14,2.89
Albert Heijn,sourcing vitamin water mango guava,3,3,1.79,2.99
Albert Heijn,sourcing vitamin water passion fruit kumquat,2,2,1.01,1.79
Albert Heijn,sourcing vitamin water raspberry pomegranate,2,2,1.79,2.59
Albert Heijn,sourcing vitamin water raspberry pomegranate 6-pack,2,2,10.69,11.89
Albert Heijn,tax exotic fruits no sugar added,2,2,1.1,1.99
Albert Heijn,wicky Fruit 10-pack,2,2,2.95,2.99
Albert Heijn,wicky ice tea green peach 10-pack,2,2,2.09,2.19
Aldi,Cola,4,4,0.34,1.19
Aldi,Cola zero,2,2,1.15,1.19
Aldi,Cola zero 6-pack,2,2,2.26,2.56
Aldi,Cola zero cherry of vanilla 4-pack,2,2,1.29,1.49
Aldi,Ice Tea,2,2,0.29,0.45
Aldi,Lemon,5,5,0.5,1.15
Aldi,Lemon 6-pack,2,2,1.99,2.15
Aldi,Orange,2,2,0.34,0.37
Aldi,Orange Juice with Bits,2,2,0.99,2.59
Aldi,Orange of lemon zero,2,2,0.97,0.98
Aldi,River cola zero cherry,2,2,1.19,1.49
Aldi,Vive Low Calorie Indian Tonic Water 1l,2,2,0.35,0.55
Aldi Nord,Classic,2,2,1.29,1.35
Aldi Nord,Cola Classic,2,2,0.45,0.65
Aldi Nord,Cola Zero,2,2,0.45,2.29
Aldi Nord,Energy Drink,2,2,0.99,1.25
Aldi Nord,Medium,2,2,1.29,1.35
Aldi Nord,QUELLBRUNN mineral water,2,2,0.19,0.65
Aldi Nord,bebivita juice fruit & iron,2,2,0.75,0.85
Aldi Sud,good organic Bio- orange juice 0.75 l,2,2,2.49,3.19
Allyouneedfresh.de,Black Forest,4,4,0.45,3.89
Allyouneedfresh.de,Club Mate,7,7,0.4,11.99
Allyouneedfresh.de,Emmi,2,2,0.95,1.59
Allyouneedfresh.de,Harvest Moon,2,2,2.1,2.99
Allyouneedfresh.de,Hitchcock,3,3,1.09,2.49
Allyouneedfresh.de,MIO MIO,2,2,0.45,0.79
Allyouneedfresh.de,Punica,3,3,0.8,1.39
Allyouneedfresh.de,Punica Tea & Fruit,2,2,0.9,1.39
Allyouneedfresh.de,Relentless,3,3,0.65,1.09
Allyouneedfresh.de,afri cola,4,4,0.45,1.49
Allyouneedfresh.de,albi,2,2,1.59,1.69
Allyouneedfresh.de,alnavit,11,11,2.8,6.0
Allyouneedfresh.de,amecke,2,2,1.2,1.3
Allyouneedfresh.de,amecke gentle juices,4,4,1.2,1.69
Allyouneedfresh.de,apollinaris,4,4,0.75,1.09
Allyouneedfresh.de,bionade,2,2,0.6,0.67
Allyouneedfresh.de,christinen,6,6,0.3,5.89
Allyouneedfresh.de,d'árbo,3,3,2.6,4.5
Allyouneedfresh.de,deit,3,3,0.6,0.95
Allyouneedfresh.de,dolfin,2,2,1.4,1.79
Allyouneedfresh.de,fritz-kola,7,7,0.6,11.49
Allyouneedfresh.de,fritz-limo,3,3,0.6,0.89
Allyouneedfresh.de,high forest,2,2,0.6,0.79
Allyouneedfresh.de,jacoby,7,7,0.85,1.99
Allyouneedfresh.de,jacoby Bio,9,9,1.19,3.49
Allyouneedfresh.de,mezzo mix,3,3,0.35,12.99
Allyouneedfresh.de,miller milk,2,2,0.6,0.89
Allyouneedfresh.de,mövenpick,2,2,0.55,0.89
Allyouneedfresh.de,plose,3,3,0.95,6.79
Allyouneedfresh.de,provisions,3,3,0.79,0.99
Allyouneedfresh.de,rhön sparkling water,2,2,0.7,0.95
Allyouneedfresh.de,schwip schwap,7,7,0.7,5.69
Allyouneedfresh.de,sinalco,2,2,0.55,0.75
Allyouneedfresh.de,strange,4,4,0.45,3.29
Allyouneedfresh.de,true fruits,7,7,1.7,2.99
Allyouneedfresh.de,valensina breakfast- nectar,2,2,1.2,1.69
Allyouneedfresh.de,valensina freshly harvested pressed,3,3,2.1,2.99
Allyouneedfresh.de,vilsa- fountain,2,2,0.7,0.85
Allyouneedfresh.de,vio,3,3,0.5,4.49
Allyouneedfresh.de,vio bio Limo,2,2,1.0,1.4
Allyouneedfresh.de,wesergold,5,5,0.7,5.49
Alnatura,organic cranberry direct juice,2,2,2.97,6.99
Alnatura,pomegranate direct juice,2,2,3.99,6.37
Amica Farmacia,weleda fruit juice sea buckthorn Vital organic 250ml,2,2,19.15,23.29
Asda,Cloudy Apple Fruit Juice,2,2,1.92,3.33
Asda,Copella Cloudy Apple Juice,2,2,2.0,2.38
Asda,Iced Coffee Mocha,2,2,1.7,4.0
Asda,Pomelo & Pink Pepper Tonic Water,2,2,1.43,3.78
Asda,Rejuvenate Natural Energy Drink,2,2,1.5,4.99
Asda,Relentless Passion Punch Energy Drinks,2,2,1.0,3.49
Asda,Sparkling Black Grape Juice Soft Drink,2,2,0.78,1.94
Asda,Sparkling Pineapple Juice Soft Drink,2,2,0.78,1.94
Auchan,Nectar guava,2,2,2.29,4.08
Auchan,drink with aloe vera flavor original,2,2,2.35,3.19
Auchan,mineral water plate natural,3,3,3.5,4.52
Auchan,mineral water plate natural bottles,3,3,2.15,3.65
Auchan,natural mineral water plate,8,8,2.35,4.41
Auchan,natural mineral water plate bottles,2,2,2.49,3.3
Auchan,pure apple juice natural glass bottle,2,2,2.69,3.09
Auchan,pure juice lemon origin sicily,2,2,2.05,3.92
Auchan,pure pomegranate juice,2,2,6.29,8.05
Auchan Direct,6 x 1 l - HEPAR - mineral water plate,2,2,3.42,6.84
Auchan Direct,8 x 33 cl - HEPAR - natural mineral water,2,2,3.02,6.04
Auchandrive,Emerge can 25cl,2,2,0.51,0.6
Auchandrive,Mont white mineral water plate natural 6x1.5l,3,3,2.76,3.69
Auchandrive,"OASIS
fruit drink tropical taste",2,2,1.59,1.75
Auchandrive,St yorre sparkling mineral water 6x1l,2,2,3.3,3.48
Auchandrive,Sunny Delight soft california 1.25l,2,2,1.89,1.93
Auchandrive,Vichy celestial sparkling mineral water 6x50cl,2,2,2.82,2.94
Auchandrive,"courmayeur
natural mineral water plate",2,2,1.99,2.17
Auchandrive,courmayeur natural mineral water 6x1l,2,2,2.05,2.22
Auchandrive,danao kung fu panda peach apricot 1l,2,2,1.99,2.29
Auchandrive,danao peach apricot 2x1l Kung Fu Panda,2,2,3.49,3.85
Auchandrive,full fruit orange juice organic 1l,2,2,2.4,2.57
Auchandrive,gini lemon 1.5l,2,2,1.61,1.76
Auchandrive,mill of valdonne grenadine syrup 70cl,2,2,2.2,2.52
Auchandrive,organic garden juice sicilian lemon 25cl,2,2,1.69,1.73
Auchandrive,salvetat flavored with lemon 1.25l,2,2,0.83,0.85
Auchandrive,salvetat sparkling mineral water 6x1.25l,2,2,2.88,2.98
Auchandrive,thumb grape juice brick 1l,2,2,0.72,0.79
Auchandrive,thumb pure orange juice 1l,2,2,0.99,1.09
Auchandrive,thumb tea drink to fishing light 2l,2,2,0.7,0.76
Auchandrive,vaivai coconut water 1l,2,2,3.91,4.13
Avon,Avon True Nutra Effects Micellar Water - 50ml Travel Size,2,2,1.25,1.75
Avon,avon simply delicate soothing hygienic area cleanser aloe vera,2,2,11.5,11.99
Bakker Bart,sourcecy Vitamin Water Mangoguave,2,2,2.25,2.5
Bennet,lemon juice limmi,2,2,0.99,1.99
Billa,Clever orange lemonade,2,2,0.45,0.89
Billa,almdudler sugar free,2,2,0.86,1.99
Billa,forest spring Zero citrus- Mix,2,2,1.19,1.25
Billa,forest spring blackberry- blackcurrant,2,2,0.99,1.25
Billa,forest spring mineral water sparkling,3,3,0.46,0.69
Billa,gasteiner Lemon,2,2,0.89,1.29
Billa,mezzo mix,3,3,1.35,2.39
Billa,roman spring Emotion apple- ribisel,2,2,0.89,1.25
Billa,roman spring Emotion apricot- elder,2,2,0.92,1.39
Billa,roman spring Emotion apricot- elderflower,2,2,1.15,1.25
Billa,roman spring Emotion blackberry lime,2,2,0.92,1.39
Billa,roman spring Emotion pear balm,2,2,1.39,23.28
Billa,roman spring Mild,2,2,0.79,0.95
Billa,roman spring Still,2,2,0.89,0.95
Billa,roman spring tingly,6,6,0.63,10.68
Billa,speci Orange,2,2,1.69,2.29
Binny's,Liquid Alchemist Coconut Syrup,2,2,14.99,23.99
Binny's,Liquid Alchemist Tamarindo Syrup,2,2,8.99,23.99
Binny's,Mr Pure Apple Cranberry Juice,2,2,1.99,2.99
Biocoop,apple juice ginger 75cl,2,2,4.1,4.35
Biocoop,cranberry juice 50cl,2,2,5.75,5.86
Biocoop,rice drink COCO 25 cl,2,2,0.9,0.95
Bol.com,Aro multivitamin juice - 12x 0.33l,2,2,18.07,19.0
Bol.com,Candy Can Marshmallow (12 x 0.33 liters look nl),2,2,19.99,22.99
Bol.com,Dr goerg Premium Bio coconut water 1000ml,2,2,9.0,9.99
Bol.com,Durstloscher wassermelonen 0.5 liters per 12,3,3,16.42,19.99
Bol.com,Extreme Energy ( sugar free) - Kickin'n Classic [1 can a 355 ml] | stacker 2,2,2,8.9,19.49
Bol.com,Harboe pineapple (24 x 0.33 liters look DK),2,2,17.99,19.95
Bol.com,O2 Life Apple kiwi 6 pet bottles x 75 cl,2,2,19.99,26.19
Bol.com,O2 Life Orange Passionfruit (2x6x750ml),2,2,29.95,31.2
Bol.com,Oran Soda - fountain di crodo - 6 x 1.25 liters !,2,2,28.95,29.95
Bol.com,Re- Lyte | Electrolyte Drink Mix | Watermelon Lime 30 Stick Packs | 30 x 6.3 grams,2,2,62.0,65.7
Bol.com,Sisi Mango 0% sugar No Bubbles Tray 6 x 1.5 liters,2,2,26.5,26.51
Bol.com,Sisi Orange 0% sugar No Bubbles Tray 6 x 1.5 liters,2,2,26.5,26.51
Bol.com,"TOUCH fruit syrup strawberry Zero 0.75ltr (6 bottles, incl. shipping costs)",2,2,17.99,19.99
Bol.com,Tea Brewer Ginger Lemon - Mini tea brewer - 400ml tea - christmas gift,2,2,5.48,5.64
Bol.com,Warheads Sour! Green Apple Soda (355 ml) - 12 pieces,2,2,26.99,27.95
Bol.com,Water sourcecy vitamin mango guava pet 0.5l - 6 pieces,2,2,10.99,18.8
Bol.com,X- Gamer Sakurafuri Flavour Energy Drink Single Serving Sachet,2,2,8.0,8.65
Bol.com,X- Gamer bubblicious Flavour Energy Drink - 60 Serving,2,2,12.6,34.99
Bol.com,bar le duc | mineral water | carbonated | 12 x 0.5 liters,2,2,12.9,16.63
Bol.com,biotona super juices Elderberry liquid - 500 ml,2,2,40.72,47.09
Bol.com,bullit - Energy - sleekcan - 24x25 cl - nl,3,3,31.5,43.95
Bol.com,douwe egberts Ice Cappuccino ice coffee - 12 x 250ml,2,2,17.99,25.2
Bol.com,douwe egberts Ice Mocha latte ice coffee - 12 x 250ml,3,3,17.99,30.0
Bol.com,mito tea & Herbs - Pineapple Papaya ice tea - lose tea - fruit tea * Special taste* icetea - 50 grams,2,2,7.99,10.95
Bol.com,qnt - Kick Energy Drink (12x250ml) Raspberry,2,2,19.74,19.75
Bol.com,scallop Red Love apple juice artisanal 15 x 0.2 liter,2,2,28.4,30.1
Bol.com,scallop Red Love apple juice artisanal 6 x 0.75 liters,3,3,25.17,28.25
Bol.com,scallop apple & blue berry juice artisanal 6 x 0.75 liters,2,2,25.99,29.72
Bol.com,scallop apple & pear juice artisanal 15 x 0.2 liter,3,3,26.81,28.48
Bol.com,scallop apple & pear juice artisanal 6 x 0.75 liters,2,2,19.95,21.9
Bol.com,scallop apple & strawberry juice artisanal 15 x 0.2 liter,3,3,29.4,33.16
Bol.com,scallop apple And elderberry juice biological benefit package,2,2,26.71,26.97
Bol.com,scallop orange juice artisanal 6 x 0.75 liters,2,2,25.0,32.32
Bol.com,scallop pear juice artisanal 6 x 0.75 liters,2,2,16.99,23.52
Bol.com,senseo cafe latte coffee pads - 8 pads - for in you senseo machine,2,2,3.99,8.38
Bol.com,smarty syrup Lemon - 10 x 650 ml,2,2,36.54,37.74
Bol.com,soof Drinks lemon mint apple 340 ml,2,2,13.48,13.75
Bol.com,sourcecy - vitamin water - pear & elderflower - 6 x 0.5 liters,2,2,19.96,19.99
Bol.com,sourcecy | blue | mineral water | natural | 6 x 1 liter,2,2,14.69,15.31
Bol.com,sourcecy | vitamin water | raspberry\ pomegranate | 6 x 1 liter,3,3,25.32,30.59
Bol.com,tchibo caffè cream Mild (8x 1000gr),2,2,141.99,148.93
Bringmeister,28 black açaí,2,2,1.03,52.14
Bringmeister,Bio Ti green tea & Mango,2,2,1.26,1.71
Bringmeister,Bra tea peach,2,2,1.27,12.72
Bringmeister,Carpe Diem kombucha Tea Drink Classic,2,2,1.29,15.48
Bringmeister,Mio Mio Cola Original,2,2,0.61,7.4
Bringmeister,Vita Cola Original,6,6,0.44,8.49
Bringmeister,Vita Cola Pur,3,3,0.89,8.29
Bringmeister,Vita Cola Pur sugar free,2,2,1.35,8.1
Bringmeister,Vita Energy red grape- acai,2,2,1.06,26.16
Bringmeister,Vita cola mix,3,3,1.35,6.21
Bringmeister,acqua morelli Sparkling mineral water,2,2,1.29,14.99
Bringmeister,albi breakfast- Drink,2,2,5.07,11.94
Bringmeister,albi mild apple,2,2,1.37,8.24
Bringmeister,albi milder Multi,2,2,11.94,12.55
Bringmeister,almdudler sugar free,2,2,1.59,4.79
Bringmeister,amecke gentle juices strawberry- apple,2,2,1.53,9.19
Bringmeister,apollinaris Classic finely pearled carbonated,2,2,0.59,5.49
Bringmeister,bad love werda Medium,4,4,0.39,4.37
Bringmeister,bad love werda gently,3,3,0.39,4.37
Bringmeister,bad love werda gently + Grapefruit,2,2,0.85,9.3
Bringmeister,bad love werda gently + peach,2,2,0.85,9.3
Bringmeister,bad love werda natural,2,2,3.7,6.99
Bringmeister,bad love werda sparkling,3,3,4.49,6.98
Bringmeister,christinen Multivitamin,2,2,1.65,5.15
Bringmeister,deit Grapefruit,3,3,1.02,6.12
Bringmeister,deit Orange,4,4,0.99,12.6
Bringmeister,deit Orange sugar free,2,2,1.09,13.08
Bringmeister,deit currant blood orange,2,2,0.99,12.39
Bringmeister,deit lemon,4,4,0.99,12.39
Bringmeister,edeka Cranberry- nectar,2,2,1.39,8.35
Bringmeister,edeka caribbean orange juice,2,2,1.29,8.35
Bringmeister,edeka milder apple juice,2,2,1.29,1.99
Bringmeister,edeka organic orange juice,2,2,2.06,9.4
Bringmeister,edeka organic wwf sauerkraut juice,2,2,0.89,3.56
Bringmeister,edeka passion fruit- nectar,2,2,3.87,10.74
Bringmeister,edeka pears- nectar,2,2,1.99,10.74
Bringmeister,edeka rhubarb- nectar,3,3,1.29,7.49
Bringmeister,edeka sour cherry- nectar,3,3,1.29,7.49
Bringmeister,effect Energy Drink,5,5,0.76,35.76
Bringmeister,effect Energy Drink Zero,2,2,0.76,3.05
Bringmeister,fritz-kola Kola,2,2,0.64,14.19
Bringmeister,fritz-limo apple- cherry- elder lemonade,2,2,0.77,18.56
Bringmeister,fruit Tiger Orange- passion fruit,2,2,1.09,5.89
Bringmeister,fruit Tiger red fruits,2,2,1.09,5.89
Bringmeister,fruit- Tiger multifruit,2,2,1.09,1.15
Bringmeister,good & cheap grapes- direct juice,3,3,1.15,7.14
Bringmeister,good & cheap lemonade,2,2,0.45,1.99
Bringmeister,granini the lemonade orange + lemongrass,2,2,1.69,10.15
Bringmeister,hella cherry,2,2,0.99,6.99
Bringmeister,ileburger ilis join in raspberry taste,2,2,0.89,4.69
Bringmeister,karamalt Cola,2,2,2.33,15.6
Bringmeister,lichtenauer sparkling,2,2,0.69,6.79
Bringmeister,mezzo mix Cola- Mix,3,3,0.77,0.89
Bringmeister,mezzo mix Orange,2,2,0.95,5.84
Bringmeister,mezzo mix Zero,3,3,1.09,13.15
Bringmeister,provisions Bio lemonade ginger & lemon,3,3,0.77,18.56
Bringmeister,provisions Bio lemonade lemon naturally cloudy,3,3,0.89,21.41
Bringmeister,schwip schwap cola + Orange,2,2,0.95,4.49
Bringmeister,sinalco Cola light,2,2,0.89,10.68
Bringmeister,sinalco Cola sugar-free,2,2,0.99,5.23
Bringmeister,sinalco Cola- lemon sugar-free,2,2,1.09,6.54
Bringmeister,sinalco Orange,4,4,0.85,10.68
Bringmeister,spreequell Bitter Lemon,2,2,6.54,12.75
Bringmeister,spreequell Ginger Ale,2,2,4.94,9.89
Bringmeister,spreequell Medium,2,2,0.59,0.89
Bringmeister,spreequell active Zitrusgrape,2,2,0.49,5.44
Bringmeister,spreequell natural,4,4,0.39,2.89
Bringmeister,thirst quencher Multivitamin 12- fruit soft drink,2,2,0.55,4.25
Bringmeister,valensina Vitamin- breakfast Multi- Vitamin,2,2,1.59,8.81
Bringmeister,valensina breakfast nectar Orange passion fruit,2,2,1.71,10.26
Bringmeister,valensina breakfast- Orange,3,3,1.46,11.34
Bringmeister,vilsa Bio Medium,2,2,2.69,6.49
Bringmeister,vio Still,2,2,0.99,5.75
Bringmeister,vio bio Limo Grapefruit- red currant,2,2,1.49,5.79
Bringmeister,vio mineral water,2,2,0.67,3.99
CDON.COM,X-GAMER X- tubz Black Metal Berry 600g,3,3,323.45,546.0
CDON.COM,X-GAMER X- tubz Horus 600g,2,2,357.5,595.0
CDON.COM,X-GAMER X- tubz Hyper Berries 600g,2,2,359.0,546.0
CDON.COM,X-GAMER X- tubz Nightshade 600g,2,2,275.96,338.0
CDON.COM,X-GAMER X- tubz Post Melon 600g,2,2,275.96,546.0
CDON.COM,X-GAMER X- tubz Sun Beam 600g,2,2,323.45,359.0
CDON.COM,X-GAMER X- tubz bluenitro 600g,2,2,349.0,359.0
CDON.COM,X-GAMER X- tubz hydrastorm 600g,2,2,338.0,546.0
CDON.COM,X-GAMER X- tubz hyperbeast 600g,3,3,275.96,359.0
CDON.COM,X-GAMER X- tubz nukefusion 600g,3,3,338.0,546.0
CDON.COM,X-GAMER X- tubz powacrush 600g,4,4,338.0,546.0
CDON.COM,X-GAMER X- tubz sakurafuri 600g,3,3,275.96,546.0
CDON.COM,X-GAMER X- tubz zomberry 600g,5,5,275.96,546.0
CareMarket,Amita juice nectar orange apple apricot 1.5lt,2,2,1.4,1.5
CareMarket,zagori natural mineral water 1lt,2,2,0.38,0.95
Carethy,226ers Energy Drink 500 gr Mandarin,2,2,18.0,18.33
Carethy,226ers Energy Drink 500 gr tangerine,2,2,17.51,18.0
Carethy,Amix Atp Liquid Energy 10 x 25 ml,2,2,14.9,23.41
Carethy,Aqua De Mar Seawater,2,2,1.68,2.38
Carethy,BSN Endo Rush 16 g 1 serving Fruit Punch,5,5,2.62,2.76
Carethy,Bottle Fitness Energy Pet 500 ml,4,4,3.55,6.27
Carethy,Collagen Water 500 ml,2,2,1.69,1.71
Carethy,Dextrose Powder 1 kg,3,3,3.79,3.99
Carethy,Dr. goerg Organic Coconut Water,2,2,2.5,5.8
Carethy,Electrolyte Drink Lemongrass Citrus 1 l,5,5,13.49,17.59
Carethy,Electrolytes Powder 150 gr,4,4,5.34,5.89
Carethy,Endo Rush 16 g 1 serving,6,6,2.52,264.0
Carethy,Energy Charge 500 ml,2,2,3.55,3.58
Carethy,Energy Drink 500 gr,6,6,17.51,1833.0
Carethy,Fit Active Drink Concentrate 1000 ml,3,3,15.39,16.59
Carethy,Flavo Drops Lemon Lime 38 ml,2,2,4.29,4.39
Carethy,Flavor Drops 50 ml,5,5,4.88,640.0
Carethy,Flavor Drops Cappuccino 1 x 50 ml,6,6,4.88,640.0
Carethy,Flavor drops 50 ml,4,4,4.98,6.77
Carethy,Fuel Energy Drink Raspberry 4la 7 500 ml,2,2,53.82,55.29
Carethy,Fuel Energy Drink Raspberry v2 500 ml,2,2,52.42,53.33
Carethy,Iso Tonic Orange Mango 600 gr,9,9,7.04,826.0
Carethy,Isodrink Lemon 500 ml,5,5,2.82,4.17
Carethy,L- Carnitine Water Mexican 500 ml,2,2,1.53,1.69
Carethy,Low Carb Protein Shake Iced Coffee Late 250 ml,2,2,1.96,2.46
Carethy,Marsport Lemon Drink with Isotonic Gas 250 ml,2,2,1.14,1.4
Carethy,Multi Hypotonic Drink Concentrate 1000ml,2,2,21.95,24.9
Carethy,Organic Mangosteen Juice 500 ml,4,4,19.35,1861.0
Carethy,Red Kick Original 500 ml,2,2,3.55,3.58
Carethy,Redcon1 Canteen 375 gr,2,2,22.04,22.64
Carethy,Rush rtd Berry Blast 250 ml,2,2,197.0,209.0
Carethy,Sports Drink Mango 500 ml,4,4,46.0,5480.0
Carethy,Strawberry Syrup 350 ml,2,2,3.71,416.0
Carethy,biotechusa Iso Tonic orange mango 600 gr Th & eacute; ice & eacute; with lemon,2,2,9.0,9.28
Carethy,biotechusa Iso tonic Orange Mango 600 gr lemons- icetea,3,3,10.59,10.99
Carethy,isodrink Lemon 500 ml,2,2,3.58,364.0
Carethy,multipower Energy Charge 500 ml Orange,2,2,3.58,3.65
Carethy,multipower Energy Charge 500 ml tropical fruits,2,2,3.58,3.65
Carethy,multipower energy charge 500 ml Orange,2,2,3.48,4.55
Carethy,multipower energy charge 500 ml tropical Fr & uuml;right,3,3,3.48,4.24
Carethy,nutrisport Fat Burners 500 ml,2,2,7.07,7.19
Carethy,nutrisport sportdrink Iso 24 unit;s Fresh,2,2,33.6,36.41
Carethy,nutrisport sportdrink Iso 24 unit;s Tropical,2,2,33.6,36.41
Carethy,nutrisport sportdrink Iso 24 unit;s orange,2,2,33.6,36.41
Carethy,nutrisport stimulate them red 500 ml exotic,3,3,46.46,52.62
Carethy,nutrisport stimulus red 500 ml exotic,2,2,50.16,51.07
Carethy,redcon1 Canteen 375 gr,9,9,24.37,34.95
Carethy,redcon1 canteen 375 gr Erdbeerlimonade,2,2,26.79,28.14
Carethy,redcon1 canteen 375 gr lemonade strawberry,2,2,22.63,26.4
Carethy,stacker2 europe Extreme Energy Zero 12 x 355 ml,2,2,21.11,26.17
Carethy,stimul red 500 ml,4,4,46.46,52.56
Carethy,stimulus red 500 ml,2,2,50.16,5107.0
Carethy,vit.O. Best Carnitine 2000 Drink 12 unidades,4,4,17.9,21.19
Carrefour,Cappuccino organic ready to drink black card,2,2,2.05,2.99
Carrefour,Eau organic coconut vaivai,2,2,2.3,5.89
Carrefour,Juliet pure juice apples,2,2,4.23,15.39
Carrefour,drink 6 vitamins / multivitamin SUNNY DELIGHT,2,2,2.45,3.79
Carrefour,drink at iced tea black white peach may tea,2,2,1.47,2.49
Carrefour,energy drink CRAZY TIGER,3,3,1.19,3.35
Carrefour,kombucha ginger and lemon ecological komvida bottle 50 cl.,2,2,3.9,4.1
Carrefour,lemon juice SIRACUSE,4,4,1.77,4.39
Carrefour,lemonade without sugar ogeu,2,2,0.99,2.99
Carrefour,milk drink orange mango no added sugar danao,2,2,3.25,3.27
Carrefour,mineral water courmayeur,2,2,0.35,0.4
Carrefour,mochaccino ready to drink black card,2,2,2.05,2.99
Carrefour,natural mineral water HEPAR,4,4,2.09,3.96
Carrefour,natural mineral water MONT white,5,5,0.55,3.54
Carrefour,natural mineral water bees,3,3,2.1,3.9
Carrefour,natural mineral water courmayeur,3,3,2.64,3.88
Carrefour,natural mineral water mont roucous,4,4,0.52,4.12
Carrefour,natural mineral water saint amand,9,9,0.43,3.61
Carrefour,natural mineral water tuna,3,3,0.54,3.12
Carrefour,natural mineral water wattwiller,3,3,0.52,3.96
Carrefour,orange juice organic full fruit,2,2,2.69,4.65
Carrefour,pomegranate syrup mill of valdonne,4,4,2.05,3.39
Carrefour,pure organic lemon juice - limmi,3,3,4.49,42.7
Carrefour,rocchetta natural gualdo tadino 6 x 1.5 l,2,2,2.52,2.65
Carrefour,sparkling natural mineral water ogeu,2,2,2.7,3.42
Carrefour,sparkling natural mineral water quezac,2,2,2.82,3.22
Carrefour,sparkling water ST-YORRE,2,2,0.56,3.12
Carrefour,sparkling water VICHY celestins,2,2,0.62,3.78
Carrefour,sparkling water bees,2,2,0.82,9.72
Carrefour,sparkling water lemon flavored salvetat,3,3,0.95,3.35
Carrefour,sparkling water natural mineral ST-YORRE,3,3,0.52,3.84
Carrefour,sparkling water natural mineral VICHY celestins,2,2,3.19,3.96
Carrefour,sparkling water natural mineral orezza,2,2,3.0,11.82
Carrefour,sparkling water natural mineral rozana,3,3,0.51,3.18
Carrefour,sparkling water natural mineral saint amand,3,3,0.53,2.7
Carrefour,sparkling water natural mineral salvetat,3,3,0.5,3.18
Carrefour,spring water SAINT GEORGES,2,2,0.35,3.0
Carrefour,syrup peach & apricot mill of valdonne,2,2,2.39,2.84
Carrefour,syrup white peach mill of valdonne,2,2,3.1,3.95
Casino,Soda - Tonic,2,2,0.82,1.68
Casino,Soda cola,2,2,0.66,1.74
Casino,Soda cola - zero,2,2,0.52,1.68
Casino,black tea infused - perfume white peach,2,2,1.4,3.53
Casino,flavored water - lemon lime,2,2,0.77,2.52
Casino,green tea infused - mint scent,2,2,1.4,3.36
Casino,grenadine syrup,4,4,1.55,2.44
Casino,lemon juice,3,3,1.09,2.52
Casino,lemon juice - organic,2,2,1.15,1.31
Casino,natural mineral water,6,6,1.36,3.12
Casino,natural mineral water - Plate,5,5,2.34,3.36
Casino,natural mineral water - Plate - magnesium,2,2,1.92,2.16
Casino,natural mineral water - sparkling,3,3,2.46,3.54
Casino,sparkling water flavored - lemon,2,2,0.76,0.84
Casino,syrup - mint,2,2,1.75,1.92
Casino,syrup peach apricot,2,2,2.78,3.11
Cdiscount,drink Isotonic World Riderz 500ml eric favre,2,2,2.0,5.9
Cdiscount,organic nature apple juice organic 1 l,2,2,2.99,3.59
Chronodrive,ALOE : drink at l' Aloe vera lime flavor,2,2,1.99,2.98
Chronodrive,CRAZY TIGER : energy drink,2,2,2.89,4.33
Chronodrive,Duo quinoa blond and organic red,2,2,3.15,6.18
Chronodrive,"Gazpacho tomato, mint and basil",2,2,1.62,4.15
Chronodrive,HEPAR : natural mineral water,2,2,5.18,5.78
Chronodrive,OASIS : Pocket - flavored drink orange with a cap sport,2,2,4.63,6.18
Chronodrive,SICILIA : lemon juice,2,2,1.75,2.55
Chronodrive,bjorg : lemon juice,3,3,1.06,3.2
Chronodrive,champomy : soft drink made of apple alcohol-free,3,3,3.99,7.93
Chronodrive,charles & alice : pure apple juice,4,4,3.09,4.64
Chronodrive,charles & alice : pure apple juice and grape,2,2,3.09,4.64
Chronodrive,charles & alice : pure juice apples and apricots,3,3,3.09,4.63
Chronodrive,charles & alice : pure juice apples and mangoes,3,3,2.99,4.48
Chronodrive,courmayeur : natural mineral water,2,2,3.23,3.67
Chronodrive,"danao : drink at fruit juice and with milk, peach apricot",2,2,2.89,4.34
Chronodrive,"danao : drink at milk and orange juice, banana and strawberry",3,3,2.19,3.62
Chronodrive,danao : drink at milk and peach juice and apricot,2,2,2.19,3.28
Chronodrive,energy drink sparkling,2,2,2.45,5.38
Chronodrive,energy drink sparkling cherry,2,2,1.45,2.9
Chronodrive,ethical : pure juice apple litchi organic,2,2,3.95,7.9
Chronodrive,etic organic garden : pure organic lemon juice,2,2,1.22,2.45
Chronodrive,iced tea flavored with fishing and pearls,2,2,2.57,5.15
Chronodrive,may tea : black tea - iced tea infused with blackberry and blueberry,3,3,1.79,2.77
Chronodrive,may tea : black tea - iced tea infused with white peach,4,4,1.08,3.1
Chronodrive,may tea : green tea - iced tea infused jasmine,3,3,1.85,3.7
Chronodrive,may tea : green tea - iced tea infused mint-flavoured,4,4,1.55,3.1
Chronodrive,may tea : green tea - iced tea infused with lemon,5,5,1.69,3.38
Chronodrive,"may tea : iced tea infused with green tea, flavored yuzu citrus",3,3,1.65,2.48
Chronodrive,may tea : white tea - iced tea infused raspberry,3,3,1.69,2.53
Chronodrive,mill of valdonne : syrup fishing and apricot,3,3,3.05,4.41
Chronodrive,mont roucous : natural mineral water,2,2,2.79,7.98
Chronodrive,natural mineral water,14,14,0.47,7.86
Chronodrive,"peach juice, apricot and milk",2,2,1.16,5.78
Chronodrive,salvetat : sparkling mineral water flavored with lemon,3,3,0.95,1.7
Chronodrive,salvetat : sparkling mineral water flavored with lemon green,2,2,0.56,1.7
Chronodrive,salvetat : sparkling natural mineral water,6,6,2.95,5.3
Chronodrive,salvetat : sparkling natural mineral water flavored with lemon,2,2,3.69,6.78
Chronodrive,salvetat : sparkling natural mineral water lemon flavored verdelli,2,2,0.99,1.49
Chronodrive,sparkling natural mineral water,2,2,3.19,3.35
Chronodrive,sparkling natural mineral water lemon without sugar,2,2,0.99,1.58
Chronodrive,tropico : Tropical - fruit drink exotic,2,2,1.8,3.6
Chronodrive,tropico : fruit drink exotic,2,2,1.85,2.77
Colruyt Collect & Go,BONIA Iced Tea Lemon effervescent 50cl,2,2,0.53,0.55
Colruyt Collect & Go,BONIA juice orange-kiwi 50cl,2,2,1.89,2.19
Colruyt Collect & Go,BONIA juice sinaasappel-aardbei 50cl,2,2,1.89,2.19
Colruyt Collect & Go,BONIA sports drink Lemon 50cl,2,2,0.78,0.79
Colruyt Collect & Go,BONIA sports drink Red Peach 50cl,2,2,0.78,0.79
Colruyt Collect & Go,EVERYDAY lemonade Orange Zero 1.5l,2,2,0.82,0.89
Colruyt Collect & Go,EVERYDAY lemonade Orange Zero 50cl,2,2,0.42,0.43
Colruyt Collect & Go,EVERYDAY lemonade orange 1.5l,2,2,0.75,0.77
Colruyt Collect & Go,EVERYDAY orange juice without pulp 2l,2,2,3.7,3.98
Conad,"recoaro water brilliant drink sparkling, tonic water 20cl x 6",2,2,3.18,3.96
Condis,lemonade amella house BIO 250 ml,2,2,1.59,2.09
Consum,natural mineral water bottle,2,2,0.59,0.79
Continente,Ginger Ale,2,2,0.95,3.0
Continente,soda without gas Tropical,2,2,0.75,1.1
Continente,soda without gas lemonade,2,2,1.1,2.05
Continente,sparkling water,7,7,0.99,4.98
Continente,sparkling water lemon,9,9,0.75,5.58
Continente,tonic water Mist,2,2,0.75,1.85
Continente,tonic water Signature,3,3,0.9,2.0
Continente,water without gas,3,3,0.4,3.48
Continente,water without gas apple,2,2,0.99,7.0
Continente,water without gas carboy,2,2,0.84,1.99
Continente,water without gas lemon,2,2,0.89,2.65
Coop,AA Drink Hydration Zero Sugar 500 ml,2,2,1.19,1.35
Coop,Coop fresh juice orange,2,2,2.19,3.29
Coop,Crystal Clear Apple,2,2,1.54,1.55
Coop,Crystal Clear Cranberry lime,2,2,1.05,1.59
Coop,Crystal Clear Sparkling peach,2,2,1.05,1.49
Coop,Cuba Cola,2,2,13.95,16.5
Coop,Cuba Cola Zero,2,2,13.95,16.5
Coop,First Choice Cola no sugar,3,3,0.79,1.49
Coop,First Choice Cola zero sugar,2,2,0.42,1.56
Coop,First Choice cola light,2,2,0.42,1.56
Coop,First Choice cola regular,2,2,0.9,1.56
Coop,Juice apple,4,4,23.0,47.95
Coop,Juice apple organic,2,2,28.5,32.95
Coop,Juice orange,5,5,23.0,49.95
Coop,Juice orange organic,2,2,32.95,36.95
Coop,PLUS fresh juice orange,2,2,2.49,3.99
Coop,Shot ginger,3,3,33.5,46.95
Coop,Slammers Energy drink look,2,2,0.65,0.84
Coop,bar-le- Duc mineral water carbonated,2,2,0.85,3.39
Coop,carbonated water Citrus,4,4,6.5,12.5
Coop,carbonated water Mango & grapefruit,2,2,11.95,12.5
Coop,carbonated water blackcurrants,2,2,11.95,12.5
Coop,carbonated water green apple,2,2,11.95,12.5
Coop,carbonated water natural,5,5,6.5,41.95
Coop,carbonated water pear,2,2,6.5,11.95
Coop,carbonated water pineapple,2,2,11.5,11.95
Coop,carbonated water pomegranate,4,4,6.5,12.5
Coop,carbonated water raspberry & apple,2,2,11.95,12.5
Coop,cool best Mango dream,2,2,1.94,2.99
Coop,cool best Premium orange,3,3,1.6,4.09
Coop,coolbest fruit breakfast orange mango,2,2,2.51,2.59
Coop,dalphin Water with carbon dioxide,2,2,0.29,1.48
Coop,dalphin Water without carbonic,2,2,0.29,1.88
Coop,double frisss Boost apple & peach,2,2,2.09,2.68
Coop,double frisss Boost forest fruits & apple,2,2,2.09,2.68
Coop,double frisss apple & peach,2,2,1.02,3.03
Coop,double frisss orange & tangerine,2,2,1.35,3.03
Coop,double frisss pineapple & mango,2,2,1.39,2.82
Coop,douwe egberts Ice macchiato ice coffee,2,2,1.15,1.59
Coop,easter must,3,3,7.5,11.0
Coop,energy drink Wolverine,2,2,9.5,14.5
Coop,fernandes Cherry bouquet,2,2,1.07,1.72
Coop,frameless rhubarb & strawberry,2,2,9.0,10.0
Coop,freshly pressed orange,2,2,46.0,69.0
Coop,frisian flag gold band coffee creamer,2,2,1.22,2.61
Coop,frisian flag halvamel coffee creamer,2,2,0.69,2.19
Coop,frisian flag latte frothed milk,2,2,0.87,2.3
Coop,fruit drink Mango,5,5,18.95,45.95
Coop,fruit drink blackcurrant,2,2,22.0,34.95
Coop,fruit drink blueberry,3,3,23.0,36.5
Coop,fruit drink orange & mango,2,2,28.5,36.5
Coop,fruit drink rose hip,2,2,22.0,34.95
Coop,fruity king Smoothie mango passion fruit banana apple,2,2,1.09,2.09
Coop,groceries,9,9,0.99,2.47
Coop,juice orange,2,2,22.5,39.95
Coop,juice raspberry,2,2,36.95,44.95
Coop,julmust,5,5,5.95,14.95
Coop,julmust 12-pack,2,2,55.95,59.95
Coop,julmust Light,2,2,5.95,55.95
Coop,julmust sugar free,6,6,5.95,14.95
Coop,lingonberry drink,2,2,23.5,30.95
Coop,multivitamin drink tropical,2,2,6.0,18.95
Coop,raw juice beetroot apple orange lemon & ginger,2,2,43.0,48.5
Coop,raw juice orange & ginger,3,3,43.0,51.95
Coop,raw juice spinach apple pineapple & lemon,2,2,43.0,47.95
Coop,rivella Cranberry,4,4,1.15,1.95
Coop,rolnik lemon juice concentrated,2,2,0.53,0.81
Coop,sourcing vitamin water mango guava,2,2,1.29,2.72
Coop,sourcing vitamin water raspberry pomegranate,2,2,1.29,2.72
Coop,tax exotic fruits,2,2,1.88,1.98
Coop,tax tropical fruits,2,2,1.98,3.14
Coop,trocadero,4,4,7.5,18.95
Coop,trocadero Zero,5,5,7.0,18.95
Coop,trocadero Zero geléhallon,3,3,8.95,17.5
Coop,trochumust Zero,2,2,7.5,13.95
Coop,tropical Juice,2,2,11.0,17.0
Coop,"very easy, natural mineral water oligo...",3,3,0.48,0.58
Coop,wicky orange,2,2,1.09,1.88
Coop,zingo lemon,3,3,9.5,20.95
Coop,zingo orange,2,2,9.5,20.95
Coop,zingo orange sugar free,2,2,14.5,20.95
Coop,zingo strawberry sugar free,2,2,14.5,20.95
Coop.dk MAD,Citrus with soda,2,2,42.0,95.0
Coop.dk MAD,apollinaris with citrus,2,2,2.5,15.0
Coop.dk MAD,apple juice,4,4,11.5,32.5
Coop.dk MAD,blueberry,2,2,10.0,18.0
Coop.dk MAD,fax condi 0 calories,3,3,19.5,105.0
Coop.dk MAD,frameless Original,2,2,19.95,20.25
Coop.dk MAD,natural mineral water,2,2,10.5,13.75
Coop.dk MAD,orange juice,5,5,10.0,28.5
Coop.dk MAD,organic ginger shots,2,2,11.5,35.95
Courses U,"ANTESITE mint, 13cl",2,2,3.45,4.17
Courses U,"based drink spring water flavored citrus U, 1.5l",2,2,1.0,1.04
Courses U,"coconut water vaivai, brick 33cl",2,2,1.77,2.25
Courses U,"lemon juice SIRACUSE, 50cl",2,2,2.75,3.01
Courses U,"natural mineral water wattwiller, 6x1.5l",2,2,3.3,3.94
Courses U,"pomegranate juice 100% organic BIOFRUTTI, 700 ml",2,2,3.67,5.25
Courses U,"syrup cherry tradition the guiot house, bottle in verrede 70cl",2,2,1.75,3.62
Courses U,"syrup gourmet recipe cherry / blackberry U, 70cl bottle",2,2,1.99,2.15
Courses U,"syrup passion fruit the guiot house, 70cl bottle",2,2,2.4,2.78
Decathlon,bio techusa Multi Hypotonic 1000 ml,2,2,21.95,22.9
Decathlon,effervescent tablets Energygetrank red fruits 10 × 12 g,2,2,3.99,6.99
Decathlon,isotonic drink list to drink ISO strawberry 500 ml,2,2,1.19,1.39
Decathlon,isotonic drink ready to to drink ISO strawberry 500ml,2,2,1.2,1.5
Delhaize,Fusion | lemon | Pet,3,3,5.19,7.69
Delhaize,Fusion | lime | mint,2,2,5.19,5.49
Delhaize,caffè latte | Cappuccino,3,3,2.09,2.99
Delhaize,energy drink | Fruity energizer | look,2,2,6.89,9.49
Delhaize,juice | apple | Bio,2,2,4.69,4.99
Delhaize,juice | apple | Mango | Bio,2,2,4.59,4.65
Delhaize,lemonade | forest fruits | Bio,2,2,6.69,9.75
Delhaize,mineral water | effervescent | PET,3,3,5.89,7.38
Delhaize,mineral water | not sparkling | PET,6,6,2.99,6.19
Delhaize,mineral water | not sparkling | pet bottle,3,3,5.49,5.99
Delhaize,mineral water | slightly sparkling | PET,2,2,3.45,4.65
Dirk,First Choice Cola cola light,2,2,1.45,4.85
Dirk,Sisi Nb 0% orange,2,2,1.18,45.0
Dirk,Sisi No bubbles orange,2,2,1.55,45.0
Dirk,Sisi No bubbles orange 0%,2,2,0.52,2.45
Dirk,Sisi Orange,2,2,1.59,3.29
Dirk,Sisi Orange no bubbles,2,2,0.58,74.0
Dirk,bar le duc mineral water carbonated,6,6,0.29,98.0
Dirk,double frisss apple-peach,2,2,1.89,2.75
Dirk,douwe egberts Ice caramel latte,2,2,1.54,5.05
Dirk,fernandes Cherry bouquet,4,4,0.63,2.79
Dirk,fernandes Cream ginger,2,2,0.95,75.0
Dirk,fernandes Green punch,4,4,0.72,2.85
Dirk,frisian flag latte,2,2,1.99,68.0
Dirk,rivella Original,4,4,0.64,57.0
Dirk,roosvicee multivit forest fruits,3,3,1.83,2.79
Dirk,sourcing vitamin water braam-acai,2,2,0.69,1.72
Dirk,sourcing vitamin water citroen-cactus,2,2,0.79,2.39
Dirk,sourcing vitamin water framboos-granaatappel,4,4,1.59,2.45
Dirk,sourcing vitamin water limoen-lychee,2,2,0.69,2.55
Dirk,sourcing vitamin water mango-guave,4,4,1.59,2.39
Dirk,tax tropical fruits,3,3,0.49,45.0
DocMorris,cranberry juice pure organic vital house,2,2,5.79,10.29
DocMorris,cranberry pure juice Bio vital house,2,2,6.75,11.31
DocMorris,pomegranate 100% direct juice Bio 500 ml,2,2,9.79,16.49
DocMorris,pomegranate pure juice Bio vital house,2,2,6.13,13.4
DocMorris,sea buckthorn pure juice kba vital house,2,2,8.25,20.94
Douglas,cranberry juice pure organic vital house,2,2,11.09,11.91
E Leclerc,Soda lemon - 1.5 liters,2,2,0.85,0.95
E Leclerc,lemonade - 1.5 liters,2,2,0.37,0.63
E-fresh,fruit drink red fruits Frulite (1 lt),2,2,1.68,2.18
E-fresh,fruit drink strawberry Frulite (1 lt),2,2,1.68,2.4
E-fresh,lemonade sugarless puberty (500 ml),2,2,0.9,1.71
E-fresh,natural juice orange Frulite (1 lt),2,2,1.8,2.7
Easyparapharmacie,hydratis solution of hydration with mineral salts 20 effervescent tablets,2,2,10.32,11.0
El Corte Inglés,"BE GREEN juice ecological Carrot Sunset with carrot, orange, lemon, ginger and apple bottle 300 ml",2,2,3.25,3.49
El Corte Inglés,SIERRA cazorla natural mineral water bottle 1 l,2,2,0.68,0.85
Eroski,soda water bubble soft fonter,2,2,0.63,0.65
Eroski,soft drink green tea lemon MAYTEA,2,2,0.79,1.49
Farma e,weleda fruit juice sea buckthorn Vital organic 250ml,2,2,19.9,23.29
Farmaline,biotona bio Noni juice,2,2,23.4,25.1
Farmaline,biotona bio mangosteen juice,2,2,19.8,22.8
Farmasiet,"Vita Organic Vita Organic kombucha, Rose, 330",2,2,42.0,51.75
Feel Unique,Pukka Aloe Vera Juice 500ml,2,2,15.5,16.85
Fiksu Ruoka,12pcs Cortesino Ginger rosso soft drink organic 200ml,2,2,15.9,18.9
Flaschenpost,Vita Cola Original,2,2,10.49,12.99
Flaschenpost,afri cola,2,2,10.99,19.99
Flaschenpost,rheinfels source Lemon,2,2,6.49,7.49
Flaschenpost,rheinfels source classic,2,2,6.99,7.49
Flaschenpost,vilsa BIO Classic,2,2,7.49,8.99
Food Market Herkku,Rainbow orange juice 1l,3,3,0.79,3.34
Food Market Herkku,champion orchard orange juice 1 l fruit flesh,2,2,2.49,2.59
Food Market Herkku,coop orange juice 1l,2,2,2.49,2.69
Fotex,Cola,3,3,2.65,21.0
Fotex,Cola sugar free,2,2,2.45,21.0
Fotex,Tonic,2,2,2.65,21.0
Fotex,apple nectar from concentrate,2,2,3.0,10.0
Fotex,energy drink,2,2,11.0,19.95
Fotex,energy drink m. pineapple flavor,2,2,15.0,15.95
Fotex,energy drink sugar free,2,2,13.95,20.95
Fotex,fax condi,4,4,6.5,39.0
Fotex,ginger shot m. apple and citron organic,2,2,9.95,43.0
Fotex,ginger shot organic,3,3,11.95,50.95
Fotex,water,3,3,10.0,14.75
Fotex,water m. brus,3,3,13.8,18.0
Fotex,water m. brus citrus,4,4,2.0,45.0
Fotex,water m. brus tulip and lime,2,2,13.0,15.0
Fred Meyer Stores,DRY Sparkling Cucumber Soda,2,2,4.99,6.99
Fred Meyer Stores,NOS High Performance Energy Drink,2,2,1.99,9.99
Fred Meyer Stores,Zing Zang Bloody Mary Mix,2,2,7.59,11.99
Fresh Direct,"Harmless Harvest Organic Coconut Water, Plastic Bottle",3,3,3.99,10.99
Fresh Direct,"Harmless Harvest Organic Coconut Water, Plastic Bottles",3,3,45.48,62.64
Fresh Direct,"The Mountain Valley Spring Water, Glass Bottle",3,3,2.29,3.99
Fresh Direct,"Wandering Bear Organic Extra Strong Cold Brew Coffee, Straight Black, Carton",3,3,5.99,47.99
Giant Eagle,"Clearly Canadian Sparkling Water Beverage, Mountain Blackberry",2,2,2.69,6.99
Giant Eagle,Coconut Water,2,2,1.79,3.99
Giant Eagle,Cream Soda,3,3,1.64,6.49
Giant Eagle,Original Lemonade Juice,2,2,1.99,2.99
Giant Eagle,Ozarka 100% Natural Spring Water,2,2,29.99,39.99
Giant Eagle,Stanton Orchards Tart Cherry Concentrate,2,2,26.99,34.99
Giant Eagle,"Stanton Orchards Tart Cherry Concentrate, 12 PK",2,2,168.0,320.0
Giant Eagle,"Stanton Orchards Tart Cherry Concentrate, 6 PK",2,2,114.0,156.0
Giant Eagle,"Starry Lemon Lime Soda, Caffeine Free, Mini Cans",2,2,5.49,6.99
Gittigidiyor,1 bottle kayseri market gilaburu juice 1 liter. without sugar ( guild - gilaboru ),2,2,22.75,28.75
Gittigidiyor,2 bottles kayseri market gilaburu juice 1 liter. without sugar ( guild - gilaboru ),2,2,39.0,54.0
Gittigidiyor,2 pieces black elderberry herbal mix syrup BIOTAMA 310 g new dated,2,2,79.1,117.4
Gittigidiyor,2 pieces kayseri market gilaburu juice nectar 1 lt. no added sugar,6,6,34.9,59.9
Gittigidiyor,2 pieces kayseri market without sugar gilaburu nectar juice 1 liter glass bottle,2,2,44.8,49.0
Gittigidiyor,2 pieces sunflower cherry flavored beverage powder 250 g free shipping,3,3,26.5,27.5
Gittigidiyor,2 pieces sunflower lemon flavored beverage powder 250 gr free shipping,3,3,26.5,27.5
Gittigidiyor,2 pieces sunflower mint-lemon flavored beverage powder 250 g free shipping,3,3,26.5,27.5
Gittigidiyor,2 pieces sunflower orange flavored beverage powder 250 gr free shipping,2,2,26.5,26.9
Gittigidiyor,3 pieces 1 liter simple organic blueberries shipping included shock,3,3,49.9,79.9
Gittigidiyor,3 pieces kayseri market gilaburu juice nectar 1 lt. no added sugar,6,6,53.9,84.9
Gittigidiyor,3 pieces sunflower lemon flavored beverage powder 250 gr free shipping,2,2,34.3,35.4
Gittigidiyor,3 pieces sunflower mint-lemon flavored beverage powder 250 g free shipping,2,2,34.3,34.9
Gittigidiyor,3 pieces sunflower orange flavored beverage powder 250 gr free shipping,2,2,34.3,34.9
Gittigidiyor,4 bottles kayseri market gilaburu juice 1 liter. without sugar ( guild - gilaboru ),3,3,69.9,99.9
Gittigidiyor,AVSAR CPLUS 200ml*24 lu lemon,4,4,29.9,43.9
Gittigidiyor,AVSAR CPLUS 200ml*6 of KARPUZ%CILEK,2,2,12.9,24.9
Gittigidiyor,Ak barracks kayseri market gilaburu juice 5 liters without sugar girebolu,4,4,43.9,62.9
Gittigidiyor,Aloe Drink 1.5 lt - aleo plant juice,2,2,34.9,39.9
Gittigidiyor,BIOREX COLLOIDAL silver water 1 liter - silver water - from trusted seller free and fast shipping,2,2,72.44,158.79
Gittigidiyor,"Ben organic organic apple juice, 1000 ml",2,2,16.56,23.06
Gittigidiyor,"Ben organic organic apricots & peach juice, 4 pcs x 250 ml",2,2,22.45,28.95
Gittigidiyor,"Ben organic organic black grape juice, 1000 ml",2,2,16.56,23.06
Gittigidiyor,"Ben organic organic black grape juice, 4 pcs x 250 ml",2,2,22.45,28.95
Gittigidiyor,"Ben organic organic cherry mixed juice, 6 nos x 200 ml",2,2,15.18,21.68
Gittigidiyor,"Ben organic organic mixed red juice, 1000 ml",2,2,16.56,23.06
Gittigidiyor,"Ben organic organic orange juice, 1000 ml",2,2,16.56,23.06
Gittigidiyor,"Ben organic organic orange juice, 4 pcs x 250 ml",2,2,24.93,31.43
Gittigidiyor,"Ben organic organic peach mixed juice, 6 nos x 200 ml",2,2,15.18,21.68
Gittigidiyor,"Ben organic organic pomegranate juice, 1000 ml",2,2,16.56,23.06
Gittigidiyor,"Ben organic organic with strawberry mixed juice, 6 nos x 200 ml",2,2,15.18,21.68
Gittigidiyor,"Big Tom spicy tomato juice, 750 ml",2,2,30.83,43.7
Gittigidiyor,CEMILEFENDI BALM juice 1 liter,2,2,23.0,31.9
Gittigidiyor,CEMILEFENDI black pepper juice 1 liter,2,2,24.0,32.8
Gittigidiyor,CEMILEFENDI dead nettle juice 1 liter,2,2,16.2,22.5
Gittigidiyor,CEMILEFENDI heather juice 1 lt,2,2,24.0,32.89
Gittigidiyor,CEMILEFENDI light root juice 1 liter,5,5,17.9,34.9
Gittigidiyor,CEMILEFENDI rosemary juice 1 liter,2,2,22.5,32.8
Gittigidiyor,CEMILEFENDI thyme juice 1 lt gelatinous,2,2,19.6,29.4
Gittigidiyor,Cafe crown latte sparkling coffee 24 pcs latte,2,2,19.99,27.99
Gittigidiyor,Cola angla 2.5 lt,3,3,5.58,14.98
Gittigidiyor,Dark Blue energy drink 24 x 250 ml,3,3,54.9,80.9
Gittigidiyor,Dark Blue energy drink 250 ml 24 pcs,2,2,66.9,69.9
Gittigidiyor,Dark Blue energy drink 250 ml x 12's,2,2,38.9,41.9
Gittigidiyor,Dark Blue energy drink 500 ml x 12's,2,2,45.9,48.9
Gittigidiyor,Dark blue energy flower 500 ml 24 pcs,2,2,76.9,79.9
Gittigidiyor,ERZINCAN KIZILAY mineral water cherry 24x200 ml,2,2,79.75,83.37
Gittigidiyor,ERZINCAN KIZILAY mineral water lemon 24x200 ml free korgo,2,2,79.75,87.73
Gittigidiyor,ERZINCAN KIZILAY mineral water simple 24x200 ml free korgo,2,2,52.5,53.68
Gittigidiyor,ERZINCAN KIZILAY mineral water watermelon with strawberry 24x200 ml free korgo,2,2,79.75,87.73
Gittigidiyor,"Exotic Coco Water leaching and coconut water drink, 250ml",2,2,8.51,15.01
Gittigidiyor,"Exotic Coco Water leaching and coconut water drink, 473ml",2,2,15.18,21.68
Gittigidiyor,Exotic Coco Water mango and coconut water drink 250ml,2,2,8.51,15.01
Gittigidiyor,Form juice 1 liter cemilefendi,2,2,15.8,20.8
Gittigidiyor,GILABURU nectar juice 1 liter KAYSERİ market,2,2,25.0,38.39
Gittigidiyor,"Ginseng Up Ginseng UP 3x Extra Ginseng juice drink, 207ml",2,2,15.41,21.91
Gittigidiyor,"Ginseng Up pineapple Ginseng juice drink, 355ml",2,2,15.41,21.91
Gittigidiyor,Golden Fruit naso powder drink 10 pcs 1.5 liters cold concentrated powder drink 10 units PEACH,4,4,9.9,19.9
Gittigidiyor,Golden Fruit naso powder drink 10 pcs 1.5 liters cold concentrated powder drink 10 units SOUR CHERRY,3,3,9.9,19.9
Gittigidiyor,Golden Fruit naso powder drink 10 pcs 1.5 liters cold concentrated powder drink 10 units lemon,4,4,9.9,19.9
Gittigidiyor,Golden Fruit naso powder drink 20 pcs 1.5 liters cold concentrated powder drink 20 pieces PEACH,4,4,15.9,25.9
Gittigidiyor,Golden Fruit naso powder drink 20 pcs 1.5 liters cold concentrated powder drink 20 pieces SOUR CHERRY,2,2,24.9,25.9
Gittigidiyor,Golden Fruit naso powder drink 20 pcs 1.5 liters cold concentrated powder drink 20 pieces lemon,4,4,15.9,25.9
Gittigidiyor,Golden Fruit naso powder drink 20 pcs 1.5 liters cold concentrated powder drink 20 pieces orange,4,4,15.9,25.9
Gittigidiyor,GÜLŞAH orange powder drink 300 gr 3 pcs,2,2,24.5,35.0
Gittigidiyor,Hell energy drink Multivitamin 250 ml set of 12,2,2,44.85,61.85
Gittigidiyor,KARAMÜRVER herbal mix syrup BIOTAMA 310 g new dated,2,2,51.6,58.5
Gittigidiyor,KIZILAY C PLUS LEMON 200 ml mineral water 24 pcs,2,2,44.9,54.0
Gittigidiyor,Lr aloe vera gel drink peach 1000 ml,2,2,82.9,96.0
Gittigidiyor,"Mastiqua 2 + 1 pc gifted Mastiqua Sparkling Drink, Mastiqua Soda, 330 ml",2,2,18.4,24.9
Gittigidiyor,Ori mint lemon flavored beverage powder mint and lemon tea i,2,2,5.9,14.9
Gittigidiyor,"Poly Lime flavored syrup, 700 ml",2,2,38.53,45.03
Gittigidiyor,"Poly bitter orange flavored syrup, 700ml",2,2,38.53,45.03
Gittigidiyor,"Poly caramel flavored syrup, 700 ml",2,2,38.53,45.03
Gittigidiyor,Poly fruit puree Mango 1 kg,2,2,41.45,54.45
Gittigidiyor,Poly fruit puree peach 1 kg,4,4,27.75,54.45
Gittigidiyor,"Poly green apple fruit puree, 1lt",2,2,58.65,65.15
Gittigidiyor,"Poly hazelnut flavored syrup, 700 ml",2,2,38.53,45.03
Gittigidiyor,"Poly kiwi flavored fruit puree, 1 lt",2,2,58.65,65.15
Gittigidiyor,"Poly kiwi flavored syrup, 700 ml",2,2,38.53,45.03
Gittigidiyor,"Poly lemon flavored syrup, 700 ml",2,2,38.53,45.03
Gittigidiyor,"Poly lemon fruit puree, 1lt",2,2,58.65,65.15
Gittigidiyor,"Poly melon flavored fruit puree, 1 lt",2,2,58.65,65.15
Gittigidiyor,"Poly mulberry flavored fruit puree, 1 lt",2,2,58.65,65.15
Gittigidiyor,"Poly pineapple fruit puree, 1lt",2,2,58.65,65.15
Gittigidiyor,"Poly pomegranate fruit puree, 1lt",2,2,58.65,65.15
Gittigidiyor,"Poly strawberry flavored syrup, 700 ml",2,2,38.53,45.03
Gittigidiyor,"Poly sugar syrup flavored syrup, 700 ml",2,2,38.53,45.03
Gittigidiyor,"Poly vanilla flavored syrup, 700 ml",2,2,38.53,45.03
Gittigidiyor,"Poly watermelon fruit puree, 1lt",2,2,58.65,65.15
Gittigidiyor,VISPO mint lemon flavored powder drink,2,2,9.9,15.0
Gittigidiyor,VISPO orange flavored powder drink,2,2,9.9,15.0
Gittigidiyor,VISPO orange flavored powder drink x 2 pcs,2,2,19.0,25.0
Gittigidiyor,abant 5 lt natural spring water four pieces,2,2,46.3,49.3
Gittigidiyor,abant 5 lt natural spring water four pieces package sales 5x4,2,2,34.0,49.3
Gittigidiyor,abant pet water 0.33 ml 24 pcs,2,2,36.4,37.2
Gittigidiyor,aegean lokman aromatic bay water 1 liter natural pure l bottle,2,2,25.98,36.98
Gittigidiyor,aegean lokman aromatic pine water 1 lt natural pure l bottle,2,2,25.68,38.68
Gittigidiyor,aegean lokman artichoke juice 1 lt,10,10,13.15,33.75
Gittigidiyor,aegean lokman azalea juice 1 lt,4,4,14.52,28.95
Gittigidiyor,aegean lokman azalea juice pet bottle 1 lt,2,2,20.95,36.95
Gittigidiyor,aegean lokman ball thyme juice 1 lt,13,13,13.45,28.15
Gittigidiyor,aegean lokman bay juice 1 lt,10,10,9.86,38.85
Gittigidiyor,aegean lokman bay juice pet bottle 1 lt,2,2,19.36,35.36
Gittigidiyor,aegean lokman black thyme juice 1 liter,7,7,15.12,36.78
Gittigidiyor,aegean lokman chamomile juice 1 lt,8,8,13.46,36.93
Gittigidiyor,aegean lokman chamomile juice 1 lt natural pure unadulterated l bottle,2,2,25.59,38.59
Gittigidiyor,aegean lokman chaste water pet bottle 1 lt,2,2,20.56,36.56
Gittigidiyor,aegean lokman fennel juice 1 lt,8,8,16.34,30.95
Gittigidiyor,aegean lokman fennel juice 1 lt natural pure unadulterated l bottle,2,2,25.59,38.59
Gittigidiyor,aegean lokman fennel juice pet bottle 1 lt,2,2,21.95,37.95
Gittigidiyor,aegean lokman hint water 1 lt,9,9,14.8,37.46
Gittigidiyor,aegean lokman hint water pet bottle 1 lt,2,2,20.58,36.58
Gittigidiyor,aegean lokman karabaş juice 1 lt,8,8,11.22,28.39
Gittigidiyor,aegean lokman karabaş juice pet bottle 1 lt,2,2,20.56,36.56
Gittigidiyor,aegean lokman lavender water pet bottle 1 lt,2,2,15.42,36.56
Gittigidiyor,aegean lokman lemon juice 1 liter bottle natural pure unadulterated,2,2,27.37,40.37
Gittigidiyor,aegean lokman lemon juice 1 lt,9,9,15.95,34.85
Gittigidiyor,aegean lokman menthol juice 1 lt,14,14,15.96,33.75
Gittigidiyor,aegean lokman myrtle juice 1 liter bottle natural pure unadulterated,2,2,25.59,38.59
Gittigidiyor,aegean lokman myrtle juice 1 lt,5,5,11.95,32.24
Gittigidiyor,aegean lokman nettle juice 1 lt,7,7,11.28,28.9
Gittigidiyor,aegean lokman never dying flower juice 1 liter,12,12,16.34,41.85
Gittigidiyor,aegean lokman never dying flower juice 1lt liter pet goldengrass juice,4,4,25.08,38.59
Gittigidiyor,aegean lokman rosemary juice 1 lt,9,9,13.15,38.95
Gittigidiyor,aegean lokman rosemary juice 1 lt natural pure l bottle,3,3,25.59,38.59
Gittigidiyor,aegean lokman sage juice 1 lt l aromatic sage tea juices,3,3,25.59,38.59
Gittigidiyor,aegean lokman vegetable azalea juice 1 liter pet pure natural bottle,2,2,22.5,33.5
Gittigidiyor,aegean lokman vegetable jaggery 1 liter natural pure l bottle,2,2,32.0,45.0
Gittigidiyor,aegean lokman vegetable menthol water 1l Litre bottle natural Menthol,2,2,22.58,33.58
Gittigidiyor,aksu vital EXTRACT artichoke juice 500 ml,3,3,30.1,43.2
Gittigidiyor,aksu vital EXTRACT ÇAKŞIR grass root juice 500 ml,3,3,30.6,44.9
Gittigidiyor,aksu vital shiffa home organic gilaburu nectar 1 liter,3,3,29.4,44.1
Gittigidiyor,aksuvital shifta home organic gilaburu nectar 1 lt,2,2,28.89,42.02
Gittigidiyor,akzer chamomile juice 1 l.,3,3,22.9,42.0
Gittigidiyor,akzer nettle juice 1 liter.,2,2,19.9,38.0
Gittigidiyor,akzer rosemary juice 1 liter.,3,3,19.9,38.0
Gittigidiyor,akzer thyme juice 1 lt.,2,2,25.0,26.9
Gittigidiyor,akzer ÇAKŞIR grass juice 1 liter.,4,4,24.9,42.0
Gittigidiyor,aromatic sumac juice pet bottle 1 lt,3,3,20.0,36.0
Gittigidiyor,avşar mineral water fruity currant black mulberry,2,2,20.0,25.0
Gittigidiyor,axu vital black mulberry extracted syrup 100 ml 100% natural without additives,5,5,15.9,23.9
Gittigidiyor,axu vital extracted Funda juice 500 ml,7,7,21.99,39.99
Gittigidiyor,axu vital extracted artichoke juice 500 ml,2,2,29.9,39.9
Gittigidiyor,axu vital extracted artichoke juice 500 ml 100% natural without additives,10,10,26.9,39.9
Gittigidiyor,axu vital extracted bluegrass juice 500 ml,2,2,30.6,39.99
Gittigidiyor,axu vital extracted chamomile juice 500 ml,4,4,30.6,51.29
Gittigidiyor,axu vital extracted chamomile juice 500 ml natural,10,10,21.25,39.5
Gittigidiyor,axu vital extracted heather water 500 ml natural,2,2,28.4,36.4
Gittigidiyor,axu vital extracted light juice 500 ml cayenne root 500 ml,7,7,21.25,39.95
Gittigidiyor,axu vital extracted rosemary juice 500 ml,4,4,22.0,39.99
Gittigidiyor,axu vital extracted rosemary juice 500 ml natural,6,6,21.25,46.9
Gittigidiyor,axu vital extracted thyme juice 1 lt 100% natural without additives,4,4,14.75,27.9
Gittigidiyor,axu vital rosemary juice extracted 500 ml Aroma candy preservative free,2,2,54.5,54.9
Gittigidiyor,axuvital extracted chamomile juice 500ml,2,2,40.6,46.6
Gittigidiyor,axuvital extracted light juice 500ml axu vital cayenne root,7,7,22.39,34.65
Gittigidiyor,axuvital pure rose water 250 ml,2,2,37.0,45.13
Gittigidiyor,axuvital rose water - 250 ml,2,2,14.95,20.0
Gittigidiyor,azalea juice pet bottle 1 lt,5,5,16.0,31.9
Gittigidiyor,bay water pet bottle 1 lt,4,4,20.0,35.0
Gittigidiyor,benorganic grape juice 1 liter set of 2,2,2,27.99,37.7
Gittigidiyor,benorganic orange juice 1 liter set of 2,2,2,31.77,37.7
Gittigidiyor,benorganic orange juice 1 liter set of 3,2,2,44.33,52.06
Gittigidiyor,beypazari mineral water 24 pcs,4,4,30.5,44.9
Gittigidiyor,beypazari mineral water 6 of,2,2,12.9,22.9
Gittigidiyor,beypazari natural mineral water 6 of,4,4,5.83,19.99
Gittigidiyor,beypazarı tangerine flavored mineral water 24 x 200 ml,2,2,34.9,36.9
Gittigidiyor,biofood distillation organic myrtle juice 500ml,3,3,30.0,49.0
Gittigidiyor,biofood distillation organic nettle juice 500ml,3,3,27.1,39.0
Gittigidiyor,biofood distillation organic rosemary juice 500ml,4,4,29.5,39.99
Gittigidiyor,biofood distillation organic sage juice 500ml,4,4,29.5,39.99
Gittigidiyor,biofood distillation organic thyme juice 500ml,3,3,24.6,35.0
Gittigidiyor,black bruin energy drink 500 ml,2,2,95.9,109.9
Gittigidiyor,black elderberry herbal mix syrup BIOTAMA 310 g new dated,2,2,51.6,58.5
Gittigidiyor,black elderberry syrup 310 g BIOTAMA new dated,2,2,51.6,58.5
Gittigidiyor,black pepper juice 1 liter cemilefendi,2,2,15.59,20.59
Gittigidiyor,cafe crown Mocha 24 pcs,2,2,19.9,27.9
Gittigidiyor,camlica 2.5 lt orange flavored soda,3,3,5.82,14.98
Gittigidiyor,camlica 2.5 lt soda,3,3,5.82,14.98
Gittigidiyor,camlica lemon flavored soda 2.5 lt,3,3,6.47,15.27
Gittigidiyor,camlica orange 1.5 lt,3,3,4.63,13.47
Gittigidiyor,camlica soda 1.5 lt (12 pieces),2,2,37.49,63.49
Gittigidiyor,cemilefendi artichoke juice 1 lt new dated distillation,2,2,17.0,29.0
Gittigidiyor,cemilefendi chamomile juice 1 l,2,2,30.9,56.9
Gittigidiyor,cemilefendi gilaburu nectar juice 1 liter,2,2,19.9,24.9
Gittigidiyor,cemilefendi goshir root juice 1 liter,4,4,18.6,56.9
Gittigidiyor,cemilefendi thyme juice 1 lt,5,5,9.9,56.9
Gittigidiyor,cemilefendi thyme juice gelatinous 1 l,2,2,9.8,22.5
Gittigidiyor,chamomile juice 1 l,2,2,21.96,27.96
Gittigidiyor,chamomile juice 1 l cemilefendi,2,2,13.49,18.49
Gittigidiyor,chamomile juice pet bottle 1 lt,4,4,15.0,31.0
Gittigidiyor,chaste water pet bottle 1 lt,3,3,22.0,31.0
Gittigidiyor,cheapest* naso 24 pcs SOUR CHERRY powder drink (1.5 liters) (1 box) juice NO calorie WITHOUT SUGAR flavor,2,2,22.5,25.0
Gittigidiyor,cocoon disposable cocktail mixed fruit flavored powder drink,6,6,9.9,21.28
Gittigidiyor,cocoon disposable milky strawberry flavored powder drink,6,6,9.9,21.28
Gittigidiyor,cocoon mint lemon flavored beverage powder 2' li pack special campaign,3,3,27.99,39.99
Gittigidiyor,cocoon mint lemon flavored beverage powder 50 pcs 2' li pack special campaign,2,2,52.1,54.1
Gittigidiyor,country cafe Crown Choco latte 17 grx24,2,2,23.59,35.13
Gittigidiyor,country cafe Crown latte coffee 17 grx24 (coffee),2,2,27.49,32.49
Gittigidiyor,dead nettle juice 1 liter cemilefendi,3,3,16.0,26.8
Gittigidiyor,doganay turnip hot water 1 liter x 12,2,2,42.48,60.48
Gittigidiyor,doganay turnip hot water 1 lt (12 pieces),2,2,42.48,60.48
Gittigidiyor,doganay turnip juice 300 ml simple painless,2,2,1.76,8.39
Gittigidiyor,doganay turnip juice painless 1 liter x 12,2,2,42.48,60.48
Gittigidiyor,doganay turnip painless 330 ml (24 pcs),2,2,48.49,67.49
Gittigidiyor,doganay turnip spicy 330 ml (24 pcs),2,2,42.59,61.59
Gittigidiyor,ege lokman dick juice 1 liter Echinapora Tenuifola natural pure,2,2,25.59,38.59
Gittigidiyor,ege lokman dick juice 1 lt,10,10,16.34,38.75
Gittigidiyor,ege lokman heather juice 1 liter bottle natural pure unadulterated,3,3,25.68,38.68
Gittigidiyor,ege lokman heather juice 1 lt,7,7,13.15,26.63
Gittigidiyor,ege lokman pine water 1 lt,8,8,10.94,32.99
Gittigidiyor,ege lokman pine water pet bottle 1 lt,2,2,15.49,31.49
Gittigidiyor,eucalyptus juice 1 liter cemilefendi,2,2,16.0,21.0
Gittigidiyor,fennel juice 1 liter,2,2,23.03,29.03
Gittigidiyor,fennel juice pet bottle 1 lt,4,4,19.0,34.9
Gittigidiyor,fennel tea with humana cumin,3,3,26.75,59.9
Gittigidiyor,fuska natural baby juice 12*200 ml healthy LIME-FREE HYGIENIC baby water FOR BABIES special production,2,2,13.99,19.0
Gittigidiyor,gilaburi juice 500 ML,5,5,23.0,39.9
Gittigidiyor,gilaburu juice 2 bottle KAYSERİ market 2lt.glass bottle,2,2,35.0,39.0
Gittigidiyor,gilaburu nectar - without sugar - kayseri market 1lt fresh tight,6,6,19.99,49.0
Gittigidiyor,gilaburu nectar 1 liter,5,5,30.96,55.0
Gittigidiyor,gilaburu nectar 1 lt cemilefendi,2,2,23.51,28.51
Gittigidiyor,gilaburu nectar 500 ML without sugar,2,2,20.0,35.0
Gittigidiyor,gilaburu nectar in kayseri market 1 lt,9,9,19.75,44.35
Gittigidiyor,glass water pet bottle 1 lt,4,4,19.0,34.0
Gittigidiyor,goshir root juice 1 liter cemilefendi,2,2,16.11,21.11
Gittigidiyor,gusse basement tangerine ( Satsuma) flavored cocktail syrup 70 cl,2,2,26.9,43.2
Gittigidiyor,gusse black mulberry ( Black Mulberry) flavored cocktail syrup 70 cl,3,3,33.5,48.51
Gittigidiyor,gusse blue strawberry Frozen ( Blue Strawberry) fruit puree 1.1 kg,2,2,49.9,71.27
Gittigidiyor,gusse cranberry Frozen ( Cranberry) fruit puree 1.1 kg,2,2,39.9,65.34
Gittigidiyor,gusse elderflower ( Elder Flower) flavored cocktail syrup 70 cl,3,3,26.9,54.89
Gittigidiyor,gusse lemon ( Lemon) Frozen fruit puree 1.1 kg,2,2,49.9,64.79
Gittigidiyor,gusse lime ( Lime Lemon) flavored cocktail syrup 70 cl,3,3,26.9,37.9
Gittigidiyor,gusse lime ( Lime) flavored cocktail syrup 70 cl,2,2,44.1,54.89
Gittigidiyor,gusse lime Frozen ( Lime Lemon) fruit puree 1.1 kg,2,2,49.9,64.79
Gittigidiyor,gusse lychee ( Lychee) flavored cocktail syrup 70 cl,2,2,39.9,54.89
Gittigidiyor,gusse mint ( Mint) flavored cocktail syrup 70 cl,2,2,39.9,53.71
Gittigidiyor,gusse passionflower ( Passion Fruit) flavored cocktail syrup 70 cl,2,2,34.9,54.89
Gittigidiyor,gusse rose ( Rose) flavored cocktail syrup 70 cl,2,2,22.5,48.51
Gittigidiyor,gusse smoke ( Smoke) flavored cocktail syrup 70 cl,2,2,26.9,39.2
Gittigidiyor,gusse sugar syrup,2,2,19.4,26.9
Gittigidiyor,heather juice 1 lt cemilefendi,2,2,14.12,19.12
Gittigidiyor,heather water pet bottle 1 lt,4,4,16.0,30.0
Gittigidiyor,hochwald coffee cream 7.5 ml x 10 units,2,2,8.26,15.26
Gittigidiyor,immortelle flower water pet bottle 1 lt,2,2,20.0,35.0
Gittigidiyor,juice 1 liter,2,2,24.81,35.81
Gittigidiyor,kayseri market gilaburu juice 1 liter candy additional,9,9,17.5,37.25
Gittigidiyor,kayseri market gilaburu juice 1 liter no added sugar,13,13,15.75,40.9
Gittigidiyor,kayseri market gilaburu juice 1 liter without sugar girebolu glass bottle healthy packaging,3,3,22.9,27.99
Gittigidiyor,kayseri market gilaburu juice no added sugar 1 liter,3,3,29.9,39.9
Gittigidiyor,kayseri market gilaburu juice without sugar 1lt,3,3,42.9,61.9
Gittigidiyor,kayseri market gilaburu nectar 1 lt l natural pure glass bottle,3,3,34.6,45.6
Gittigidiyor,kayseri market gilaburu nectar 1 lt without sugar,3,3,27.75,42.89
Gittigidiyor,kayseri market gilaburu nectar 1 lt. - candy additional,2,2,31.4,42.2
Gittigidiyor,kayseri market gilaburu nectar 1 lt. - candy additional glass bottle,6,6,17.9,34.9
Gittigidiyor,kayseri market gilaburu nectar 1 lt. - no added sugar glass bottle,7,7,17.9,34.9
Gittigidiyor,kayseri market organic gilaburu nectar 1 lt. - no added sugar,2,2,31.4,44.1
Gittigidiyor,kayseri market without sugar gilaburu nectar juice 1 liter glass bottle,3,3,25.0,37.9
Gittigidiyor,kemal roars painless turnip juice Pet 1 liter x 12,3,3,31.57,52.9
Gittigidiyor,kemal roars painless turnip juice Pet 1 lt (12 pieces),2,2,34.9,52.9
Gittigidiyor,kemal roars spicy turnip juice pet 1 liter x 12,4,4,31.57,52.9
Gittigidiyor,kemal roars spicy turnip juice pet 1 lt (12 pieces),2,2,34.9,52.9
Gittigidiyor,lavender water pet bottle 1 lt,5,5,19.0,36.9
Gittigidiyor,leave of daphne juice 1 liter cemilefendi,2,2,12.0,17.0
Gittigidiyor,lemon balm pet bottle 1 lt,6,6,21.0,44.9
Gittigidiyor,life natural mineral baby water 24 pcs * 330 ml-new URUNSONKLLMA TARIH-18-03-2020,2,2,51.9,52.9
Gittigidiyor,life natural mineral baby water 6s,4,4,8.9,17.9
Gittigidiyor,life water 330 ml baby water 6x330 ml,2,2,16.55,18.77
Gittigidiyor,lobas natural pomegranate syrup essence 340 gr,11,11,16.8,29.15
Gittigidiyor,lobas pomegranate syrup essence 340 gr,2,2,18.5,28.5
Gittigidiyor,mego apricot 200 cc box 27 Lİ,2,2,21.9,31.9
Gittigidiyor,mego apricot juice 1 liter x 12,2,2,33.93,52.93
Gittigidiyor,mego apricot juice 1 lt (12 pieces),3,3,41.9,61.9
Gittigidiyor,mego apricot juice 200 ml (27 pieces),7,7,22.99,37.87
Gittigidiyor,mego apricot juice 200 ml x 27,2,2,21.49,33.49
Gittigidiyor,mego peach juice 1 lt (12 pieces),3,3,41.9,61.9
Gittigidiyor,mego peach juice 200 ml (27 pieces),7,7,22.99,37.87
Gittigidiyor,mego sour cherry juice 200 ml (27 pieces),7,7,22.99,37.87
Gittigidiyor,menthol water pet bottle 1 lt,4,4,15.0,31.9
Gittigidiyor,moonrise lemonade 1 lt Campet,2,2,4.4,13.24
Gittigidiyor,moonrise spicy turnip juice 300 ml,2,2,6.99,97.3
Gittigidiyor,myrtle juice 1 liter cemilefendi,2,2,14.9,19.9
Gittigidiyor,naren apple- pomegranate- orange 250 ml set of 12,2,2,73.67,79.69
Gittigidiyor,naren apple- pomegranate- orange 250 ml set of 3,2,2,25.68,27.59
Gittigidiyor,naren apple- pomegranate- orange 250 ml set of 6,2,2,36.52,43.34
Gittigidiyor,naren pomegranate juice 250 ml set of 12,2,2,65.91,80.08
Gittigidiyor,naren pomegranate juice 250 ml set of 3,3,3,20.99,27.59
Gittigidiyor,naren pomegranate juice 250 ml set of 6,3,3,36.52,45.09
Gittigidiyor,naren squeezing lemonade 250 ml set of 2,3,3,14.07,19.72
Gittigidiyor,naren squeezing lemonade 250 ml set of 3,4,4,18.49,25.52
Gittigidiyor,naren squeezing lemonade 250 ml set of 6,3,3,31.51,41.08
Gittigidiyor,naso powder drink 24 qty 1.5 liters cold powder drink lemon sour cherry orange peach mixed,2,2,25.9,35.9
Gittigidiyor,naso powder drink 9 gr 12 pcs lemon,2,2,31.29,35.18
Gittigidiyor,naso powder drink 96 qty 1.5 liters cold powder drink PEACH 4 boxes,2,2,124.9,134.9
Gittigidiyor,naso powder drink 96 qty 1.5 liters cold powder drink SOUR CHERRY 4 boxes,2,2,124.9,134.9
Gittigidiyor,naso powder drink 96 qty 1.5 liters cold powder drink SOUR CHERRY orange PEACH lemon mixed 4 boxes,4,4,124.9,134.9
Gittigidiyor,naso powder drink 96 qty 1.5 liters cold powder drink SOUR CHERRY orange PEACH lemon mixed fruit juice,2,2,124.9,134.9
Gittigidiyor,naso powder drink 96 qty 1.5 liters cold powder drink lemon 4 boxes,2,2,124.9,134.9
Gittigidiyor,naso powder drink 96 qty 1.5 liters cold powder drink orange 4 boxes,2,2,124.9,134.9
Gittigidiyor,naso powder drink juice 24 qty 1.5 liters concentrated cold powder drink lemon,2,2,25.9,35.9
Gittigidiyor,naso powder drink juice 24 qty 1.5 liters concentrated cold powder drink sour cherry,2,2,25.9,35.9
Gittigidiyor,new victory soda simple 24 x 200 ml,2,2,62.9,64.0
Gittigidiyor,nigde soda 200 ml glass bottle 24 packs,2,2,62.0,69.9
Gittigidiyor,nurs lokman physician lemon parsley garlic dry 30 softgels,4,4,15.0,24.75
Gittigidiyor,old victory soda tangerine flavored 24 x 200 ml,2,2,62.0,65.0
Gittigidiyor,organic apple juice - 1 lt - Ben Organic,2,2,29.3,39.4
Gittigidiyor,organic with strawberry juice - 200ml - Ben Organic,2,2,12.5,18.0
Gittigidiyor,original pine water 1 lt,2,2,30.9,40.9
Gittigidiyor,oze Mango porridge 1000 gr,4,4,39.9,59.9
Gittigidiyor,oze Mango syrup 75 cl.,2,2,29.9,39.9
Gittigidiyor,oze almond syrup 75 cl.,2,2,29.9,39.9
Gittigidiyor,oze apple syrup 75 cl.,2,2,29.9,39.9
Gittigidiyor,oze banana fruit puree 1000 gr,4,4,39.9,59.9
Gittigidiyor,oze banana syrup 75 cl.,2,2,29.9,39.9
Gittigidiyor,oze bitter orange syrup 75 cl.,2,2,29.9,39.9
Gittigidiyor,oze black mulberry porridge 1000 gr,4,4,39.9,59.9
Gittigidiyor,oze blackberry syrup 75 cl.,3,3,29.9,39.9
Gittigidiyor,oze caramel syrup 75 cl.,3,3,29.9,39.9
Gittigidiyor,oze hazelnut syrup 75 cl.,2,2,29.9,39.9
Gittigidiyor,oze kiwi fruit puree 1000 gr,4,4,39.9,59.9
Gittigidiyor,oze kiwi syrup 75 cl.,2,2,29.9,39.9
Gittigidiyor,oze lemon porridge 1000 gr,3,3,39.9,59.9
Gittigidiyor,oze lemon syrup 75 cl.,3,3,29.9,39.9
Gittigidiyor,oze mastic gum syrup 75 cl.,2,2,29.9,39.9
Gittigidiyor,oze melon syrup 75 cl.,2,2,29.9,39.9
Gittigidiyor,oze mint syrup 75 cl.,3,3,29.9,39.9
Gittigidiyor,oze peach puree 1000 gr,4,4,39.9,59.9
Gittigidiyor,oze peach syrup 75 cl.,2,2,29.9,39.9
Gittigidiyor,oze pineapple syrup 75 cl.,2,2,29.9,39.9
Gittigidiyor,oze pomegranate syrup 75 cl.,4,4,24.9,39.9
Gittigidiyor,oze sour cherry porridge 1000 gr,3,3,39.9,59.9
Gittigidiyor,oze strawberry syrup 75 cl.,4,4,29.9,39.9
Gittigidiyor,oze sugar syrup 75 cl.,2,2,29.9,39.9
Gittigidiyor,oze vanilla syrup 75 cl.,3,3,29.9,39.9
Gittigidiyor,oze watermelon porridge 1000 gr,4,4,39.9,59.9
Gittigidiyor,oze watermelon syrup 75 cl.,2,2,29.9,39.9
Gittigidiyor,oztekins gilsu kayseri market gilaburu juice 5 liters without sugar girebolu,6,6,39.9,549.0
Gittigidiyor,pine kindling juice 500 ML,4,4,29.0,44.0
Gittigidiyor,pine water 1 lt,105,105,10.94,158.0
Gittigidiyor,plain organic cranberry juice 1 liter ( free shipping ),2,2,49.1,49.9
Gittigidiyor,plum water 0.33 liters (24 pcs),2,2,14.9,31.9
Gittigidiyor,plum water 0.33 liters x 24,2,2,14.9,31.9
Gittigidiyor,plum water 0.5 lt (24 pcs),2,2,15.49,34.49
Gittigidiyor,poly- milky banana flavored beverage powder 500 gr,2,2,21.9,33.3
Gittigidiyor,poly- orange flavored beverage powder 500 gr,2,2,19.9,21.9
Gittigidiyor,ralila organic black grapes juice 200 ml,4,4,9.5,14.9
Gittigidiyor,ralila organic tomato juice 200 ml,2,2,8.5,13.5
Gittigidiyor,red crescent Premium mineral water 24 x 250 ml - extra with vitamin c lemon flavored,2,2,45.25,55.2
Gittigidiyor,red crescent Premium mineral water 24 x 250 ml - mandarin juice includes,2,2,45.25,55.2
Gittigidiyor,red crescent Premium mineral water 24 x 250 ml - melon juice includes,2,2,45.25,55.2
Gittigidiyor,red crescent Premium mineral water 24 x 250 ml - orange biscuit flavored - apple juice includes,3,3,45.25,55.2
Gittigidiyor,red crescent Premium mineral water 24 x 250 ml - pear juice includes,2,2,45.25,55.2
Gittigidiyor,red crescent Premium mineral water 24 x 250 ml - pomegranate juice includes,5,5,39.9,84.99
Gittigidiyor,red crescent mineral water 24 x 200 ml,2,2,23.5,38.53
Gittigidiyor,red crescent mineral water 24 x 200 ml - apple flavored,3,3,28.5,43.7
Gittigidiyor,red crescent mineral water 24 x 200 ml - cherry flavored,4,4,27.5,43.7
Gittigidiyor,red crescent mineral water 24 x 200 ml - lemon flavored,2,2,31.75,43.7
Gittigidiyor,red crescent mineral water 24 x 200 ml - watermelon strawberry flavoured,3,3,28.5,43.7
Gittigidiyor,rock %100 coconut water Coconut Water 490 ml,12,12,16.52,36.25
Gittigidiyor,rock %100 coconut water Coconut water 400 ml,2,2,16.52,23.52
Gittigidiyor,rock %80 coconut water pulped 490 ml,8,8,13.25,32.25
Gittigidiyor,rock coconut water 490 ml,2,2,20.95,30.69
Gittigidiyor,rosemary juice 1 liter,2,2,24.81,30.81
Gittigidiyor,rosemary juice 1 liter cemilefendi,2,2,15.85,20.85
Gittigidiyor,sage juice 1 liter,2,2,24.81,30.81
Gittigidiyor,sage juice pet bottle 1 lt,3,3,19.0,34.9
Gittigidiyor,sazlıca organic gilaburu nectar ( juice) 1 lt. - glass bottle,3,3,24.5,31.9
Gittigidiyor,sazlıca organic gilaburu nectar ( juice) 1 lt. glass bottle,2,2,24.1,36.3
Gittigidiyor,sazlıca organic gilaburu nectar 1000 ml,3,3,18.9,28.9
Gittigidiyor,sazlıca organic gilaburu nectar 500 ml,5,5,15.75,26.9
Gittigidiyor,seven days 1 liter x 12,2,2,35.4,54.4
Gittigidiyor,seven days 1 lt (12 pieces),4,4,35.4,57.75
Gittigidiyor,seven days 1 lt orange Pet,3,3,4.64,13.47
Gittigidiyor,seven days 2.5 lt,2,2,5.87,12.47
Gittigidiyor,seven days mandarin 2.5 lt,2,2,5.86,14.69
Gittigidiyor,seven days orange 2.5 lt,3,3,5.86,14.69
Gittigidiyor,shock campaign shock price in istanbul shipping included 12ADET330ML muharremoğlu Limonata%100 organic glucose free!,2,2,45.0,45.5
Gittigidiyor,sunflower black mulberry flavored powder drink 250 gr.,3,3,4.9,14.14
Gittigidiyor,sunflower cherry flavored beverage powder 250 g,2,2,6.8,6.9
Gittigidiyor,sunflower cherry flavored beverage powder 250 g free shipping,2,2,17.6,17.9
Gittigidiyor,sunflower cherry flavored beverage powder 250 g.,3,3,4.9,9.9
Gittigidiyor,sunflower kiwi flavored powder drink 250 gr.,4,4,4.9,14.14
Gittigidiyor,sunflower lemon flavored beverage powder 250 gr,2,2,6.8,6.9
Gittigidiyor,sunflower lemon flavored beverage powder 250 gr free shipping,2,2,17.6,17.9
Gittigidiyor,sunflower lemon flavored powder drink 250 gr.,2,2,4.9,9.9
Gittigidiyor,sunflower mint and lemon ( menthol) powder drink 250 gr.,4,4,4.9,14.14
Gittigidiyor,sunflower mint-lemon flavored beverage powder 250 g,3,3,6.8,14.9
Gittigidiyor,sunflower mint-lemon flavored beverage powder 250 g free shipping,2,2,17.6,17.9
Gittigidiyor,sunflower orange flavored beverage powder 250 gr,2,2,6.8,6.9
Gittigidiyor,sunflower orange flavored beverage powder 250 gr free shipping,2,2,17.6,17.9
Gittigidiyor,sunflower orange flavored powder drink 250 gr oral,4,4,4.9,14.14
Gittigidiyor,sunflower peach flavored beverage powder 250 g.,3,3,4.9,14.14
Gittigidiyor,sunflower pomegranate flavored powder drink 250 gr.,3,3,4.9,14.14
Gittigidiyor,sunflower sahlep flavored powder drink 250 gr. sahlep,3,3,4.9,14.14
Gittigidiyor,sweden elixir syrup 500 ml original product,2,2,52.9,57.9
Gittigidiyor,thanks Vitamin Water Men Power 500 ml,3,3,10.99,22.9
Gittigidiyor,"thanks Vitamin Water Men Power, 4x500ml",2,2,18.17,24.67
Gittigidiyor,thanks Water Antioxidant 500 ml,4,4,8.61,19.9
Gittigidiyor,thanks Water Antioxidant 500 ml set of 12,3,3,46.25,59.86
Gittigidiyor,thanks Water Antioxidant 500 ml set of 4,3,3,20.41,27.43
Gittigidiyor,thanks Water Antioxidant 500 ml set of 6,3,3,27.41,36.38
Gittigidiyor,thanks Water Men Power 500 ml,3,3,11.5,20.0
Gittigidiyor,thanks Water Men Power 500 ml set of 12,4,4,47.99,65.01
Gittigidiyor,thanks Water Men Power 500 ml set of 6,3,3,29.5,30.9
Gittigidiyor,thanks Water Women Fit 500 ml,3,3,8.96,13.11
Gittigidiyor,thanks Water multi-v 500 ml,2,2,12.71,13.11
Gittigidiyor,thanks Water multi-v 500 ml set of 12,2,2,53.22,60.95
Gittigidiyor,"the life co Agave, lemon and paprika beverage powder 250gr",2,2,49.9,54.9
Gittigidiyor,the life co mango organic coconut drink 250ml,2,2,32.9,37.9
Gittigidiyor,the life co organic agave syrup 6.3kg,4,4,589.9,697.0
Gittigidiyor,thyme juice 1000ml,4,4,17.0,34.9
Gittigidiyor,thyme juice 1500ml,2,2,26.28,32.28
Gittigidiyor,thyme juice 1lt cemilefendi,2,2,11.14,16.14
Gittigidiyor,thyme juice axu vital 1 liter,4,4,24.5,37.3
Gittigidiyor,thyme juice gelatinous 1 lt cemilefendi,2,2,11.98,16.98
Gittigidiyor,thyme juice glass bottle 1 lt cemilefendi,2,2,14.75,19.75
Gittigidiyor,to the foe Apple apple powder drink real fruit flavored 24 qty 1.5 liters,4,4,26.9,40.9
Gittigidiyor,to the foe Mango powder drink 24 pcs one drinker a quality powdered juice cold drink,4,4,11.9,29.9
Gittigidiyor,to the foe Mango powder drink juice 1 pack of 24 pcs one drinker,4,4,15.9,29.9
Gittigidiyor,to the foe Mango powder drink real fruit flavored 24 qty 1.5 liters,6,6,26.9,40.9
Gittigidiyor,to the foe Mango powder drink real fruit flavored 24x1.5 liters,2,2,23.9,25.9
Gittigidiyor,to the foe apple powder drink juice 1 pack of 24 pcs one drinker,4,4,15.9,29.9
Gittigidiyor,to the foe apricot powder drink juice 1 pack of 24 pcs one drinker,4,4,15.9,29.9
Gittigidiyor,to the foe banana powder drink juice 1 pack of 24 pcs one drinker,2,2,15.9,19.9
Gittigidiyor,to the foe forest fruit ( vimto ) powder drink 24 pcs one drinker a quality powdered juice cold drink,3,3,19.9,29.9
Gittigidiyor,to the foe kiwi powder drink juice 1 pack of 24 pcs one drinker,2,2,15.9,19.9
Gittigidiyor,to the foe mulberry powder drink juice 1 pack of 24 pcs one drinker,2,2,19.9,28.9
Gittigidiyor,to the foe orange powder drink juice 1 pack of 24 pcs one drinker,4,4,15.9,29.9
Gittigidiyor,to the foe orange powder drink real fruit flavored 24 qty 1.5 liters,7,7,20.9,40.9
Gittigidiyor,to the foe peach powder drink real fruit flavored 24 qty 1.5 liters,7,7,22.9,40.9
Gittigidiyor,to the foe pineapple powder drink 24 pcs one drinker a quality powdered juice cold drink,4,4,11.9,29.9
Gittigidiyor,to the foe pineapple powder drink juice 1 pack of 24 pcs one drinker,2,2,15.9,19.9
Gittigidiyor,to the foe pomegranate powder drink juice 1 pack of 24 pcs one drinker,2,2,28.9,29.9
Gittigidiyor,to the foe sour cherry powder drink juice 1 pack of 24 pcs one drinker,4,4,15.9,29.9
Gittigidiyor,to the foe strawberry powder drink juice 1 pack of 24 pcs one drinker,4,4,15.9,29.9
Gittigidiyor,torque Noon carbonated beverage 10 x 250 ml,3,3,42.42,45.5
Gittigidiyor,torque burgundy turnip juice 1 lt spicy bottle,3,3,3.82,12.95
Gittigidiyor,water 5 liter abant 5 lt natural spring water 2 packs sales two piece total price,2,2,19.8,29.3
Gittigidiyor,yarrow juice 1lt cemilefendi,2,2,15.0,20.0
Gittigidiyor,ÇAKŞIR juice 1 liter NURSIMA brand high quality,2,2,19.5,31.5
Greenweez,apple juice Bio ékolo,2,2,1.27,2.65
Greenweez,coconut water bio dr. goerg,2,2,1.95,5.69
Greenweez,juice mango apples 75 cl,2,2,4.34,4.39
Greenweez,juice of kiwi and organic apple ékolo,2,2,1.34,2.14
Greenweez,juice of pear Bio ékolo ml,2,2,1.21,2.14
Greenweez,juice white grape ECO cal valls,2,2,0.88,3.32
Greenweez,juice' Aloe Vera maximum power Pure Aloe,2,2,13.96,21.39
Greenweez,"kombucha berries, komvida",2,2,4.95,6.99
Greenweez,"kombucha ginger and lemon, komvida",2,2,3.15,4.95
Greenweez,"kombucha green tea, komvida",2,2,4.95,6.99
Greenweez,"kombucha tea Ginger, kombutxa",2,2,2.95,8.5
Greenweez,"kombucha tea Hibiscus, kombutxa",2,2,2.95,8.5
Greenweez,lemonade ECO cal valls,2,2,0.72,2.64
Greenweez,natural mineral water with gas ekotrebol,2,2,0.79,1.05
Greenweez,orange juice Bio ékolo,2,2,1.16,2.87
Greenweez,tangerine juice Bio ékolo,2,2,1.27,2.52
Gymgrossisten,"24 x nutramino HEAT, 330 ml",2,2,29.0,30.0
H-E-B,Big Red Soda,3,3,1.83,2.83
H-E-B,CFORCE Natural Artesian Water,2,2,1.44,3.1
H-E-B,Cream Soda Cream Soda,2,2,1.66,5.39
H-E-B,Kern's Guava Nectar,2,2,0.4,0.99
H-E-B,Kern's Mango Nectar,2,2,0.4,0.99
H-E-B,Life Wtr Purified Water,2,2,1.85,2.58
H-E-B,Luzianne Unsweet Tea,2,2,1.76,2.67
H-E-B,Manzanita Sol Apple Soda,3,3,1.27,2.75
H-E-B,Mist TWST Lemon Lime Soda,2,2,1.86,1.87
H-E-B,Mug Root Beer Soda,2,2,2.04,2.87
H-E-B,NOS High Performance Energy Drink,2,2,1.46,2.88
H-E-B,Ozarka 100% Natural Spring Water,5,5,1.81,4.56
H-E-B,Ozarka 100% Natural Spring Water 16.9 oz Bottles,2,2,2.68,4.98
H-E-B,RC Cola,2,2,1.77,2.83
H-E-B,RC Cola 12 oz Cans,2,2,5.89,7.46
H-E-B,Starry Lemon Lime Soda,2,2,2.37,2.75
H-E-B,Zing Zang Bloody Mary Mix,3,3,5.7,9.34
Harris Teeter,100% Lemon Juice - Single Bottle,2,2,2.99,3.69
Harris Teeter,Cream Soda,3,3,1.49,6.99
Harris Teeter,"Energy Drink, Cherry Limeade",2,2,2.39,2.79
Harris Teeter,Ginger Beer,2,2,5.99,7.99
Harris Teeter,Lemonade - Original,2,2,1.99,3.49
Harris Teeter,Lemonade Tea,3,3,1.99,3.49
Harris Teeter,Lime Juice,2,2,1.49,4.99
Harris Teeter,Mixers - Margarita,2,2,3.49,8.99
Harris Teeter,Organic Raw Coconut Water,2,2,2.99,4.99
Harris Teeter,Raspberry Lemonade,2,2,1.99,2.49
Hemköp,Citrus carbonated water Pet,4,4,7.95,39.95
Hemköp,Cola soda Pet,3,3,5.82,14.95
Hemköp,Cuba Cola Zero soda Pet,2,2,14.95,18.95
Hemköp,Cuba Cola soda Pet,2,2,14.95,17.95
Hemköp,Energy Drink Zero can,3,3,6.67,11.95
Hemköp,Energy Drink energy drink can,3,3,6.67,12.5
Hemköp,Mango carbonated water Pet,5,5,10.0,39.5
Hemköp,Mango drink,2,2,17.95,24.95
Hemköp,Mango with no added sugar fruit drink,2,2,26.95,35.95
Hemköp,Melon carbonated water Pet,2,2,9.0,42.95
Hemköp,Orange Juice With Bits,2,2,35.95,51.95
Hemköp,Orange Nectar nectar,2,2,26.95,47.95
Hemköp,Original carbonated water Pet,4,4,7.95,39.95
Hemköp,Smoothie apple avocado raspberry strawberry cold pressed,2,2,21.95,32.95
Hemköp,Smoothie cold pressed avocado spinach,2,2,22.95,32.95
Hemköp,Tonic Water drinkmix Pet,2,2,12.95,16.95
Hemköp,apple Juice,2,2,27.95,45.95
Hemköp,apple juice,5,5,8.5,47.95
Hemköp,apple juice with pulp,2,2,22.95,32.95
Hemköp,banana Mango passion fruit Smoothie,2,2,14.95,37.95
Hemköp,cranberry drink,2,2,29.95,34.95
Hemköp,easter must Pet,2,2,7.95,10.0
Hemköp,easter must soda Pet,3,3,15.95,54.95
Hemköp,easter must sugar free soda Pet,2,2,17.95,59.95
Hemköp,elder Lime carbonated water Pet,2,2,10.0,12.95
Hemköp,imsdal spring water still water Pet,2,2,15.95,17.95
Hemköp,julmust Pet,3,3,7.95,12.95
Hemköp,julmust can,2,2,7.95,8.95
Hemköp,julmust soda Pet,5,5,11.95,66.95
Hemköp,julmust soda can,2,2,5.0,8.95
Hemköp,julmust sugar free soda Pet,4,4,15.95,66.95
Hemköp,julmust sugar free soda can,2,2,5.0,8.95
Hemköp,"lemon Zero soda, Pet",2,2,13.0,20.95
Hemköp,lemon carbonated water Pet,4,4,10.0,54.95
Hemköp,lingonberry drink,2,2,22.5,23.95
Hemköp,natural carbonated water Pet,4,4,10.0,54.95
Hemköp,natural still water Pet,3,3,10.0,54.95
Hemköp,"orange Zero soda, can",2,2,10.95,45.95
Hemköp,orange carrot ginger Chili Juice,2,2,38.95,49.95
Hemköp,orange freshly squeezed juice,3,3,22.95,47.95
Hemköp,orange juice,4,4,15.5,46.95
Hemköp,orange juice freshly pressed,2,2,29.95,69.95
Hemköp,orange juice organic,2,2,34.95,38.95
Hemköp,orange juice with pulp,4,4,15.0,39.95
Hemköp,orange juice without pulp,2,2,39.95,52.95
Hemköp,"orange julmust sugar free soda, Pet",2,2,14.95,16.95
Hemköp,orange soda Pet,2,2,14.95,20.95
Hemköp,orange stilldrink,2,2,5.95,9.95
Hemköp,peach orange carbonated water Pet,2,2,11.95,12.95
Hemköp,pear carbonated water Pet,6,6,3.66,51.95
Hemköp,pear stilldrink,2,2,5.95,9.95
Hemköp,pineapple carbonated water Pet,2,2,11.95,12.95
Hemköp,pomegranate carbonated water Pet,4,4,7.95,51.95
Hemköp,raw juice orange Juice,2,2,26.95,38.95
Hemköp,strawberries carbonated water Pet,4,4,10.0,39.5
Hemköp,strawberry / rabar carbonated water Pet,2,2,10.0,35.95
Hemköp,strawberry banana Smoothie,2,2,14.95,37.95
Hemköp,strawberry mixed juice juice Pet,2,2,26.95,39.95
Hemköp,table water lemon carbonated Pet,2,2,3.66,4.95
Hemköp,trocadero Zero Sugar soda Pet,2,2,14.95,18.95
Hemköp,trocadero Zero soda can,3,3,10.95,49.95
Hemköp,"trocadero jelly hallon Zero soda, Pet",2,2,14.95,17.95
Hemköp,trocadero soda Pet,3,3,14.95,58.95
Hemköp,trocadero soda can,3,3,7.95,44.95
Hemköp,trochumust Zero soda Pet,2,2,14.95,17.95
Hemköp,trochumust soda Pet,2,2,14.95,17.95
Hemköp,tropical Juice,2,2,27.95,47.95
Hemköp,tropical Juice without pulp,3,3,23.95,33.95
Hemköp,tropical Multivitamin fruit drink,2,2,6.67,18.95
Hemköp,watermelon carbonated water Pet,2,2,10.0,12.95
Hepsiburada,Exotic Fresh Frozen pomegranate juice 1000 ml ( 9 pieces ),2,2,2064.49,2815.22
Hepsiburada,Exotic orange carrot juice 330cc ( 9 pieces ),2,2,1444.89,1970.31
Hepsiburada,Exotic orange juice 330cc,2,2,140.25,151.09
Hepsiburada,Pin hibiscus tea - without sugar & calorie free 250 ml x 12 pcs,2,2,420.0,479.0
Hepsiburada,activia probiotic Smoothie green 200 ml x 2,2,2,320.3,355.89
Hepsiburada,black bruin energy drink 500 ml x 24's,2,2,495.0,635.0
Hepsiburada,by gunsmith hazelnut syrup 750 ml,2,2,251.1,314.9
Hepsiburada,by gunsmith mint syrup 750 ml,2,2,269.99,319.99
Hepsiburada,by gunsmith watermelon syrup 750 ml,2,2,251.1,269.99
Hepsiburada,cemilefendi artichoke juice 1 lt,2,2,99.9,149.0
Hepsiburada,cemilefendi eucalyptus juice 1 liter,2,2,15.0,24.9
Hepsiburada,cemilefendi myrtle juice 1 liter,2,2,15.0,24.9
Hepsiburada,cemilefendi rosemary juice 1 liter,2,2,20.0,99.0
Hepsiburada,cemilefendi thyme juice 1 lt,2,2,45.0,99.0
Hepsiburada,doganay turnip juice 1lt dessert x 12 pcs,3,3,483.2,905.88
Hepsiburada,doganay turnip juice 1lt pain x 12,2,2,499.0,641.55
Hepsiburada,gilaburu nectar in kayseri market 1 lt,2,2,200.0,209.9
Hepsiburada,kayseri market gilaburu nectar without sugar 1 lt,2,2,189.9,199.9
Hepsiburada,kayseri market rosehip nectar 1000 ml glass bottle,2,2,164.99,170.0
Hepsiburada,migros peach nectar 200 ml,2,2,60.75,69.0
Hepsiburada,plum water 0.5 lt pack of 12,2,2,173.0,183.5
Hipercor,PASCUAL BI fruits drink fruit juice tropical with skimmed milk from concentrate bottle 240 ml,2,2,0.95,0.98
Hipercor,SIERRA cazorla natural mineral water bottle 1 l,2,2,0.68,0.85
Holland & Barrett,ActiPH Alkaline Ionised Water 600ml,2,2,1.1,1.79
Holland & Barrett,Minor Figures Cold Brew Coffee Mocha 12 x 200ml,2,2,21.5,23.99
Holland & Barrett,Multipower Red Kick Drink Original 24 x 330ml,2,2,25.5,32.44
Holland & Barrett,O.R.S Sport Hydration Tablets Orange,2,2,5.24,7.99
Holland & Barrett,TRIP Peach Ginger CBD Drink 250ml,2,2,2.29,2.49
Holland & Barrett,Ugly Sparkling Water with Lemon & Lime 330ml,2,2,1.0,1.69
Holland & Barrett,Upbeat Protein Water Blueberry & Raspberry 500ml,2,2,1.79,1.99
Holland & Barrett,Virtue Clean Energy Berries 250ml,2,2,1.49,2.29
Holland & Barrett,Virtue Energy Water Lemon & Lime 12 Pack,2,2,14.79,19.25
Holland & Barrett,biotona goji juice Bio,2,2,27.99,28.79
Hoogvliet,Boost forest fruits apple,2,2,1.96,2.5
Hoogvliet,Cherry bouquet,2,2,0.92,2.79
Hoogvliet,Cola zero,2,2,0.39,1.69
Hoogvliet,Cranberry,2,2,2.85,2.91
Hoogvliet,Energy Drink,2,2,0.69,0.92
Hoogvliet,Original,5,5,1.58,3.19
Hoogvliet,cola regular,2,2,1.59,3.69
Hoogvliet,lemon,2,2,1.21,2.99
Hoogvliet,vitamin water raspberry,2,2,1.69,2.45
Hy-Vee,Alkaline 88 Water,2,2,4.19,6.29
Hy-Vee,Body Armor Super Drink Fruit Punch,2,2,1.69,1.99
Hy-Vee,Body Armor Super Drink Pineapple Coconut,2,2,1.69,1.99
Hy-Vee,Body Armor Super Drink Strawberry Banana,2,2,1.69,1.99
Hy-Vee,Body Armor Super Drink Tropical Punch,2,2,2.99,5.0
Hy-Vee,Cherry Bay Orchards 100% Tart Montmorency Cherry Concentrate,2,2,14.99,19.99
Hy-Vee,Concord Foods Reconstituted Lemon Juice,2,2,0.99,1.99
Hy-Vee,Life Wtr Purified Water,2,2,1.89,1.99
Hy-Vee,Mug Root Beer,2,2,0.99,4.0
Hy-Vee,Musselman's Premium 100% Apple Juice,2,2,3.49,5.49
Hy-Vee,Pibb Xtra,2,2,1.99,2.69
Hy-Vee,Sprecher Cherry Cola,2,2,1.99,2.09
Hy-Vee,"Starry Lemon Lime Soda, Caffeine Free",2,2,1.99,2.69
Hy-Vee,Zing Zang Bloody Mary Mix,2,2,7.39,9.99
ICA,Citrusdryck ready to drink 1.5l eco-labeled kiviks,2,2,16.9,24.9
ICA,Ice Tea Lemon Rush 1l fun light,2,2,25.9,31.9
ICA,Ice Tea Peach & Love 1l fun light,2,2,25.9,38.9
ICA,Ice latte macchiato organic 230ml löfbergs,2,2,22.9,23.9
ICA,Juice Apple & Strawberry organic 850ml good morning,2,2,32.9,34.9
ICA,Juice Tropical 1l good morning,2,2,21.9,32.9
ICA,Juice apple Grape passion fruit ginger 850ml brämhults,2,2,44.9,60.0
ICA,Juice blood orange 1l good morning,2,2,28.9,45.9
ICA,Juice orange carrot ginger Chili 850ml brämhults,2,2,44.9,60.0
ICA,Shot Antioxidant 300ml brämhults,2,2,37.9,42.9
ICA,Smoothie Kraft 850ml brämhults,2,2,43.9,44.9
ICA,Smoothie Vitamin 850ml brämhults,2,2,43.9,44.9
ICA,apple juice organic 1l ICA in love eco,2,2,30.9,37.9
ICA,beetroot juice requirement 750ml kung markatta,2,2,45.9,64.0
ICA,carbonated water Citrus 1.5l frameless,2,2,18.9,19.9
ICA,carbonated water Citrus 33cl 12-p frameless,2,2,40.0,64.0
ICA,carbonated water Citrus 50cl frameless,2,2,15.9,17.9
ICA,carbonated water Mango 1.5l frameless,2,2,17.9,18.9
ICA,carbonated water Mango 50cl frameless,2,2,11.9,16.9
ICA,carbonated water Original 50cl frameless,2,2,15.9,17.9
ICA,carbonated water Passion 50cl frameless,2,2,13.9,15.9
ICA,carbonated water elder & lime 1.5l frameless,2,2,18.9,19.9
ICA,carbonated water elder & lime 50cl frameless,2,2,15.9,16.9
ICA,carbonated water pomegranate 1.5l frameless,2,2,18.9,19.9
ICA,carbonated water pomegranate 33cl 12-p frameless,2,2,40.0,64.0
ICA,carbonated water pomegranate 50cl frameless,2,2,15.9,17.9
ICA,carbonated water watermelon 33cl 12-p frameless,2,2,49.0,53.0
ICA,carbonated water watermelon 50cl frameless,2,2,13.9,15.9
ICA,carrot juice freshly pressed 850ml brämhults,2,2,44.9,60.0
ICA,cranberry drink with apple ready to drink 1l kiviks,2,2,22.9,35.9
ICA,easter must oak barrel aged 33cl nygårda,2,2,12.9,17.9
ICA,elderflower drink ready to drink 1l kiviks,2,2,18.9,19.9
ICA,elderflower juice 50cl requirements ica I love eco,2,2,32.9,44.9
ICA,energy drink bcaa blood orange 33cl Clean drink,2,2,22.9,23.9
ICA,energy drink bcaa healthy berries 33cl Clean drink,2,2,23.9,24.9
ICA,fruit drink Mango 1l proviva,3,3,20.0,44.9
ICA,fruit drink blackcurrant 1l proviva,2,2,20.0,40.9
ICA,fruit drink blueberry 1l proviva,3,3,20.0,44.9
ICA,fruit drink lemon & ginger 1l kiwi's mustery,2,2,22.9,34.9
ICA,fruit drink nectarine & apple 1.5l kivik temple,2,2,15.9,22.9
ICA,fruit drink raspberry & pomegranate 1l proviva,2,2,20.0,27.9
ICA,fruit shot ginger organic 250ml kung markatta,2,2,45.9,60.0
ICA,julmust 12-p 33cl nygårda,2,2,62.0,63.0
ICA,julmust barrel stored 33cl nygårda,2,2,12.9,17.9
ICA,lemonade freshly pressed lemon 850ml brämhults,2,2,36.9,47.9
ICA,lemonade lemon 27.5cl Kivis temple,2,2,19.9,21.9
ICA,light drink Legendary Lemon Lime sugar free 1l fun light,2,2,25.9,37.9
ICA,light drink Lemonade sugar free 1l fun light,2,2,25.9,38.9
ICA,light drink Strawberry sugar free 1l fun light,2,2,25.9,38.9
ICA,light drink Wild strawberry watermelon sugar free 1l fun light,2,2,25.9,31.9
ICA,light drink elderflower lemon sugar free 1l fun light,2,2,24.9,36.9
ICA,light drink mojito sugar free 1l fun light,2,2,24.9,31.9
ICA,multivitamin drink tropical 200ml kiwi's mustery,2,2,6.9,9.9
ICA,operating water Vitamin goji Acerola 33cl frameless,2,2,21.9,22.9
ICA,operating water balance ginger green tea 33cl frameless,2,2,21.9,22.9
ICA,operating water focus green coffee beans Ginseng 33cl frameless,2,2,21.9,22.9
ICA,orange juice 1l kiviks,2,2,17.9,18.9
ICA,orange juice 95cl BOB,2,2,33.9,46.9
ICA,orange juice freshly pressed 1.3l brämhults,2,2,57.0,82.0
ICA,orange juice freshly pressed 850ml brämhults,2,2,42.9,58.0
ICA,pear drink ready to drink 1.5l kiviks,2,2,17.9,24.9
ICA,raspberry juice 850ml brämhults,2,2,35.9,36.9
ICA,soda Cola 150cl Cuba Cola,2,2,20.9,21.9
ICA,soda Cola Zero 150cl Cuba Cola,2,2,19.9,20.9
ICA,soda easter must 33cl 12-p nygårda,2,2,62.0,73.0
ICA,soda orange 33cl nygårda,2,2,7.9,8.9
ICA,soft drink raspberry peach concentrate 2 dl kiviks,2,2,7.9,10.9
ICA,strawberry drink ready to drink 1.5l kiviks,2,2,17.9,24.9
ICA,strawberry juice 58cl önos,2,2,33.9,57.0
IGA,Carbonated Lemon Spring Water,2,2,1.69,1.99
IGA,Coconut Pineapple Smoothie,2,2,3.49,5.99
IGA,Cranberry Juice,3,3,4.49,7.99
IGA,Fruit Integration Juice,2,2,2.79,4.69
IGA,Kombucha Lychee Organic Tea Drink,2,2,4.49,9.99
IGA,Kombucha Orange Organic Tea Drink,2,2,4.49,9.99
IGA,Mango Juice,2,2,6.99,7.49
IGA,Natural Spring Water,9,9,0.99,6.79
IGA,Organic Apple Juice,2,2,4.29,4.99
IGA,Raspberry Juice,2,2,4.99,7.99
IGA,Root Beer Soft Drink,5,5,2.79,6.97
IGA,Root Beer Zero Sugar Soft Drink,2,2,1.69,2.99
IGA,Source Gaz Lemon Water,2,2,0.95,5.99
IGA,Sparkling Beverage,2,2,3.49,11.49
IGA,Strawberry Passion Awareness Juice,2,2,2.79,4.69
Iceland,KA Sparkling Black Grape 2L Bottle,2,2,1.25,1.5
Iceland,KA Sparkling Fruit Punch 2L Bottle,2,2,1.25,1.5
Intermarche,apple juice and of raisin sparkling,2,2,2.43,5.2
Intermarche,grenadine syrup,3,3,1.79,2.81
Intermarche,mineral water naturally carbonated,2,2,2.74,3.52
Intermarche,natural mineral water,12,12,0.37,4.53
Intermarche,natural mineral water arcachon,2,2,1.78,2.56
Intermarche,natural mineral water of the center- loire valley,2,2,0.34,2.68
Intermarche,natural mineral water sparkling,2,2,1.13,4.05
Intermarche,natural mineral water sparkling arcachon,2,2,0.8,4.74
Intermarche,pure juice organic lime,2,2,2.3,4.18
Intermarche,sparkling natural mineral water,11,11,0.41,4.03
Intermarche,spring water of mountain d' auvergne,2,2,0.39,2.35
Intermarche,strawberry syrup,2,2,1.9,3.03
Intermarche,syrup green mint,2,2,2.7,2.82
Intermarche,syrup white peach,2,2,2.63,3.18
Intermarche,syrup wild strawberry,2,2,3.03,3.31
Intermarche,tea iced infused black tea perfume white peach,2,2,1.89,1.99
Intermarche,tea iced infused green tea mint scent,2,2,1.89,1.99
Jan Linders,Aa Drink High energy,2,2,0.99,1.19
Jan Linders,Crystal Clear Lemon,2,2,0.7,1.39
Jan Linders,First Choice cola regular,2,2,0.79,1.48
Jan Linders,I'm orange,2,2,2.19,3.49
Jan Linders,Sisi Orange,2,2,0.53,1.77
Jumbo Supermarkten,Chubby Kola- Championsmaak 250ml,2,2,0.69,0.74
Jumbo Supermarkten,Jumbo fruit syrup raspberry 750ml,2,2,2.26,2.27
Jumbo Supermarkten,Jumbo orange Fresh & Fruity Taste Sparkling 12 x 150ml,2,2,3.79,4.44
Jumbo Supermarkten,bar-le- Duc natural mineral water without carbonic 2l,2,2,1.07,1.08
Jumbo Supermarkten,cool best Mango Dream 1l,2,2,1.76,2.55
Jumbo Supermarkten,"cool best Mango Dream discount pack 1, 5l",2,2,2.76,3.36
Jumbo Supermarkten,cool best Passionfruit Heaven 1l,2,2,1.87,2.49
Jumbo Supermarkten,cool best Pink Grapefruit 1l,2,2,1.63,2.55
Jumbo Supermarkten,cool best Premium Orange 1l,3,3,1.53,2.65
Jumbo Supermarkten,cool best Premium Orange Pulp Free 1l,2,2,1.78,2.59
Jumbo Supermarkten,"cool best Premium Orange discount pack 1, 5l",2,2,2.66,3.46
Jumbo Supermarkten,cool best Strawberry Hill 1l,2,2,1.67,2.55
Jumbo Supermarkten,cool best Vita Day Tropical 1l,2,2,1.93,2.35
Jumbo Supermarkten,douwe egberts Ice Cappuccino ice coffee 12 x 250ml,2,2,15.48,16.68
Jumbo Supermarkten,douwe egberts Ice caramel latte ice coffee 3x 230ml,2,2,4.14,4.77
Jumbo Supermarkten,fernandes Green Punch Sparkling Lemonade 250ml,2,2,0.74,0.79
K Ruoka,pirkka mixed juice concentrates 0.5l,2,2,2.99,3.89
Kaufland,28 black açai Energy Drink black 24x cans 0.25l,2,2,49.62,62.13
Kaufland,Cola 12x0.5l,3,3,7.08,8.4
Kaufland,Johns Natural Cordial Lime Juice syrup bottle with 0.7 liters,2,2,4.15,6.5
Kaufland,Tri great drinks- syrup lemon- lime 600ml - low in calories (6 pack),2,2,21.43,24.44
Kaufland,Tri great drinks- syrup lime- mint 600ml - fruity taste (1 pack),2,2,6.16,6.47
Kaufland,"[ directly delivery] Montanablack Gonergy / gönrgy all kinds 3 pcs. ( Raspberry Cheesecake, Blueberry Coconut and tropical Exotic)",2,2,7.92,14.99
Kaufland,"bleichhof black currant juice - 100% direct juice, no added sugar, bag-in- Box (1x 5l juice box)",2,2,34.99,39.99
Kaufland,"bleichhof quince juice - 100% direct juice without additives, bag-in- Box packing with dispensing system (1x 5l juice box)",2,2,28.49,29.49
Kaufland,ginger- orange 0.33l,2,2,0.74,0.77
Kaufland,goldberg Mediterranean tonic water 0.2 L,2,2,1.39,1.57
Kaufland,krueger family iced coffee Classic 275g - fast and easy (1 pack),2,2,2.04,2.51
Kaufland,natural mineral water sparkling 12x1l,2,2,3.72,5.76
Kaufland,thirst quencher apple- Orange- lemon 0.5 l pack,2,2,15.93,19.99
Kmart,Cafe Du Monde Half a Dozen Cans (6 Cans) of Coffee Du Monde - 15 oz. cans,2,2,55.63,72.99
Kolonial,Olden fresh apple,2,2,24.7,32.2
Kolonial,YT sports drink,2,2,21.1,26.1
Kolonial,farris Lime,2,2,19.8,19.9
Kolonial,farris breeze Mango & Papaya,2,2,19.9,21.3
Kolonial,farris breeze lemon & lemongrass,2,2,18.9,21.3
Kolonial,farris breeze natural,2,2,16.9,21.3
Kolonial,farris natural,2,2,16.9,18.3
Kroger,Alkaline88 Water Alkaline 8.8 Ph,2,2,42.99,55.99
Kroger,BAWLS Guarana Original Energy Drink 16oz Cans,2,2,37.99,59.99
Kroger,BAWLS Guarana Zero Energy Drink 10oz Bottles,2,2,37.99,57.99
Kroger,BAWLS Guarana Zero Energy Drink 16oz Cans,2,2,37.99,59.99
Kroger,Brew Dr. Kombucha Organic Clear Mind Kombucha,2,2,3.39,9.99
Kroger,Harmless Harvest Organic Coconut Water,2,2,4.99,10.49
Kroger,Lemon Perfect Blueberry Acai Cold- Pressed Lemon Water,2,2,1.69,23.88
Kroger,NOS High Performance Energy Drink,2,2,2.99,13.99
Kroger,Odwalla Original Superfood 100% Juice Smoothie,2,2,2.0,5.99
Kroger,Ozarka 100% Natural Spring Water,2,2,2.5,5.99
Kroger,Sierra Mist Diet Caffeine Free Lemon Lime Soda,2,2,1.67,5.49
Kroger,Sprecher Cream Soda,2,2,1.79,48.99
Kroger,Starbucks Frappuccino Vanilla Iced Coffee Drink,2,2,2.69,6.99
Kroger,Tejava Tea Unsweetened Black Tea - Original,2,2,28.99,39.99
Kroger,Tejava Tea Unsweetened Black Tea - Pineapple Mango,2,2,28.99,39.99
Kroger,Thick- It Clear Advantage Thickened Water Unflavored 8 oz Bottle 24 Ct,2,2,50.09,55.97
Kroger,Turkey Hill Sweet Tea,3,3,1.0,2.5
Kroger,Zing Zang Bloody Mary Mix,2,2,4.99,10.99
La Grande Epicerie,Nectar organic apricot,2,2,2.85,5.1
La Grande Epicerie,nectar organic peach,2,2,2.7,5.0
LeShop,"Nectar
cocktail",2,2,9.6,13.5
LeShop,"Nectar
williams pear",2,2,9.6,12.6
LeShop,"Tonic Water
with quinine",2,2,6.6,7.5
LeShop,"apple juice
100% natural",3,3,7.5,17.7
LeShop,"drink of table
green - carbonated - with 35% whey and of green tea extracts",3,3,5.85,14.4
LeShop,"juice multivitamin
max havelaar",3,3,3.6,14.0
LeShop,"mineral water carbonated with natural flavors
Lemon",2,2,7.2,9.0
LeShop,"natural mineral water
non carbonated",2,2,3.6,9.6
LeShop,"syrup
Orange with 30% of fruit juice",2,2,1.95,3.75
LeShop,"syrup
raspberry 30%",2,2,2.2,3.8
LeShop,"tea mint-flavoured
mint swiss",2,2,8.4,14.1
Leader Price,"sparkling water flavored with lemon, salvetat",2,2,0.8,3.18
Leclerc Drive,Soda sprink's,2,2,1.1,1.37
Leclerc Drive,apple juice sparkling champomy,3,3,2.68,2.94
Leclerc Drive,drink Sunny Delight,2,2,1.74,1.89
Leclerc Drive,drink tropico,3,3,1.49,1.81
Leclerc Drive,energy drink Crazy Tiger,3,3,1.14,2.98
Leclerc Drive,fruit drink Jafun,2,2,1.39,1.4
Leclerc Drive,iced tea Fresh Tea,2,2,1.25,1.98
Leclerc Drive,iced tea may tea,4,4,1.97,3.87
Leclerc Drive,iced tea maytea,2,2,1.44,2.63
Leclerc Drive,lemon juice organic garden,2,2,2.11,6.1
Leclerc Drive,mineral water Mont white,3,3,2.35,2.99
Leclerc Drive,mineral water courmayeur,2,2,2.4,2.7
Leclerc Drive,mineral water mont roucous,3,3,0.45,2.69
Leclerc Drive,mineral water wattwiller,2,2,2.11,3.44
Leclerc Drive,natural mineral water St almond,2,2,0.99,1.77
Leclerc Drive,pure juice organic cidou,3,3,2.11,2.65
Leclerc Drive,pure juice organic garden,2,2,3.39,7.95
Leclerc Drive,pure lemon juice organic garden,2,2,1.87,2.9
Leclerc Drive,sparkling mineral water quézac,2,2,0.49,2.41
Leclerc Drive,sparkling water St- yorre,2,2,2.85,2.9
Leclerc Drive,sparkling water mineral salvetat,3,3,0.51,2.99
Leclerc Drive,syrup Sport,2,2,1.16,2.32
Leclerc Drive,syrup frucci,11,11,2.19,4.07
Leclerc Drive,syrup frucci Zero,2,2,2.35,2.49
Leclerc Drive,syrup mill of valdonne,7,7,1.39,3.56
Leclerc Drive,syrup sport,2,2,2.03,2.29
Leclerc Drive,syrup the guiot house,2,2,2.4,2.96
Lidl,fresh juice orange,2,2,0.99,2.49
Loblaws,Carbonated Spring Water,2,2,1.54,1.99
Loblaws,Natural Spring Water,5,5,0.99,4.29
Loblaws,No Sugar Added Concord Grape 100% Juice,2,2,1.99,2.29
Loblaws,No Sugar Added Raspberry Orange Fruit Plus Veggies 100% Juice,2,2,1.99,3.49
Longos,A & W Diet Root Beer,2,2,3.29,7.99
Longos,A & W Root Beer,2,2,3.29,7.99
Longos,Costa Rica Rain Forest Artesian Water,2,2,3.49,4.99
Longos,Loop Cold Pressed Smoothie Green Vibes,2,2,4.99,8.99
Longos,Montellier Carbonated Natural Spring Water,2,2,1.59,6.99
Longos,Montellier Carbonated Natural Spring Water Lemon,2,2,1.59,6.99
Longos,Montellier Carbonated Natural Spring Water Lime,2,2,1.59,6.99
Longos,Mug Root Beer,2,2,3.29,7.99
Longos,Viveau Fresh Pressed Wild Blueberries plus Sparkling Mineral Water,2,2,3.24,3.49
Mat Smart,beverage concentrate strawberry,2,2,1.99,2.99
Mat Smart,beverage concentrate wild berry,2,2,1.49,1.99
Mat Smart,blackcurrant drink 1l,2,2,10.0,15.0
Mat Smart,"boxed """" Lemon & Ginger"""" Treenijuomaa 24 x 330ml",2,2,19.99,23.49
Mat Smart,"boxed organic coffee drinks """" Protein Boost"""" 12 x 230ml",2,2,5.99,7.99
Mat Smart,coconut water,2,2,1.49,12.0
Mat Smart,frameless Citrus,2,2,7.0,10.0
Mat Smart,frameless pomegranate,2,2,7.0,10.0
Mat Smart,julmust 33cl,2,2,6.0,10.0
Mat Smart,lemon juice,2,2,0.79,2.49
Mat Smart,lemon juice 200ml,2,2,10.0,15.0
Mat Smart,lime juice,2,2,0.79,1.69
Mat Smart,orange juice,2,2,1.19,7.0
Mat Smart,organic whole box orange juice 24 x 25cl,3,3,39.0,179.0
Mat Smart,raspberry mixed juice concentrates,2,2,2.29,3.99
Mat Smart,strawberry mixed juice concentrates,2,2,2.29,3.99
Mat Smart,trocadero,2,2,6.0,7.0
Mat Smart,trocadero Zero,2,2,6.0,7.0
MatHem,Bravo Juice orange Bravo,2,2,36.5,54.95
MatHem,Bravo Juice tropical Bravo,2,2,31.5,43.95
MatHem,apotekarnes julmust,2,2,13.0,14.0
MatHem,brämhults Juice orange freshly pressed brämhults,2,2,54.95,76.5
MatHem,frameless Citrus,2,2,10.5,11.95
MatHem,frameless Mango & grapefruit,2,2,10.5,11.95
MatHem,frameless Original,3,3,10.5,18.95
MatHem,frameless Passion,2,2,12.0,13.0
MatHem,frameless blackcurrants,2,2,10.5,11.95
MatHem,frameless green apple,2,2,10.5,11.95
MatHem,frameless peach orange,2,2,12.0,13.0
MatHem,frameless raspberry apple,2,2,10.5,11.95
MatHem,frameless rhubarb strawberry,2,2,12.0,13.0
MatHem,guarantee Juice apple with pulp,2,2,35.5,44.95
MatHem,raw juice orange,2,2,41.0,42.0
MatHem,trocadero 6x33cl,2,2,36.0,45.5
MatHem,trocadero Zero 6x33cl,2,2,36.0,45.5
MatHem,trocadero geléhallon Zero,3,3,10.5,19.95
MatHem,tropical Juice,2,2,13.0,41.0
MatHem,zingo Zero orange,2,2,11.5,18.95
MatHem,zingo strawberry sugar free 33cl,2,2,9.0,10.95
Medpex,cranberry juice pure organic vital house,2,2,5.99,11.91
Meny,Fresh & Juicy,2,2,14.25,14.75
Meny,Urge u / sugar,2,2,10.6,14.65
Mercadona,soda of orange farmer fresh gas,2,2,0.48,2.88
Mercadona,soda the landlady big,2,2,1.25,2.45
Metro,Carbonated Natural Spring Water,2,2,1.5,6.5
Metro,Coconut Water,2,2,2.99,4.49
Metro,Coconut Water Beverage with Pulp,2,2,1.49,1.79
Metro,Cold- Pressed Juice,3,3,5.99,12.99
Metro,Diet Root Beer Soft Drink,2,2,3.5,6.99
Metro,Distilled Water,2,2,1.25,4.49
Metro,Fruit Punch Cocktail,2,2,1.99,3.99
Metro,Grapefruit Flavoured Carbonated Natural Spring Water,2,2,1.5,6.5
Metro,Grapefruit Flavoured Sparkling Water,2,2,1.0,6.49
Metro,Lemon Flavoured Carbonated Natural Spring Water,2,2,1.5,6.5
Metro,Lemon Flavoured Sparkling Water,2,2,1.0,5.0
Metro,Lime Flavoured Carbonated Natural Spring Water,2,2,1.5,6.5
Metro,Lime Flavoured Sparkling Water,2,2,1.0,1.99
Metro,Natural Spring Water,7,7,1.25,8.79
Metro,Organic Apple Juice,2,2,4.49,5.49
Metro,Organic Peach kombucha,2,2,4.49,9.99
Metro,Peach Cocktail,2,2,1.99,3.99
Metro,Peach Flavoured Iced Tea,2,2,1.5,8.99
Metro,Raspberry Flavoured Iced Tea,2,2,1.5,8.99
Metro,Root Beer Soft Drink,3,3,3.5,7.99
Migros,Bio apro Lemon,2,2,1.25,1.4
Migros,Bio apro Mint- Lime,2,2,1.25,1.4
Migros,Bitter Lemon,2,2,1.15,1.3
Migros,Carpe Diem kombucha Classic,2,2,1.7,1.8
Migros,Emmi Caffè Latte Macchiato,2,2,1.5,2.15
Migros,Ginger Ale,3,3,1.15,1.6
Migros,M- Budget Citron Zero,2,2,0.55,0.6
Migros,M- Budget Cola,2,2,0.55,0.6
Migros,M- Budget Drink sugarfree,2,2,0.45,5.4
Migros,M- Budget Energy Drink,2,2,0.45,0.5
Migros,M- Budget Mineral with co2,2,2,0.25,0.35
Migros,M- Budget Orange,2,2,0.55,0.6
Migros,M- Budget Orange Zero,2,2,0.55,0.6
Migros,M- Classic apple juice,2,2,2.5,4.8
Migros,M- Classic aquella green,3,3,0.6,3.3
Migros,M- Classic aquella red,2,2,0.6,0.7
Migros,Tonic Water,4,4,1.15,1.6
Migros,Tonic Water Zero,2,2,1.3,1.35
Migros,anna's best tangerine juice,2,2,2.1,2.2
Migros,anna's best · Orange juice · Orange,2,2,3.5,7.8
Migros,apro Classic,7,7,0.65,5.7
Migros,apro Cristal,7,7,0.65,4.2
Migros,apro Cristal · Natural mineral water · Still,2,2,4.2,9.0
Migros,apro Medium,4,4,0.65,1.05
Migros,cult Ice Tea Light lemon,3,3,0.45,1.5
Migros,cult Ice Tea Peach,2,2,1.35,1.4
Migros,cult Ice Tea Zero lemon,2,2,1.4,1.6
Migros,cult Ice tea lemon,3,3,0.9,2.35
Migros,from the region Mineral little co2,4,4,0.75,3.9
Migros,from the region Mineral with CO2,5,5,0.75,4.8
Migros,from the region knutwiler apple,2,2,1.2,1.3
Migros,from the region knutwiler without co2,2,2,1.1,6.0
Migros,from the region ramseier huus- Tee,4,4,1.4,1.95
Migros,knutwiler Mandarinli,2,2,1.2,1.45
Migros,ramseier · Apple juice · 100% natural,2,2,9.25,17.7
Migros,ramseier · thé Maison · Swiss mint,2,2,8.95,11.4
Migros,syrup · Syrup · Oranges with 30% fruit juice,2,2,2.5,3.95
Monoprix,apple juice at concentrated juice base,2,2,1.35,2.45
Monoprix,natural mineral water,3,3,0.52,3.39
Monoprix,spring water corsica,2,2,2.38,2.82
Morrisons,Arctic Cafe Latte,2,2,1.0,1.15
Morrisons,Arctic Coffee Cafe Latte,2,2,2.19,2.2
Morrisons,Arctic Coffee Caramel Latte,2,2,1.0,1.15
Morrisons,Arctic Coffee Caramel Latte Iced Coffee,2,2,2.19,2.2
Morrisons,Arctic Coffee Intenso,2,2,1.0,1.15
Morrisons,Arctic Coffee Mocha,2,2,1.0,2.0
Morrisons,Brecon Carreg Still Natural Mineral Water,2,2,2.75,3.5
Morrisons,Cherrygood Classic Cherry Juice Drink,2,2,1.85,2.0
Morrisons,Copella Apple & Elderflower Juice,2,2,1.94,2.0
Morrisons,Emmi Caffe Latte Cappuccino,2,2,1.85,2.2
Morrisons,Jimmy's Iced Coffee Mocha,4,4,1.25,5.0
Morrisons,Jimmy's Iced Coffee Original,4,4,1.6,5.0
Morrisons,Lilt Zero Pineapple & Grapefruit,2,2,1.99,2.5
Morrisons,Lowicz Raspberry Syrup,2,2,1.7,2.2
Morrisons,Radnor Splash Apple & Raspberry Still Water,2,2,2.0,2.5
Morrisons,Radnor Splash Still Lemon & Lime,2,2,2.0,2.5
Morrisons,Relentless Origin Energy Drink,2,2,1.0,3.5
Morrisons,The London Essence Co. Indian Tonic Water Cans,2,2,3.0,3.75
Morrisons,The London Essence Co. Orange & Elderflower Tonic Water Cans,2,2,3.0,3.75
Morrisons,Tropical Vibes Fruit Punch,2,2,1.0,2.0
Mytime.de,4 brothers Ice Tea Bubble Gum,2,2,1.49,1.59
Mytime.de,4 brothers Ice Tea Mango- passion fruit- taste,2,2,1.19,1.49
Mytime.de,Fritz- Limo orange lemonade ( reusable),2,2,1.59,2.09
Mytime.de,hella Still & fruity soft drink cherry ( disposable),2,2,0.99,1.59
Mytime.de,hella Still & fruity soft drink raspberry ( disposable),2,2,4.49,6.49
Mytime.de,hella Still & fruity soft drink strawberry ( disposable),2,2,1.59,6.49
Mytime.de,mezzo mix Zero ( disposable),2,2,2.19,7.45
Mytime.de,true fruits Smoothie green,2,2,3.39,5.29
Mytime.de,vilsa Naturfrisch mineral water classic ( reusable),2,2,7.29,7.49
Mytime.de,vilsa Naturfrisch mineral water classic glass ( reusable),2,2,5.79,9.99
Mytime.de,vilsa Naturfrisch mineral water medium PET ( disposable),2,2,0.75,1.19
Mytime.de,vilsa Plus Bio blackcurrant ( disposable),2,2,1.19,5.94
NaturaSi,apple juice and ginger,2,2,2.8,4.2
NaturaSi,pure juice of wild blueberries,2,2,5.35,11.64
Naturalia,apple juice lemon ginger 60ml organic,2,2,1.99,2.49
Naturalia,juice prunes south west 75cl organic,3,3,4.15,4.25
Naturalia,lime juice 25 organic cl,3,3,2.49,2.86
Naturalia,mineral water sparkling strong 0.5l,2,2,0.75,0.89
Nemlig,Booster Lemon (can),2,2,89.95,230.0
Nemlig,Booster Twisted Ice (can),2,2,10.0,15.0
Nemlig,Smoothie (kraft),3,3,12.5,20.95
Nemlig,apple juice organic.,3,3,20.95,35.95
Nemlig,beetroot- and apple juice organic.,2,2,35.95,39.95
Nemlig,elderflower drink,2,2,6.95,31.5
Nemlig,fax condi 0 calories,2,2,20.0,90.0
Nemlig,fax condi 0 calories (can),2,2,30.0,40.5
Nemlig,orange juice,2,2,19.95,21.95
Nemlig,orange juice organic.,4,4,10.95,50.95
Nemlig,smoothie m. mango,2,2,25.0,25.95
Nemlig,sparkling water m. citrus,5,5,5.25,46.0
Nemlig,sparkling water m. citrus (can),2,2,84.0,105.0
New Pharma,QNT L- Carnitine 2000 mg with juice Orange Zero calorie 700ml,2,2,1.37,1.41
New Pharma,Yogi Tea Hibiscus mint 330ml,2,2,1.79,1.99
New Pharma,Yogi Tea hibiscus mint with raspberry leaves glass bottle 330ml,2,2,1.94,1.99
New Pharma,isostar Fast Hydration Sport Drink Orange 500ml,2,2,1.37,1.47
New Pharma,isostar Fast Hydration Sport isotonic drink Orange 500ml,2,2,1.48,1.53
New Pharma,organic biotona elderberry concentrated juice 500ml,2,2,27.3,28.63
New Pharma,organic biotona grenade concentrated juice 500ml,2,2,16.99,20.28
New Pharma,purasana Aloe Vera Gel to drink with pulp organic bottle 1l,2,2,12.89,18.49
New Pharma,purasana Komboecha Drink Fresh Ginger 330ml,2,2,2.43,2.5
New Pharma,purasana kombucha Drink Fresh Ginger 330ml,2,2,2.65,3.08
New Pharma,purasana kombucha Drink The Original bottle 330ml,2,2,2.55,2.84
New Pharma,purasana kombucha drink taste matcha bio bottle 330ml,2,2,2.75,2.79
New Pharma,purasana kombucha drink taste turmeric organic bottle 330ml,2,2,2.75,2.79
New Pharma,qnt Fire Burst Punch 500ml,2,2,1.73,1.8
New Pharma,qnt Kick Power Drink energy drink raspberry flavor 12x250ml,2,2,17.0,17.35
Notino,Multi Hypotonic Drink,2,2,16.4,19.8
NutriTienda,Clean Energy red fruits 250 ml,2,2,1.29,1.43
NutriTienda,Eau organic coconut 1 litre,2,2,4.79,4.99
NutriTienda,Eau sea 250 ml,2,2,2.03,2.04
NutriTienda,FAST HYDRATION 500 ml,2,2,1.2,1.47
NutriTienda,ISOTEC RACE 1800g,2,2,13.62,17.9
NutriTienda,Powder Starter Energy Drink 500 ml,2,2,1.75,1.86
NutriTienda,sea water. 250 ml,2,2,2.11,2.25
OOShop,mineral water courmayeur,2,2,0.35,0.39
OOShop,mineral water mont roucous,2,2,0.48,2.88
OOShop,natural mineral water Mont white,4,4,0.44,3.36
OOShop,natural mineral water courmayeur,2,2,2.1,2.34
OOShop,natural mineral water hepar,4,4,0.48,2.88
OOShop,natural mineral water ogeu,2,2,0.5,3.0
OOShop,natural mineral water wattwiller,2,2,0.5,3.0
OOShop,sparkling natural mineral water rozana,2,2,2.99,3.3
OOShop,sparkling natural mineral water salvetat,2,2,0.46,2.92
OOShop,sparkling water Vichy celestins,3,3,0.65,3.9
OOShop,sparkling water quézac,2,2,0.45,2.7
Ocado,ACTIPH Alkaline Ionised Water,3,3,1.45,6.0
Ocado,ARTO LIFEWTR,2,2,1.09,1.39
Ocado,"Aqua Libra Cucumber, Mint & Lime Infused Sparkling Water",2,2,1.3,3.5
Ocado,Ballygowan Still Water Glass,2,2,1.25,8.99
Ocado,Brecon Carreg Natural Still Mineral Water,2,2,2.75,3.0
Ocado,Brecon Carreg Still Water,2,2,0.65,5.5
Ocado,Copella Apple & Elderflower Fruit Juice,2,2,2.75,3.75
Ocado,Copella Apple & Mango Fruit Juice,2,2,2.75,3.75
Ocado,Copella Cloudy Apple Fruit Juice,2,2,2.75,3.75
Ocado,Get More Multivitamins Apple & Blackcurrant,2,2,0.85,2.95
Ocado,Get More Multivitamins Raspberry & Blueberry,2,2,0.85,2.95
Ocado,Grace Aloe Drink Original,2,2,2.1,3.3
Ocado,Gunna Raspberry Lemonade,2,2,1.1,4.0
Ocado,London Essence Co. Classic London Tonic Water,2,2,3.49,18.99
Ocado,Nix & Kix Blood Orange & Turmeric,2,2,1.4,3.25
Ocado,Nix & Kix Mango & Ginger,2,2,1.4,3.25
Ocado,Purdey's Edge Multivitamin Fruit Drink,2,2,1.3,4.65
Ocado,Purdey's Natural Energy Refocus Dark Fruits,2,2,2.1,4.25
Ocado,Purdey's Natural Energy Rejuvenate Grape & Apple,3,3,2.1,4.9
Ocado,R Whites Lemonade,2,2,2.05,11.6
Ocado,R Whites Raspberry Lemonade,3,3,1.35,3.65
Ocado,R Whites Traditional Cloudy Lemonade,2,2,1.35,1.39
Ocado,Rebel Kitchen Raw 100% Organic Coconut Water,2,2,2.4,4.0
Ocado,Savse Orange Juice,2,2,1.89,2.99
Ocado,"Savse Smoothies Super Green Broccoli, Pear, Spinach & Kale",2,2,2.3,4.4
Ocado,"Savse Smoothies Super Orange Mango, Celery, Passion Fruit & Apple",2,2,2.3,4.4
Ocado,TRIP CBD Infused Elderflower Mint,2,2,2.0,6.5
Ocado,TRIP CBD Infused Peach Ginger,2,2,2.0,6.5
Ocado,Ugly Drinks Triple Berry Flavoured Sparkling Water,2,2,1.0,2.65
Oda,Is coffee double latte,2,2,19.9,43.9
Oda,Olden fresh apple,2,2,19.9,32.8
Oda,Original orange juice,2,2,56.1,56.6
Oda,Solo Super passion fruit,2,2,24.8,33.1
Oda,farris Lime,2,2,21.9,26.1
Oda,farris breeze pear & Lime,2,2,21.9,26.1
Oda,farris breeze pineapple & dragon fruit,2,2,21.3,24.5
Oda,farris frus apple & Kiwi,2,2,22.9,31.1
Oda,farris frus raspberry,2,2,22.9,31.1
Oda,farris natural,2,2,22.7,23.1
Oda,frus mandarin & mango,2,2,21.9,79.9
Oda,household juice,2,2,39.0,69.4
Oda,sunniva Original breakfast juice,2,2,31.1,34.9
Osuma,Citrus m / brus,2,2,39.95,96.0
Osuma,apple juice,2,2,20.95,24.45
Osuma,fax condi,3,3,17.95,40.95
Osuma,fax condi 0 calories,3,3,17.95,96.0
Osuma,mineral water m / brus,2,2,16.95,19.45
Osuma,mixed berry / fruit,2,2,21.95,28.45
Osuma,orange juice,3,3,16.95,34.45
Osuma,raspberry & strawberry,2,2,6.75,12.5
Pavilions,ALKALINE88 Water Purified 8.8 pH + - 3 Liter,2,2,2.99,3.99
Pavilions,Agalima Margarita Mix - 1 Liter,2,2,10.99,11.99
Pavilions,Ashoc Shoc Wave Energy Drink - 16 Fl. Oz.,2,2,2.0,2.5
Pavilions,Blue Bottle Coffee Cold Brew Organic - 8 Fl. Oz.,2,2,3.5,3.99
Pavilions,Brew Dr. Kombucha Organic Kombucha Ginger Lemon - 14 Fl. Oz.,2,2,3.0,3.99
Pavilions,Calpico Original Water Bottle - 16.9 Fl. Oz.,2,2,2.29,3.99
Pavilions,Calpico Soft Drink Non Carbonated Lychee - 16.9 Fl. Oz.,2,2,2.29,3.99
Pavilions,Chameleon Coffee Concentrate Cold- Brew Black - 32 Oz,2,2,9.99,10.99
Pavilions,Cock N Bull Ginger Beer Sugar Soda Vintage Glass Bottle Cane - 12 Fl. Oz.,2,2,2.09,2.29
Pavilions,Dr Browns Black Cherry Soda - 6-12 Fl. Oz.,2,2,6.99,7.99
Pavilions,Dr Browns Soda Black Cherry - 12 Fl. Oz.,2,2,1.99,2.29
Pavilions,Dr Browns Soda Cream Soda Diet - 12 Fl. Oz.,2,2,1.99,2.29
Pavilions,H Factor Water Hydrogen Infused Pouch - 11 Fl. Oz.,2,2,2.49,2.5
Pavilions,Hansens Diet Fridge Pack Black Cherry - 8-12 Fl. Oz.,2,2,3.79,3.99
Pavilions,Hansens Diet Root Beer - 6-12 Fl. Oz.,2,2,3.79,3.99
Pavilions,Harmless Harvest Organic Coconut Water - 16 Fl. Oz.,3,3,4.49,5.99
Pavilions,Harmless Harvest Organic Coconut Water - 32 Fl. Oz.,2,2,9.99,10.99
Pavilions,Just Chill sparkling calming beverage Tropical - 12 Fl. Oz.,2,2,2.69,3.0
Pavilions,Kerns Apricot Nectar - 11.5 Fl. Oz.,2,2,0.72,0.79
Pavilions,Kerns Nectar Guava - 11.5 Fl. Oz.,2,2,0.72,0.79
Pavilions,Kerns Nectar Guava - 33.8 Fl. Oz.,2,2,1.5,1.99
Pavilions,Kerns Nectar Guava Chilled - 59 Fl. Oz.,2,2,3.49,4.58
Pavilions,Kerns Nectar Mango - 11.5 Fl. Oz.,2,2,0.72,0.79
Pavilions,Kerns Nectar Mango - 33.8 Fl. Oz.,2,2,1.5,1.99
Pavilions,Kerns Nectar Mango Chilled - 59 Fl. Oz.,2,2,3.49,4.58
Pavilions,Kerns Peach Nectar - 11.5 Fl. Oz.,2,2,0.72,0.79
Pavilions,Kerns Strawberry Banana Nectar - 11.5 Fl. Oz.,2,2,0.5,0.59
Pavilions,L & A Juice Pineapple Coconut - 32 Fl. Oz.,2,2,4.49,4.99
Pavilions,L & A Juice Pure No Sugar All Cranberry - 32 Fl. Oz.,2,2,6.49,8.29
Pavilions,LIFEWTR Water Purified - 1 Liter,2,2,1.25,2.5
Pavilions,LIFEWTR Water Purified Bottle - 6-1 Liter,2,2,10.99,11.99
Pavilions,LOOZA Juice Drink Mango - 33.8 Fl. Oz.,2,2,2.48,7.99
Pavilions,Lemon Perfect Water Lemon - 12 Fl. Oz.,2,2,1.99,2.29
Pavilions,Lemon Perfect Water Peach Raspberry - 12 Fl. Oz.,2,2,1.99,2.29
Pavilions,Lemon Perfect Water Strwbry Psnfrt Orgnc - 12 FZ,2,2,1.99,2.29
Pavilions,Life Wtr - 20 Fl. Oz.,2,2,1.99,2.0
Pavilions,MUG Soda Root Beer No Caffeine - 12-12 Fl. Oz.,2,2,4.99,10.99
Pavilions,MUG Soda Root Beer No Caffeine - 2 Liter,2,2,2.97,2.99
Pavilions,Manzanita Sol Soda Apple - 20 Fl. Oz.,2,2,2.29,2.39
Pavilions,Matcha Love Green Tea Unsweetened Made With Real Matcha - 5.2 Fl. Oz.,2,2,1.99,2.5
Pavilions,Mug Root Beer - 6-7.5 Fl. Oz.,2,2,3.79,5.99
Pavilions,Newmans Own Lemonade Old Fashioned Chilled - 59 Fl. Oz.,2,2,2.99,3.88
Pavilions,North Coast Juice Organic Apple Cider - 32 Fl. Oz.,2,2,4.19,6.99
Pavilions,North Coast Organic Apple Juice - 64 Fl. Oz.,2,2,9.99,10.99
Pavilions,O Organics 100% Juice Organic Apple - 64 Fl. Oz.,2,2,3.49,3.99
Pavilions,O Organics 100% Juice Organic Unfiltered Apple - 64 Fl. Oz.,2,2,4.99,8.99
Pavilions,O Organics Coconut Water Original - 33.8 Fl. Oz.,2,2,3.99,4.29
Pavilions,O Organics Orange Juice No Pulp W / Calcium - 52 Fl. Oz.,2,2,5.99,7.49
Pavilions,O Organics Organic Coconut Water Original - 11.2 Fl. Oz.,2,2,1.99,2.0
Pavilions,O Organics Organic Coconut Water Original - 12-11.2 Fl. Oz.,2,2,22.99,25.79
Pavilions,O Organics Organic Flavored Juice Blend Cranberry Apple - 64 Fl. Oz.,2,2,4.99,5.99
Pavilions,O Organics Organic Grapefruit Soda Italian Pink - 750 Ml,2,2,2.75,3.99
Pavilions,O Organics Organic Italian Soda Clementine - 750 Ml,2,2,2.75,3.0
Pavilions,O Organics Organic Juice Grape - 64 Fl. Oz.,2,2,4.99,5.99
Pavilions,O Organics Organic Lemonade 1.6 Quart - 52 Fl. Oz.,2,2,3.49,3.51
Pavilions,O Organics Organic Lemonade From Concentrate - 64 Fl. Oz.,2,2,3.49,4.13
Pavilions,O Organics Organic Lemonade Raspberry 1.6 Quart - 52 Fl. Oz.,2,2,3.49,3.51
Pavilions,O Organics Organic Lemonade Strawberry - 64 Fl. Oz.,2,2,3.49,4.13
Pavilions,O Organics Organic Orange Juice No Pulp - 52 Fl. Oz.,2,2,5.99,7.49
Pavilions,Powell & Mahoney Simple Syrup - 375 Ml,2,2,7.99,8.99
Pavilions,RC Cola Soda In Can - 12-12 Fl. Oz.,2,2,8.73,10.99
Pavilions,RISE Nitro Cold Brew Coffee Original Black Can - 7 Fl. Oz.,2,2,3.06,3.5
Pavilions,ROAR Organic Electrolyte Infusions Georgia Peach - 18 Fl. Oz.,2,2,2.18,3.0
Pavilions,Rebbl Chold Brew Coffee Protein - 12 Fl. Oz.,2,2,3.99,4.99
Pavilions,Rebbl Maca Cold Brew - 12 Fl. Oz.,2,2,2.99,3.99
Pavilions,Reeds Soda Ginger Brew Extra Ginger Brew - 4-12 Fl. Oz.,2,2,7.47,7.99
Pavilions,River City Root Beer - 12 Fl. Oz.,2,2,2.29,2.79
Pavilions,S. PELLEGRINO Essenza Flavored Mineral Water Tangerine & Wild Strawberry - 8-11.15 Fl. Oz.,2,2,5.99,6.49
Pavilions,Sangria Senorial Sangria Sparkling Non Alcoholic - 11.16 Fl. Oz.,2,2,1.0,1.25
Pavilions,Saranac Shirley Temple - 12 Fl. Oz.,2,2,2.29,2.79
Pavilions,Sidral Mundet Soda Apple - 12 Fl. Oz.,2,2,1.0,1.25
Pavilions,Sierra Mist Soda TWST Caffeine Free Lemon Lime Cans - 12-12 Fl. Oz.,2,2,4.99,8.99
Pavilions,Sierra Mist Soda Twst Lemon Lime - 6-7.5 Fl. Oz.,2,2,3.79,5.49
Pavilions,Sol Ti Reishi Turmeric Superade - 15.5 Oz,2,2,3.99,4.99
Pavilions,Sprecher Cream Soda - 16 Fl. Oz.,2,2,2.09,2.49
Pavilions,Sprecher Orange Dream Soda - 16 Fl. Oz.,2,2,2.09,2.49
Pavilions,Stumptown Coffee Cold Brew Original - 10.5 Fl. Oz.,2,2,2.99,3.49
Pavilions,Stumptown Coffee Roasters Cold Brew Concentrate 2x - 25.4 Oz,2,2,10.99,11.49
Pavilions,Stumptown Coffee Roasters Cold Brew Nitro - 10.3 Fl. Oz.,2,2,3.99,4.49
Pavilions,Tejava Lemon Tea - 33.8 FZ,2,2,1.67,2.0
Pavilions,Tejava Original Black Tea - 16.9 Fl. Oz.,2,2,1.25,2.0
Pavilions,Tejava Original Black Tea Unsweetened - 33.8 Fl. Oz.,2,2,1.67,2.0
Pavilions,Tejava Peach Black Tea - 6-16.9 Fl. Oz.,2,2,5.99,11.99
Pavilions,Tejava Premium Iced Tea Unsweetened - 4-12 Fl. Oz.,2,2,3.0,3.99
Pavilions,Tejava Tea Black Unsweetened Original - 6-16.9 Fl. Oz.,2,2,5.99,6.99
Pavilions,The Mountain Valley Spring Water - 1 Liter,2,2,2.89,3.49
Pavilions,The Mountain Valley Spring Water Sparkling - 1 Liter,2,2,2.0,3.49
Pavilions,Uncle Mat Juice Grapefruit - 52 Oz,2,2,7.99,8.99
Planeta Huerto,"Energy Caffeine gummies, 80 gom. Weider",2,2,10.33,10.99
Planeta Huerto,Isotonic Drink 226ers berries,3,3,15.45,26.0
Planeta Huerto,Isotonic Drink lemon 226ers,3,3,16.2,25.95
Planeta Huerto,Isotonic drink 226ers cola,2,2,24.0,26.0
Planeta Huerto,Isotonic drink 226ers mango,4,4,2.75,26.0
Planeta Huerto,Isotonic drink lemon 226ers,2,2,18.0,25.95
Planeta Huerto,Kombujito komvida 750 ml,2,2,7.95,8.05
Planeta Huerto,Mun kombucha Curcuma,2,2,2.17,4.4
Planeta Huerto,Mun kombucha Ginger Lemon,2,2,2.17,3.85
Planeta Huerto,Pack 12x kombucha berries komvida 250 ml,2,2,29.05,31.35
Planeta Huerto,Sub-9 pro salts electrolytes double 226ers,2,2,0.92,1.0
Planeta Huerto,alkaline water pH 9.5 monchique,6,6,0.99,11.4
Planeta Huerto,apple juice Bio 100% squeezed ékolo,2,2,1.25,2.95
Planeta Huerto,apple juice Bio naturgreen,2,2,0.99,2.27
Planeta Huerto,energy drink ABE Applied Nutrition 330ml x 24,2,2,41.98,51.0
Planeta Huerto,grape juice black bio 100% squeezed ékolo,3,3,1.4,3.0
Planeta Huerto,grape juice white ECO cal valls,2,2,1.1,1.15
Planeta Huerto,isotonic drink single dose 226ers 20 g,2,2,1.62,1.8
Planeta Huerto,juice apple ECO cal valls,2,2,1.0,3.1
Planeta Huerto,"juice lemon 100% eco cal valls, 1 l",2,2,4.47,5.35
Planeta Huerto,juice of kiwi and organic apple ékolo,4,4,1.4,3.05
Planeta Huerto,juice of peach and grape ECO cal valls,2,2,1.25,4.2
Planeta Huerto,juice of pear Bio ékolo ml,3,3,1.21,2.79
Planeta Huerto,juice pear ECO cal valls,3,3,1.14,4.95
Planeta Huerto,juice tangerine ECO cal valls,2,2,1.25,4.02
Planeta Huerto,juice tomato ECO cal valls,5,5,0.9,2.5
Planeta Huerto,juice white grape ECO cal valls,2,2,0.88,3.69
Planeta Huerto,kombucha carrot and turmeric komvida 750 ml,2,2,5.9,7.95
Planeta Huerto,kombucha green tea komvida,3,3,4.95,7.46
Planeta Huerto,kombucha lemon and ginger Bio Vitae kombucha,3,3,2.77,4.42
Planeta Huerto,kombucha of red fruits komvida 750 ml,2,2,7.95,8.05
Planeta Huerto,kombucha original BIO santiveri 500 ml,2,2,4.05,30.59
Planeta Huerto,kombucha tea Ginger kombutxa,4,4,2.99,9.0
Planeta Huerto,kombucha tea Hibiscus kombutxa,2,2,2.99,8.99
Planeta Huerto,lemonade ECO cal valls,3,3,1.1,3.37
Planeta Huerto,natural mineral water with gas ekotrebol,2,2,0.79,1.05
Planeta Huerto,orange juice Bio cofrutos 3x200 Ml,2,2,2.9,3.05
Planeta Huerto,orange juice ECO cal valls,2,2,3.52,3.86
Planeta Huerto,pack 3x kombucha ginger and lemon komvida 250 ml,2,2,7.78,7.83
Planeta Huerto,pack 3x kombucha ginger and lemon komvida 750 ml,2,2,22.94,23.13
Planeta Huerto,pack 6x kombucha berries komvida 250 ml,2,2,15.66,15.68
Planeta Huerto,pack 6x kombucha ginger and lemon komvida 250 ml,2,2,13.5,15.56
Planeta Huerto,pineapple juice Bio 100% squeezed ékolo 750 ml,2,2,1.85,4.8
Planeta Huerto,"seawater, holoslife",3,3,1.59,10.29
Planeta Huerto,tangerine juice Bio 100% squeezed ékolo,2,2,1.37,1.7
Planeta Huerto,vegetable drink Coco Nature sugarfree BIO echo thousand 500 ml,2,2,1.79,1.85
Plus,Cherry bouquet,2,2,0.99,2.99
Plus,Clear peach,2,2,0.69,1.19
Plus,Cola,2,2,0.3,0.39
Plus,Cola zero sugar,5,5,0.49,1.99
Plus,Energy drink,5,5,0.65,23.56
Plus,Energy drink sugar free,2,2,0.75,0.99
Plus,High energy,2,2,0.99,1.29
Plus,Ice cappuccino ice coffee,3,3,0.99,1.39
Plus,Ice mocha latte ice coffee,2,2,1.29,1.39
Plus,Orange,2,2,0.3,0.37
Plus,Orange no bubbles 0%,2,2,0.49,2.59
Plus,Smoothie mango passion fruit,2,2,1.99,2.69
Plus,bar-le-duc mineral water carbonated,3,3,0.54,0.79
Plus,cola regular,6,6,0.35,1.99
Plus,energy drink Light,2,2,0.69,16.56
Plus,fresh juice orange,4,4,1.19,3.99
Plus,mineral water carbonated,4,4,0.49,6.39
Plus,orange juice,2,2,2.19,3.99
Plus,orange juice fair trade,3,3,1.45,2.12
Plus,pineapple & mango,2,2,2.69,2.99
Plus,vitamin water lemon cactus 0% sugar,2,2,1.41,2.49
Plus,vitamin water mango guava 0% sugar,2,2,1.79,2.59
Plus,vitamin water raspberry pomegranate 0%,2,2,1.79,2.59
Promofarma,etixx Energy Boost 30comp,2,2,18.25,20.96
Publix,Big Red Soda,2,2,2.43,6.39
Publix,Body Armor Orange Mango Super Drink,2,2,1.93,7.75
Publix,DG Genuine Jamaican Cream Soda,2,2,1.31,2.43
Publix,Harmless Harvest Harmless Coconut Water,2,2,5.53,10.69
Publix,Life Wtr Purified Water,2,2,1.11,3.09
Publix,Mug Root Beer Soda,2,2,2.43,7.75
Publix,Proud Source Water Natural Alkaline Spring Water,2,2,1.65,2.53
Publix,"Publix 100% Orange Juice from Concentrate, Calcium & Vitamin D",2,2,2.97,4.87
Publix,Publix Club Soda,3,3,0.73,3.65
Publix,Publix Cola,3,3,1.09,3.65
Publix,"Publix Cola, Cherry",2,2,1.09,1.11
Publix,Publix Cream Soda,2,2,1.09,3.65
Publix,Publix Deli Old Fashioned Lemonade,2,2,2.21,3.31
Publix,Publix Deli Sweet Iced Tea,3,3,1.31,3.31
Publix,Publix Deli Unsweetened Tea,3,3,1.31,3.31
Publix,Publix Dr. Publix Soda,2,2,1.09,1.11
Publix,Publix Ginger Ale,4,4,0.73,3.65
Publix,"Publix Ginger Ale, Diet",2,2,1.09,3.65
Publix,"Publix Juice Cocktail, Cranberry",2,2,2.17,2.75
Publix,"Publix Juice, Lemon",3,3,2.21,2.87
Publix,Publix Premium Apple Juice,4,4,4.19,7.75
Publix,"Publix Soda, Diet, Lemon Lime",2,2,1.11,3.65
Publix,"Publix Soda, Lemon Lime",2,2,1.09,1.11
Publix,"Publix Tonic Water, with Quinine",4,4,0.73,3.65
Publix,"Publix Tonic Water, with Quinine, Diet",3,3,1.09,3.65
Publix,"Publix Water, Purified",2,2,0.95,4.41
Publix,"Publix Water, Spring",3,3,1.05,2.87
Publix,RC Cola Soda,2,2,2.43,2.65
Publix,Sierra Mist Lemon Lime Soda,2,2,2.43,3.65
Publix,"Ten Spring Water, Alkaline, with Electrolytes",3,3,1.69,5.53
Publix,Zephyrhills 100% Natural Spring Water,3,3,1.43,4.89
Publix,Zephyrhills Natural Florida Spring Water,3,3,1.49,4.09
Publix,Zephyrhills Natural Spring Water,2,2,2.21,3.09
Publix,cheribundi Tart Cherry Juice Original,2,2,3.69,7.75
Real,spreequell natural,2,2,0.72,0.86
Real,true fruits green smoothie No. 1,2,2,2.61,4.19
Real,vio bio Limo Grapefruit- red currant,2,2,0.53,1.56
Real Canadian Super Store,100% Pure Coconut Water,2,2,1.39,3.69
Real Canadian Super Store,Carbonated Natural Spring Water,2,2,1.59,4.99
Real Canadian Super Store,Cranberry Cocktail,3,3,1.79,4.0
Real Canadian Super Store,Cranberry Ginger Ale,2,2,1.49,6.49
Real Canadian Super Store,Cranberry Raspberry Cocktail,2,2,1.97,3.79
Real Canadian Super Store,Diet Root Beer,2,2,2.99,7.29
Real Canadian Super Store,Diet Tonic Water,2,2,1.49,6.49
Real Canadian Super Store,Distilled Water,2,2,1.0,15.99
Real Canadian Super Store,Ginger Ale,2,2,1.49,6.49
Real Canadian Super Store,Grape Drink,2,2,2.99,3.99
Real Canadian Super Store,Kosher Prune Juice,2,2,11.99,12.99
Real Canadian Super Store,Lemon Juice,2,2,5.49,5.99
Real Canadian Super Store,Lemonade,2,2,1.79,6.49
Real Canadian Super Store,Natural Spring Water,7,7,1.0,15.99
Real Canadian Super Store,No Sugar Added Raspberry Orange Fruit Plus Veggies 100% Juice,2,2,1.48,2.49
Real Canadian Super Store,Orange Juice with Pulp,2,2,4.49,6.49
Real Canadian Super Store,Original Lemonade,2,2,3.0,3.79
Real Canadian Super Store,Peach Cocktail,3,3,1.79,7.99
Real Canadian Super Store,Pink Grapefruit Sparkling Water,2,2,1.0,5.0
Real Canadian Super Store,Pulp Free Orange Juice,2,2,4.49,6.49
Real Canadian Super Store,Root Beer,2,2,2.99,7.29
Real Canadian Super Store,Ruby Red Grapefruit Juice,2,2,4.49,4.99
Real Canadian Super Store,Strawberry Lemonade,3,3,3.0,3.5
Real Canadian Super Store,Watermelon Sparkling Water,2,2,1.0,5.0
Rett hjem,farris Lime,2,2,34.66,63.77
Rett hjem,farris lemon,2,2,34.66,64.47
Rett hjem,farris natural,2,2,34.71,64.5
Rett hjem,imsdal,3,3,22.06,40.71
Rett hjem,realemon lemon juice,2,2,30.96,31.12
Rewe,Fritz-mate 0.33l,2,2,0.99,22.99
Rewe,alnavit bio Aronia mother juice 0.33l,2,2,2.99,5.99
Rewe,amecke gentle juices apple 1l,2,2,1.79,2.79
Rewe,bad love werda mineral water medium...,2,2,4.99,5.4
Rewe,fruit Tiger apple- strawberry 6x0.5l,2,2,0.79,5.94
Rewe,hella cherry 6x1.5l,3,3,0.99,8.34
Rewe,hella raspberry 6x1.5l,2,2,1.09,8.34
Rewe,lichtenauer mineral water medium 6x1l,3,3,0.55,5.4
Rewe,rhön sparkling water Apple Plus 12x0.75l,2,2,5.99,9.99
Rewe,rhön sparkling water mineral water natural 6x1l,2,2,3.54,3.79
Rewe,robby Bubble Apple- Cherry 0.75l,2,2,1.0,2.89
Rewe,rosbacher mineral water classic 6x0.75l,2,2,4.74,5.29
Rewe,sinalco cola mix 12x1l,2,2,0.69,6.99
Rewe,spreequell mineral water medium 1l,2,2,0.55,0.59
Rewe,spreequell mineral water natural 1l,2,2,0.55,0.59
Rewe,strange light 6x1l,2,2,0.65,5.29
Rewe,vilsa Classic 12x1l,2,2,4.99,5.29
Rewe,vilsa Medium 6x0.75l,2,2,3.3,5.29
Rewe,vio mineral water still 1l,2,2,0.85,0.99
Rewe,wolfra apple juice 1l,2,2,1.79,1.99
S-kaupat,Rainbow orange juice 1l,3,3,1.79,3.34
S-kaupat,beverage concentrate 0.5l,2,2,1.64,1.84
S-kaupat,beverage concentrate 1.0l,2,2,3.55,4.05
S-kaupat,champion orchard orange juice 1 l fruit flesh,2,2,2.8,3.95
S-kaupat,coop orange juice 1l,2,2,2.59,2.69
S-kaupat,juice pot Trip sugar free Mansikka-vadelmamehujuoma 2 dl,2,2,0.4,0.45
S-kaupat,sports drink 0.4 l,2,2,2.89,2.92
Shop Apotheke,Dr. goerg premium Bio- coconut water,2,2,2.49,28.29
Shop Apotheke,ROY Lemon kombucha,2,2,1.99,53.79
Shop Apotheke,granvero organic oats- turmeric Shot,4,4,6.9,109.2
Shop Apotheke,kulau Bio- coconut water Pure,2,2,2.39,5.19
Shop Apotheke,vital house cranberry juice pure organic,2,2,7.49,10.69
Shop Apotheke,vital house pomegranate pure juice Bio,3,3,6.09,12.69
Shop Pharmacie,nu3 fit Energy Drink,2,2,2.69,2.74
Shopping24,NONI 100% direct juice Bio 1000 ml,2,2,27.45,31.98
Shopping24,Noni 100% direct juice Bio,2,2,13.05,13.08
Shopping24,Noni 100% direct juice Bio 500 ml,2,2,13.86,14.42
Shopping24,Power Bar Electrolyte Drink 1l Strawberry- Lime 2019 mineral drinks,2,2,12.99,15.99
Shopping24,Power Bar Electrolyte Drink 1l Woodruff 2019 mineral drinks,2,2,15.99,19.95
Shopping24,Power Bar electrolyte Drink 1l Grapefruit 2019 mineral drinks,2,2,12.99,15.99
Shopping24,Power Bar electrolyte Drink 1l Passionfruit- Lime Zero Sugar with caffeine & L- carnitine 2019 mineral drinks,2,2,14.99,15.99
Shopping24,Power Bar electrolyte Drink 1l Sour Cherry 2019 mineral drinks,2,2,12.99,13.99
Shopping24,Power Bar electrolyte Drink 1l lemongrass- Citrus 2019 mineral drinks,2,2,11.99,13.99
Shopping24,aleavedis naturprodukte gmbh aronia juice 100% organic direct juice 330 ml,3,3,5.75,7.43
Shopping24,aleavedis naturprodukte gmbh sea buckthorn 100% organic direct juice,2,2,3.96,4.05
Shopping24,aleavedis naturprodukte gmbh sea buckthorn 100% organic direct juice 330 ml,3,3,4.18,5.81
Shopping24,allcura naturheilmittel gmbh goji juice organic 500 ml 00321483,2,2,10.85,11.46
Shopping24,axisis gmbh blueberry pure juice vital house 330 ml,2,2,6.86,6.99
Shopping24,axisis gmbh cranberry juice pure organic vital house 330 ml,2,2,4.26,4.82
Shopping24,axisis gmbh cranberry juice pure organic vital house 750 ml,8,8,7.07,10.06
Shopping24,axisis gmbh cranberry pure juice Bio vital house 750 ml,2,2,7.6,12.4
Shopping24,axisis gmbh pomegranate pure juice Bio vital house 330 ml,5,5,4.0,5.8
Shopping24,cranberry pure juice Bio vital house,2,2,6.75,7.62
Shopping24,fruit juice press vita garden Premium apple elderberries nectar,2,2,3.14,3.18
Shopping24,fruit juice press vita garden blueberry juice 03740418,2,2,4.12,4.2
Shopping24,graviola 100% organic direct juice 330 ml,2,2,12.02,13.31
Shopping24,overstim.s Antioxidant hydrixir Drink 600g Orange Mango 2019 nutritional supplement,2,2,19.9,19.99
Shopping24,sea buckthorn 100% organic direct juice 330 ml,2,2,4.63,4.81
Shopping4Net,natural diet Smoothie,2,2,25.0,39.0
Shopping4Net,nutrilett Smoothie,2,2,20.0,25.0
Sklavenitis,ZAGORI natural mineral water 1lt,2,2,0.44,1.38
Sokos,add to wish list,3,3,2.0,2.3
Spar,Battery Juiced,2,2,20.0,22.9
Spar,Crystal Clear peach,2,2,1.75,2.55
Spar,First Choice cola light,4,4,0.42,2.49
Spar,First Choice cola regular,5,5,0.62,3.49
Spar,Fresh & Juicy,2,2,29.9,30.9
Spar,Fun Light,3,3,35.5,42.9
Spar,Smoothie,3,3,19.9,22.9
Spar,Solo Super,3,3,16.9,52.9
Spar,Urge u / sugar,2,2,22.9,30.9
Spar,all i need Organic Green Tea,2,2,1.69,1.89
Spar,apple juice,3,3,38.9,45.9
Spar,double frisss boost apple peach,2,2,2.19,2.85
Spar,double frisss fruit drink apple peach,3,3,1.35,3.19
Spar,double frisss fruit drink raspberry cranberry,2,2,1.09,1.79
Spar,fernandes cherry bouquet,2,2,2.55,3.15
Spar,fernandes green punch,2,2,2.55,3.39
Spar,mezzo mix Cola- orange lemonade,2,2,1.35,1.59
Spar,rivella original,2,2,2.69,3.39
Spar,roman spring Emotion apricot elderflower,2,2,0.89,1.29
Spar,roman spring Emotion pear balm,2,2,1.09,1.29
Spar,roman spring mineral water mild,2,2,0.89,0.95
Spar,solar atura beet juice,2,2,1.99,3.65
Spar,solar atura cranberry juice,2,2,5.49,5.59
Spar,sourcecy vitamin water mango guava 0%,2,2,1.95,2.85
Spar,sourcecy vitamin water raspberry cranberry 0%,2,2,1.95,2.85
Spar,speci Cola- Mix Orange,2,2,1.99,2.59
Sportnahrung,Weider L- Carnitine Water -Best before 22.07.2021,3,3,0.9,1.79
Sportnahrung,all stars Iso Whey Pure Drink-MHD 27.07.2021,2,2,1.49,3.29
Sportnahrung,iron maxx Low Calories Sportsdrink-MHD 31.07.2021,2,2,6.9,14.9
SuperValu,Ballygowan Still Mineral Water (750 ml),2,2,1.75,2.6
Supermarche Match,natural mineral water,9,9,2.34,3.78
Supermarche Match,soft drink energizing,2,2,1.12,2.4
Supermarche Match,sparkling mineral water,4,4,2.89,3.96
Supermarche Match,sparkling natural mineral water,3,3,3.0,3.42
Supermarche Match,tea drink peach flavor,2,2,0.9,1.45
Target,Thick- It Clear Advantage Thickened Beverage Apple 64 oz. Bottle,2,2,16.47,17.72
Tesco,Emmi Caffe Latte Cappuccino Ready To Drink 230 Ml,2,2,1.85,1.99
Thebay.com,Sparkling Peach Matcha Drink,2,2,2.9,4.29
Thrive Market,"Sparkling Water, Ginger Meyer Lemon",2,2,1.99,8.99
Thrive Market,"Sparkling Water, Lavender Cucumber",2,2,1.99,8.99
Tigros,still water,4,4,0.99,1.92
Total Wine,Cutwater Bloody Mary Mix Spicy,2,2,5.99,6.99
Total Wine,Jose Cuervo Margarita Mix Strawberry,2,2,4.49,7.99
Total Wine,RC Cola,2,2,1.99,6.99
Trendyol,0.5 ml - 24 pcs,2,2,30.03,31.02
Trendyol,12's obsesso cold coffee Black tin 250 ml,2,2,403.83,473.2
Trendyol,12's obsesso cold coffee Mocha tin 250 ml.,3,3,403.83,664.48
Trendyol,24's obsesso cold coffee Black tin 250 ml,2,2,744.03,877.31
Trendyol,24's obsesso cold coffee Caramel macchiato tin 250 ml,2,2,744.03,1186.72
Trendyol,24's obsesso cold coffee Mocha tin 250 ml.,2,2,877.31,1186.72
Trendyol,250 ml. simple,2,2,21.95,101.7
Trendyol,330 ml. peach- rose pack of 6,2,2,590.0,960.4
Trendyol,4 obsesso cold coffee Black tin 250 ml,2,2,178.25,181.56
Trendyol,4 obsesso cold coffee Mocha tin 250 ml.,2,2,194.61,255.16
Trendyol,Basil Seeds Blueberry ( blueberries) flavored (330 ml x 6 pcs),2,2,275.9,295.67
Trendyol,Basil Seeds dragon fruit flavored (330 ml x 6 pcs),2,2,275.9,295.67
Trendyol,Basil Seeds strawberry / watermelon flavored 330 ml,2,2,93.84,103.9
Trendyol,DROPP ADDICT COLD BREW VANILLA ICE latte 6x250 ML,2,2,378.0,550.0
Trendyol,Fit Protein with coffee milk 500 ml.,2,2,60.2,92.3
Trendyol,Fresh Frozen pomegranate juice 1000 ml,2,2,242.65,290.4
Trendyol,Fresh Frozen pomegranate juice 1000 ml ( 9 pieces ),2,2,1584.7,1900.8
Trendyol,Smoothic Armut-seftali-elma-portakal-muz 330 ml ( 9 pieces ),2,2,1108.6,1329.6
Trendyol,Smoothic Cilek-uzum-elma-portakal-muz 330 ml ( 9 pieces ),2,2,1108.6,1329.6
Trendyol,Vitamin Water Antioxidant aromatic drink 500 ml,2,2,5.15,105.0
Trendyol,Vitamin Water Men Power 500 ml,2,2,29.0,45.0
Trendyol,apricot nectar 1000ml,2,2,69.0,119.0
Trendyol,apricot nectar 200 ml,2,2,14.95,80.0
Trendyol,apricot nectar 200 ml 9 pieces,2,2,188.6,225.6
Trendyol,baby water 12 pieces 200ml,10,10,39.0,143.9
Trendyol,black mulberry flavored powdered drink 250 gr,2,2,12.5,65.0
Trendyol,chamomile juice 1 l.,2,2,170.99,219.02
Trendyol,cherry nectar 1 lt ( 9 pieces ),2,2,631.35,757.2
Trendyol,cherry nectar 200 ml,2,2,29.9,80.0
Trendyol,cocoon disposable cocktail flavored powder drink 50's,5,5,167.88,404.9
Trendyol,cocoon disposable ginger honey lemon flavored powder drink 40's,4,4,203.98,359.9
Trendyol,cocoon disposable lemon flavored powder drink 50's,4,4,167.88,295.99
Trendyol,cocoon disposable mint-lemon flavored powder drink 50s,13,13,185.9,404.9
Trendyol,cocoon disposable orange flavored powder drink 50's,6,6,248.23,404.9
Trendyol,cocoon disposable peach flavored powder drink 50's,3,3,223.56,366.8
Trendyol,cocoon disposable sour cherry flavored powder drink 50's,6,6,163.9,295.99
Trendyol,cocoon disposable thyme flavored powder drink 50's,3,3,211.38,339.59
Trendyol,cold coffee Black tin 250 ml,5,5,40.0,66.59
Trendyol,cold coffee Black tin 250 ml (2),3,3,83.97,145.52
Trendyol,cold coffee Black tin 250 ml (24's),2,2,712.66,1186.72
Trendyol,cold coffee Black tin 250 ml (4),3,3,139.91,265.4
Trendyol,cold coffee Black tin 250 ml (6),2,2,200.44,352.44
Trendyol,cold coffee Black tin 250 ml (of 12),2,2,395.14,633.76
Trendyol,cold coffee Caramel macchiato tin 250 ml,3,3,55.24,66.27
Trendyol,cold coffee Caramel macchiato tin 250 ml (2),2,2,83.97,145.52
Trendyol,cold coffee Caramel macchiato tin 250 ml (24's),3,3,712.66,1425.09
Trendyol,cold coffee latte tin 250 ml (12's),2,2,395.14,582.53
Trendyol,cold coffee latte tin 250 ml (24's),4,4,1044.2,1248.16
Trendyol,cold coffee latte tin 250 ml (4),4,4,139.91,244.92
Trendyol,gilaburu nectar,2,2,269.9,289.9
Trendyol,gilaburu nectar 1 liter kayseri market,2,2,49.73,249.0
Trendyol,grapefruit juice 750cc,2,2,190.8,250.8
Trendyol,hibiscus tea - without sugar & calorie free 250 ml x 12 pcs Ice Tea,2,2,420.0,499.0
Trendyol,lemonade 1 lt. (2),2,2,168.25,178.35
Trendyol,mego cherry nectar 200ml 27 pieces,2,2,199.0,399.99
Trendyol,mego peach nectar juice 27 x 200 ml,2,2,399.99,475.0
Trendyol,mercury juice 1 liter.,3,3,145.99,219.02
Trendyol,milky banana flavored beverage powder 500 gr,2,2,26.9,99.0
Trendyol,mint and lemon flavored powdered drink 250 gr,2,2,12.0,69.0
Trendyol,orange carrot juice 330cc ( 9 pieces ),2,2,1108.6,1329.6
Trendyol,orange carrot juice 750cc,2,2,209.3,250.8
Trendyol,orange carrot juice 750cc ( 9 pieces ),2,2,1584.7,1900.8
Trendyol,orange juice 330cc ( 9 pieces ),2,2,949.9,1138.8
Trendyol,orange juice 750cc ( 9 pieces ),2,2,1584.7,1900.8
Trendyol,orange pomegranate juice 330cc ( 9 pieces ),2,2,1108.6,1329.6
Trendyol,orange pomegranate juice 750cc,2,2,219.65,262.8
Trendyol,orange pomegranate juice 750cc ( 9 pieces ),2,2,1584.7,1900.8
Trendyol,organic gilaburu nectar 1000 ml,2,2,41.47,44.9
Trendyol,organic gilaburu nectar juice 1lt x 3 pcs,2,2,659.0,660.0
Trendyol,peach nectar 200 ml,3,3,14.95,80.0
Trendyol,peach nectar 200 ml ( 9 pieces ),2,2,148.35,177.6
Trendyol,pomegranate flavored powdered drink 250 gr,2,2,12.0,50.0
Trendyol,pomegranate juice 750cc,2,2,231.15,277.2
Trendyol,pomegranate juice 750cc ( 9 pieces ),2,2,2095.3,2514.0
Trendyol,powder drink milky banana 250 gr,2,2,79.9,119.38
Trendyol,rose water 250 ml,2,2,25.9,26.88
Trendyol,sour cherry Frozen fruit puree 1.1 kg,2,2,52.99,69.9
Trendyol,strawberry juice 15x200 Ml. (24's),3,3,4044.68,5895.96
Trendyol,strawberry juice 15x200 ml. (2),2,2,403.53,569.1
Trendyol,strawberry juice 15x200 ml. (6's),2,2,946.42,1049.5
Trendyol,thyme juice 1 lt,2,2,115.9,139.0
Trendyol,thyme juice 1000 ml,2,2,33.0,89.9
Trendyol,turnip juice simple 1000 ml ( 1 pc ),3,3,109.2,167.7
Trendyol,turnip juice spicy 1000 ml ( 1 pc ),2,2,125.16,167.7
Trendyol,white grape juice 250 ml x 6 pcs,2,2,136.64,170.0
Trendyol,with coffee milk drink latte 330 ml ( 2 pieces ),2,2,168.0,299.0
Trendyol,with coffee milk drink latte 330 ml ( 5 pieces ),3,3,315.0,421.2
Trendyol,with strawberry lemonade 330cc ( 9 pieces ),2,2,1108.6,1329.6
Trendyol,with vitamins cold tea peach 250 ml,2,2,50.6,69.0
Trendyol,with vitamins cold tea peach 250 ml ( 9 pieces ),2,2,462.3,637.1
Trendyol,with vitamins ice tea lemon 250 ml,2,2,50.6,69.0
Trendyol,with vitamins ice tea lemon 250 ml ( 9 pieces ),2,2,462.3,637.1
Trendyol,with vitamins ice tea mandarin 250 ml,2,2,50.6,60.72
Trendyol,with vitamins ice tea original 250 ml,2,2,50.6,69.0
Voila,Big 8 Soda Grape 2 L,2,2,1.79,11.92
Voilà,A & W Soft Drink Root Beer 12 x 355 ml (cans),2,2,7.99,8.49
Voilà,Big 8 Soda Grape 2 L,2,2,1.79,13.52
Vomar,First Choice Regular Cola 330 ml,2,2,0.39,0.49
Vomar,cool best Fruit breakfast forest fruits 750 ml,2,2,1.89,2.45
Vomar,fruity king SMOOTHIE MANGO,2,2,0.99,2.49
Walmart,"(12 Bottles) Tres Agaves Margarita Mix, 1 L",2,2,106.38,108.94
Walmart,"(2 pack) OZARKA Brand 100% Natural Spring Water, 2.5-gallon jug",2,2,8.96,12.95
Walmart,"(4 Pack) Caffe D' Vita Java Chip Latte Blended Iced Coffee, 48 oz Canister",2,2,44.44,65.28
Walmart,", 100% Evaporated Coconut Water Powder - No Maltodextrin, No Fillers, No Additives - 1 Ingredient - Instant Mix (32 Ounce)",3,3,59.97,69.95
Walmart,", Oat Milk Lattes - Cold Brew with Coffee Berry Antioxidants, MCT Oil, Organic, Dairy Free, Gluten Free, Great as Iced Coffee, Lightly Sweetened with Dates - Classic, 8 Fl Oz (12 Pack)",2,2,59.99,61.99
Walmart,", Oat Milk Vanilla Lattes Cold Brew, Marine Collagen, MCT Oil, Oat Milk, Organic, Dairy Free, Gluten Free, Vegan, Great as Iced Coffee, Lightly Sweetened with Dates 8 Fl Oz (12 Pack)",2,2,33.49,50.76
Walmart,", Premium Pure Still Spring Water in an Eco- Friendly BPA Free Plant- Based Bottle - Naturally Alkaline, High 8.0 pH - Fully Recyclable Boxed Carton, 16.9 Fl Oz ( Pack of 12)",2,2,37.99,42.99
Walmart,", Spring Water, 16 Oz, 24 Pack, Bottled At The Source, Plastic- Free Recyclable Eco Friendly Aluminum",10,10,24.0,65.99
Walmart,- Organic Coconut Water No Sugar Added - 100% Natural and Organic - USDA Organic Certified - Kosher Certified - Made in Thailand - 33.8 fl oz ( Pack of 6),2,2,50.99,55.99
Walmart,"100 Coconuts Pure Coconut-100% Pure Coconut Water - Low Calorie All- Natural Drink With Electrolytes - Naturally Sweet, No Preservatives - Non- Gmo, 11 Fl Oz, Pack Of 12 ( Pure Coconut Water)",2,2,41.99,45.28
Walmart,"100 Coconuts Pure Coconut-100% Pure Coconut Water - Low Calorie All- Natural Drink with Electrolytes - Naturally Sweet, no preservatives - Non-GMO, 11 fl oz, Pack of 12 ( Pure Coconut Water)",5,5,28.99,38.99
Walmart,"100 Coconuts Pure Coconut-100% Pure Coconut Water - Low Calorie All- Natural Drink with Electrolytes - No Added Sugar or Sweeteners - Non-GMO, 11 fl oz, Pack of 12 ( Pure Coconut Water)",2,2,38.99,45.58
Walmart,"100% Organic Coconut Water, Non-GMO, Never From Concentrate (16.9 Fl. Oz, 12 Pack)",3,3,63.24,83.49
Walmart,100% Pure Coconut Water 1L - Low Calorie All- Natural Drink With Electrolytes - No Added Sugar Or Sweeteners - Non- Gmo - Gluten- Free - Pack Of 12 ( Each 33.8 Fl Oz),3,3,59.99,77.99
Walmart,"100% Pure Organic Coconut Water, 11.1 fl. oz. ( Pack of 24)",2,2,52.99,57.99
Walmart,2X- Dunkin' Brownie Batter Donut Iced Coffee - 11 fl oz,2,2,5.99,9.99
Walmart,2X- International Delight Mocha Iced Coffee - 2 qt,2,2,15.99,16.65
Walmart,2X- International Delight Vanilla Iced Coffee - 64 fl oz,2,2,16.02,16.75
Walmart,2X-KR 100% Apple Juice - 64 fl oz,2,2,8.98,8.99
Walmart,2X-KR 100% Orange Juice - 16 fl oz,2,2,5.5,5.83
Walmart,2X-KR Diet Tonic Water Cans - 1 liter,2,2,4.56,4.83
Walmart,2X-KR Grape Flavored Bottled Water - 10 fl oz - 15 bottles,2,2,10.93,10.98
Walmart,2X-KR Lemon Flavored Bottled Water - 10 fl oz,2,2,11.36,17.92
Walmart,2X-KR Lite Apple Juice Cocktail - 64 fl oz,2,2,9.37,15.92
Walmart,2X-KR Lite Orange Juice Beverage - 52 fl oz,2,2,12.94,12.95
Walmart,2X-KR Natural Spring Bottled Water - 16.9 fl oz - 24 bottles,2,2,12.21,12.7
Walmart,2X-KR No Sugar Added 100% Apple Juice - 8 fl oz - 6 bottles,2,2,11.29,12.21
Walmart,2X-KR Orange Juice - 8 oz - 6 bottles,2,2,15.56,21.98
Walmart,2X-KR Original 100% Orange Juice from Concentrate - 1 gal,2,2,23.01,23.54
Walmart,"2pcs Thick & Easy Thickened Water 46 oz. Bottle Lemon Flavor Ready to Use Consistency, 12863 - Sold by: Pack of One",2,2,34.7,41.16
Walmart,3 Pack Bene Fiber Fiber Drink Mix on the Go! Kiwi Strawberry Stick Packs 24 Each,2,2,44.66,55.99
Walmart,"35X Cold Brew Coffee Concentrate, Perfect for Instant Iced Coffee, Cold Brewed Coffee and Hot Coffee.",3,3,54.95,61.95
Walmart,"365 by Whole Foods Market, Coconut Water, 33.8 Fl Oz",4,4,7.0,15.87
Walmart,"365 by Whole Foods Market, Mineral Spring Water, 25.3 Fl Oz",2,2,7.99,11.39
Walmart,"365 by Whole Foods Market, Organic Apple Juice, 64 Fl Oz",5,5,6.46,14.11
Walmart,"365 by Whole Foods Market, Organic Coconut Water 4 Pack, 67.6 Fl Oz",5,5,16.2,42.99
Walmart,"365 by Whole Foods Market, Organic Coconut Water, 33.8 Fl Oz",6,6,6.35,25.99
Walmart,"365 by Whole Foods Market, Organic Cranberry Juice, 32 Fl Oz",3,3,7.64,12.29
Walmart,750 Ml Spring Water In Aluminum Can 12 Pk,2,2,51.98,69.15
Walmart,"A SHOC Accelerator Peach Paradise, 12- Fluid Ounce Can, Athlete Approved Energy, Zero Sugar, Natural Ingredients, Pack of 12",2,2,23.8,32.55
Walmart,"A SHOC Performance Energy Drink, Orange Freeze, 16 Ounce Can, Natural Energy Blend, BCA As, Ocean Mineral Electrolytes, and No Chemical Preservatives, 12-pack",2,2,35.99,45.76
Walmart,"ASPIRE Healthy Energy Drink Mango Lemonade, 24 Pack Zero Sugar, Calories or Carbs Keto, Vegan, Kosher Contains Natural Caffeine, Vitamins B & C - No Jitters or Crash 12oz Cans",2,2,59.8,82.54
Walmart,"Accelerator Cherry Limeade, 12- Fluid Ounce Can, Performance Energy, Sugar Free, Natural Ingredients, Pack of 12",2,2,38.99,45.26
Walmart,"Accelerator Orange Mango, 12- Fluid Ounce Can, Performance Energy, Sugar Free, Natural Ingredients, Pack of 12",2,2,45.27,47.41
Walmart,"Advocare Spark Energy Drink 14 single serve pouches - Pink Lemonade, NET WT 3.5oz",2,2,39.99,49.28
Walmart,Alkalife Water - Spring - Case of 12 - 33.8 FL oz.,2,2,55.93,74.35
Walmart,"Alkaline 8.5 Ph + Spring With Electrolytes, BPA Free And Eco- Friendly Packaging, 750 Ml (12 Pack)",2,2,39.11,44.0
Walmart,"Alkaline 8.5 Ph Spring With Electrolytes, BPA Free And Eco- Friendly Packaging, 750 Ml (12 Pack)",3,3,63.09,83.29
Walmart,"Alkaline Spring Water, 750 Ml (4 Pack)",2,2,20.65,37.13
Walmart,"Alkaline Spring Water, Natural Minerals + Electrolytes, Infinitely Recyclable Aluminum, BPA- Free (24 pack 12 oz Cans)",2,2,38.49,61.79
Walmart,"Alkaline Spring Water, pH 10, High in Electrolytes, 16.9 Fl Oz ( Pack of 24)",9,9,40.0,53.37
Walmart,"Alkaline Spring Water, pH 10, High in Electrolytes, 16.9 Ounce Bottle ( Pack of 24)",4,4,40.71,43.04
Walmart,"Alkaline88 Alkaline Water, 101 Fl Oz, 1 Ct",2,2,18.47,19.99
Walmart,Alkaline88 Purified Ionized Water with Himalayan Minerals & Electrolytes. Perfectly balanced for your body with 8.8pH. 1- Gallon Case - (4) 1 Gallon bottles per case,3,3,17.99,59.95
Walmart,"Alkaline88 Purified Ionized Water with Himalayan Minerals, 1 Gallon (4 Pack), 8.8pH Balance with Electroytes for Deliciously Smooth Taste, 100% Recyclable",2,2,41.99,49.33
Walmart,"Alkaline88 Purified Ionized Water with Himalayan Minerals, 500mL (24 Pack), 8.8pH Balance with Electrolytes for Deliciously Smooth Taste, 100% Recyclable",2,2,59.99,65.81
Walmart,"Amp Energy, Original, Caffeine, B Vitamins, 16 Fl Oz. Cans (12 Pack)",2,2,23.95,26.38
Walmart,Amy & Brian Natural Coconut Juice With Pulp,2,2,67.04,77.82
Walmart,"Amy & Brian Pure Coconut Water with Pulp, Non-GMO, No Sugar Added, Refreshing and Hydrating Real Coconut Water, 17.5 Fl Oz ( Pack of 12)",2,2,53.78,55.15
Walmart,Amy And Brian - Coconut Water - Original - Case Of 12 - 17.5 Fl Oz.,2,2,55.24,85.67
Walmart,Amy and Brian - Coconut Water - Original - Case of 12 - 17.5 Fl oz.,3,3,56.13,79.46
Walmart,Amy and Brian - Coconut Water - Original - Case of 6 -33.8 fl oz.,3,3,56.6,75.29
Walmart,Amy and Brian - Coconut Water with Pulp - Case of 12 - 17.5 fl oz.,2,2,68.96,78.72
Walmart,Amy and Brian Coconut Water in Tetra Pak Original - 33.8 fl oz Pack of 2,2,2,26.77,30.27
Walmart,Amy and Brian Coconut Water in Tetra Pak Original - 33.8 fl oz Pack of 4,2,2,42.34,43.84
Walmart,"Ancient Infusions Sassafras Concentrate Instant Tea, 12- Ounce Bottles ( Pack of 6)",3,3,26.62,38.6
Walmart,"Ancient Infusions Tea Concentrates: Your Choice of Sassafras Tea, Green Tea, Raspberry Tea or Peach Tea 12 oz. Bottles ( Green Tea, 2 Bottles)",2,2,24.99,40.99
Walmart,"Ancient Infusions Tea Concentrates: Your Choice of Sassafras Tea, Green Tea, Raspberry Tea or Peach Tea 12 oz. Bottles ( Raspberry Tea, 2 Bottles)",2,2,24.99,27.99
Walmart,"Aqua Care : Pre- Thickened Cranberry Juice, -thick liquid, (1 Case: 24 x 8 oz. Bottles)",2,2,81.65,84.41
Walmart,Autoster Nuun Hydration Drink Tab - Energy - Wild Berry - 10 Tablets - Case of 8 - 1791276,2,2,70.25,71.26
Walmart,Autoster Only What You Need - Plant Based Protein Shake - Cold Brew Coffee - Case of 12 - 12 fl oz. - 2199438,2,2,72.35,85.9
Walmart,"BAWLS Guarana Ginger Ale, BAWLS Guarana Drink, Guarana Soda, Guarana Fueled Soda for Energy, High Energy Caffeinated Drink, 10oz 24 Pack Glass Bottles",2,2,55.99,59.99
Walmart,"BJYF """" Not As Hot"""" Ginger Ale 12- Ounce Glass Bottle ( Pack of 12)",2,2,38.88,43.36
Walmart,"BOLT24 Antioxidant, Advanced Electrolyte Drink Fueled by Gatorade, Vitamin A & C, Tropical Mango, No Artificial Sweeteners or Flavors, Great for Athletes, 16.9 Fl Oz, 12pk",2,2,1.28,22.2
Walmart,"BOLT24 Energize + Caffeine, Advanced Electrolyte Drink Fueled by Gatorade, Vitamin A & C, 75mg Caffeine, Orange Passion Fruit, No Artificial Sweeteners or Flavors, Great for Athletes, 16.9 Fl Oz, 12pk",2,2,1.28,29.95
Walmart,"BUBBL'R Sparkling Water, 3 Flavors with Natural Caffeine, triple berry breez'r, twisted elix'r, tropical dream'r, Antioxidants, 0 Sugar - 12 Fl Oz Cans, 12 Count",2,2,24.9,26.98
Walmart,"BUBBL'R lemon lime twist'r, Antioxidant Sparkling Water with Natural Caffeine, 0g Sugar, Gluten Free, All Natural Flavors, 12 Fl Oz Cans, 12 Count",2,2,30.0,37.2
Walmart,"BUBBL'R triple berry breez'r, Antioxidant Sparkling Water with Natural Caffeine, 0g Sugar, Gluten Free, All Natural Flavors, 12 Fl Oz Cans, 12 Count",2,2,29.75,47.64
Walmart,"Bai Flavored Water, Kula Watermelon, Antioxidant Infused Drinks, 18 Fluid Ounce ( Pack of 12)",2,2,69.99,94.99
Walmart,Bare Nature Peach Vitamin Iced Tea (20oz / 12pk),2,2,21.99,44.0
Walmart,"Bare Nature Vitamin Green Tea with Ginger & Honey, 20 Fl Oz. Bottles, 12 Ct",2,2,19.15,45.05
Walmart,"Bare Nature Vitamin Iced Tea - Peach, 20 Fl Oz Bottles, 12 Ct",2,2,25.98,30.35
Walmart,"Barritt's Mixers - Sugar Free Diet Ginger Beer, Non- Alcoholic Soda Cocktail Mixer, 7.5 fl oz Cans, 24 Pack, Mini, 0 Calories, No Aspartame",2,2,45.0,50.0
Walmart,Beautops Nuun Hydration Drink Tab - Energy - Wild Berry - 10 Tablets - Case of 8 - 1791276,2,2,71.26,72.28
Walmart,Beautops Only What You Need - Plant Based Protein Shake - Cold Brew Coffee - Case of 12 - 12 fl oz. - 2199438,2,2,73.39,87.13
Walmart,"Big Red Cream Soda Pop, 12 Fl Oz, 24 Pack Cans",4,4,6.98,18.97
Walmart,"Big Red Cream Soda Pop, 16.9 Fl Oz, 6 Pack Bottles",2,2,2.68,3.48
Walmart,"Big Red Low Sodium Cream Soda Pop, 12 Fl Oz, 12 Pack Cans",2,2,4.98,13.99
Walmart,"Big Red Low Sodium Cream Soda Pop, 2 Liter Bottle",2,2,1.25,1.33
Walmart,"Big Red Soda Soft Drink, 12 Fl Oz ( Pack of 24)",5,5,21.42,30.79
Walmart,"Big Red Soda Soft Drink, 12 Ounce (18 Cans)",2,2,24.0,29.99
Walmart,"Bizzy Organic Cold Brew Coffee, Breakfast Blend, Unsweetened, 48 oz",2,2,5.48,6.23
Walmart,"Black Rifle Coffee Co. Rich Mocha Espresso 300 Triple Shot, 12- Pack 15 fl oz Cans",2,2,39.95,40.95
Walmart,"Black Rifle Coffee Company RTD ( Caramel Vanilla, 15 Fl Oz ( Pack of 12))",2,2,39.9,41.38
Walmart,"Black Rifle Coffee RTD ( Berry Mocha Espresso, 15 Fl Oz ( Pack of 12))",2,2,25.99,37.64
Walmart,"Blenheim """" Not As Hot"""" Ginger Ale 12- Ounce Glass Bottle ( Pack of 12)",9,9,34.97,67.98
Walmart,"Blenheim Ginger Ale Hot, 12 Ounce (12 Glass Bottles)",3,3,45.03,58.95
Walmart,"Bloom Nutrition High Energy Pre Workout Powder, Amino Energy with Beta Alanine, Ginseng & L Tyrosine, Natural Caffeine Powder from Green Tea Extract, Sugar Free & Keto Drink Mix",2,2,29.0,56.0
Walmart,Blue Tokai Classic Bold Cold Brew Cans | Ready to Drink Coffee | Made with 100% Arabica Coffee | Pack of 6 ( 250ml x 6 ),2,2,49.0,77.0
Walmart,"Body Armor Super Drink 16 Oz, Pack of 12, FRUIT PUNCH",2,2,19.89,36.4
Walmart,"Bolt24 Tropical Mango Sports Drink, 500mL Bottles",2,2,1.99,2.77
Walmart,"Bolt24 Watermelon Strawberry Sports Drink, 500ml Bottle",2,2,1.99,2.77
Walmart,"Bones Coffee Company Ready to Drink Cold Brew Can, Sinn-O- Bun Flavor, 11 fl oz",2,2,5.6,15.8
Walmart,"Borsec Mineral Water, 50.7 Fl Oz ( Pack of 6)",2,2,37.99,38.6
Walmart,Bossen 2.2 lb. Matcha Green Tea Powder Mix,2,2,49.99,61.99
Walmart,"Brew Dr. Kombucha, Island Mango with Passionfruit and Ginger, Organic, Probiotic Tea - 14 oz bottle",2,2,2.67,2.78
Walmart,Bru Coffee 3.5 Oz Bottle,2,2,17.83,19.09
Walmart,Bruce Cost - Unfiltered Ginger Ale - Original - 12 oz (12 Glass Bottles),2,2,42.0,57.96
Walmart,Bruce Cost Fresh Ginger Ale Pomegranate Hibiscus - Case of 12,3,3,42.99,58.8
Walmart,"Bubble Up Lemon Lime Soda, 12 Ounce (12 Glass Bottles)",11,11,38.25,71.46
Walmart,CHAMELEON COLD-BREW Organic Smooth Black Coffee 10 fl. oz. Bottle 10 fl oz.,2,2,5.1,25.86
Walmart,"CLEAN Cause Low Calorie Lemon Lime USDA Organic Sparkling Yerba Mate Tea (16oz cans, 12- Pack Case) Low Sugar, 160mg Caffeine, Healthy Alternative to Soda & Energy Drinks.",2,2,47.99,49.99
Walmart,CLIF Athlete Series Lemon Lime- Ade Hydration Electrolyte Drink Mix 15.52 oz. Pouch,2,2,19.99,24.04
Walmart,"CM Organics 100% Honey Crisp Apple Juice, 32 oz",2,2,9.39,14.91
Walmart,"Cactus Cooler Orange Pineapple Soda Pop, 12 fl oz, 12 Pack Cans",2,2,19.68,25.0
Walmart,Caffe D Vita Mocha Latte Blended Iced Coffee 6 1lb canisters,2,2,42.66,53.97
Walmart,Carnation Breakfast Essentials Powder Drink Mix,3,3,27.23,47.96
Walmart,Chamberlain Coffee Mocha Oat Milk Latte 11 fl oz Can,2,2,5.1,6.99
Walmart,"Chamberlain Coffee Vanilla Oat Milk Latte, 11 fl oz Can",2,2,3.97,6.91
Walmart,"Chameleon Cold- Brew Organic Coffee Liquid Concentrate, Caramel, 32 fl. oz. bottle Cold- Brew Coffee Beverage Made with Ethically Sourced Coffee Beans 32 fl oz.",2,2,13.99,50.81
Walmart,Chameleon Espresso Organic Cold Brew Coffee 10 fl oz.,2,2,5.1,22.99
Walmart,"Cheerwine Diet Cherry Soda Soft Drink, 12 oz (12 Pack)",2,2,23.99,27.01
Walmart,"Cheribundi Juice Cherry Tru,32 Oz ( Pack Of 6)",2,2,42.7,51.02
Walmart,"Cheribundi Original Tart Cherry Superfruit Juice, 32 FL oz.",2,2,5.16,5.58
Walmart,"Chobani Coffee Cold Brew, Pure Black 32 fl oz",2,2,4.28,4.48
Walmart,"Chobani Coffee, Cold Brew with Sweet Creamer 32 fl oz",2,2,3.78,4.48
Walmart,"Clear American Black Cherry Sparkling Water, 12 fl oz, 12 Count",4,4,4.97,16.99
Walmart,"Clear American Black Cherry Sparkling Water, 33.8 fl oz",3,3,0.57,10.3
Walmart,"Clear American Cherry Limeade Sparkling Water, 12 fl oz, 12 Count",2,2,13.96,15.99
Walmart,"Clear American Cherry Limeade Sparkling Water, 33.8 Fl Oz, Bottle",2,2,0.57,0.7
Walmart,"Clear American Cherry Limeade Sparkling Water, 33.8 fl oz",2,2,6.98,7.99
Walmart,"Clear American Fuji Apple Sparkling Water, 33.8 fl oz",4,4,0.57,8.85
Walmart,"Clear American Mandarin Orange Sparkling Water, 12 fl oz, 12 Count",2,2,12.5,17.5
Walmart,"Clear American Peach Sparkling Water, 33.8 fl oz",5,5,0.57,9.95
Walmart,"Clear American Pineapple Coconut Sparkling Water, 33.8 Fl Oz, Bottle",2,2,0.57,0.7
Walmart,"Clear American Sparkling Water, Blackberry Lemonade, 33.8 fl oz",2,2,0.57,0.7
Walmart,"Clear American Sparkling Water, Candied Rainbow, 33.8 fl oz",4,4,0.98,10.43
Walmart,"Clear American Sparkling Water, Key Lime 33.8 fl oz",2,2,0.57,0.7
Walmart,"Clear American Sparkling Water, Mandarin Orange, 33.8 fl oz",3,3,0.57,12.85
Walmart,"Clear American Sparkling Water, Orange & Cream, 33.8 fl oz",4,4,0.57,6.5
Walmart,"Clear American Sparkling Water, Peach, 12 fl oz, 12 Count",5,5,3.57,13.97
Walmart,"Clear American Sparkling Water, Pineapple Coconut, 12 oz, 12 Count",2,2,4.97,11.9
Walmart,"Clear American Sparkling Water, Strawberry, 33.8 fl oz",2,2,0.57,0.7
Walmart,"Clear American Sparkling Water, White Grape, 33.8 fl oz",2,2,0.68,0.84
Walmart,"Clear American Sparkling Water, Wild Cherry, 33.8 fl oz",6,6,0.57,10.0
Walmart,"Clear American Strawberry Sparkling Water, 12 fl oz, 12 Count",4,4,3.88,21.98
Walmart,"Clear American Unsweetened Blackberry Sparkling Water, 12 fl oz, 12 Count",3,3,3.57,4.34
Walmart,"Clear American Unsweetened Lime Sparkling Water, 12 Fl Oz, 12 Pack Cans",2,2,2.98,4.12
Walmart,"Clear American Unsweetened Strawberry Sparkling Water, 12 Fl Oz, 12 Pack Cans",3,3,3.57,4.34
Walmart,"Clearly Canadian Sparkling Flavored Water (4 Flavor Sampler, 12 Pack Variety)",2,2,40.75,47.09
Walmart,"Clearly Sparkling Spring Water Beverage, Natural & Carbonated Seltzer Water, 1 Case (12 Bottles x 325mL)",2,2,54.99,59.99
Walmart,"Co Co Joy Natural Coconut Water, 100% Coconut Water, Fresh, Low- Calorie, High- Calcium, Nutrient- Rich Coconut- Water Drink with Electrolytes, Potassium, and Other Nutrients, 12 pack",5,5,49.99,62.34
Walmart,"Co Co Joy Natural Coconut Water, 100% Coconut Water, Fresh, Low- Calorie, High- Calcium, Nutrient- Rich Coconut- Water Drink with Electrolytes, Potassium, and Other Nutrients, 6 pack",4,4,46.79,52.99
Walmart,Coco Goods Co Single- Origin Natural Coconut Water with Fresh Passion Fruit Juice 16.9 fl. oz ( Pack of 12),2,2,42.17,61.26
Walmart,Coconut Water 11.8 OZ Pack Of 6,2,2,41.78,56.17
Walmart,"Coconut Water Organic Drink 32 Fl Oz - Natural Electrolyte Hydration, No Sugar Added, No Artificial Ingredients, Original Coconut Water, 6 Pack",3,3,56.99,76.99
Walmart,"Coconut Water Original, 10 Fl Oz ( Pack of 24)",6,6,39.88,49.88
Walmart,"Coconut Water Original, 10 Fl Oz Pack of 24.",2,2,39.88,44.88
Walmart,"Coconut Water With Coconut Pulp, 16.57 Fl Oz Per Can | Pure Coconut Water | No Sugar Added | Not From Concentrate | Non-GMO | Refreshing Coconut Water ( Pack Of 12)",2,2,25.99,58.99
Walmart,"Coconut Water, 8.75 Ounce ( Pack Of 12)",3,3,54.99,62.39
Walmart,"Coffee Cold Brew Coffee Concentrate, House Blend, 32 Ounce, Makes 16 Drinks",3,3,22.09,33.88
Walmart,"Coffee Concentrate - 35 Servings, Cold Brew Coffee and Hot Coffee",4,4,22.45,52.16
Walmart,"Coffee Liquid Coconut Mocha, 32 Oz",2,2,29.9,32.4
Walmart,"Coffee Shots - 225mg Caffeine, Vanilla Latte, Ready-to- Drink on the go, Pack of 12",2,2,44.99,54.99
Walmart,"Cold Brew Coffee Vegan Organic & Non-GMO 3X Original Black, 3X Oat Milk Latte, 3X Oat Milk Mocha, 3X Oat Milk Vanilla Latte 7 Fl. Oz. Cans (12 Pack)",2,2,43.99,58.99
Walmart,"Collins Simple Syrup, Classic Simple Syrup, Soda Water Flavors, Simple Syrup for cocktails, Raw Sugar Simple Syrup, Old Fashioned Syrup, 12.7 Ounces, Set of 1",2,2,10.09,13.1
Walmart,"Community Coffee Caramel Pralines and Cream Iced Latte Ready To Drink, 13.7 Ounce Bottle",4,4,10.0,10.73
Walmart,Community Coffee Latte Iced Vanilla Waffle 13.7 oz,2,2,2.99,5.01
Walmart,Community Coffee Mocha White Chocolate Iced Latte Ready To Drink 13.7 Ounce Bottle,2,2,6.95,8.85
Walmart,"Community Coffee Vanilla Waffle Cone Iced Latte Ready To Drink, 13.7 Ounce Bottle",2,2,5.28,7.05
Walmart,"Concentrate - Cold Brew Coffee, Perfect for Instant Iced Coffee, Cold Brewed Coffee and Hot Coffee, 35 Servings - Caramel Brulee",4,4,36.99,46.87
Walmart,"Concentrate - Cold Brew Coffee, Perfect for Instant Iced Coffee, Cold Brewed Coffee and Hot Coffee, 35 Servings - Original",4,4,39.87,44.87
Walmart,"Conchita Coconut Water, 11.8 OZ ( Pack of 3)",2,2,28.99,31.88
Walmart,Cortas Premium Rose Water 10 oz - Pack 2,2,2,11.97,13.99
Walmart,"Country Time Drink Mix, Lemonade, 82.5 oz",2,2,17.95,20.96
Walmart,"Craftmix Skinny Margarita Cocktail Mixers - Makes 12 Drinks - Zero Sugar, Zero Net Carbs, Zero Calories, All- Natural Mocktail Drink Mixers - Real Fruit - Vegan, Non-GMO, Dairy Free, Gluten Free",2,2,27.25,27.47
Walmart,"Crazy Water ( Mineral Wells, TX) Natural Alkaline Mineral Water 1L Bottle ( Pack of 9) Select Flavor Below ( Sampler Pack 3 each of: no. 2 no. 3 & no. 4)",3,3,43.99,52.5
Walmart,"Crazy Water ( Mineral Wells, TX) Natural Alkaline Mineral Water 1L Bottle ( Pack of 9) Select Flavor Below (no. 4 - The Craziest)",4,4,45.99,52.99
Walmart,"Creative Roots Watermelon Lemonade Naturally Flavored Coconut Water Beverage, 4 ct Pack, 8.5 fl oz Bottles",2,2,2.98,8.88
Walmart,"Crush Caffeine- Free Pineapple Soda, 20 Fl. Oz.",2,2,1.97,1.98
Walmart,"Crush Grape Soda, 12 fl oz cans, 12 pack",2,2,8.48,13.0
Walmart,"Crush Liquid Water Enhancer, Orange",2,2,2.48,8.97
Walmart,Crush Soft Drink Cans ( Orange) ( Pack of 3),2,2,24.59,29.59
Walmart,"Crush, Orange Powder Drink Mix - (12 boxes, 72 sticks) Sugar Free & Delicious, Makes 72 flavored water beverages",2,2,19.09,25.6
Walmart,"Culture Pop Sparkling Probiotic Soda, Strawberry, 12 Fl Oz Cans ( Pack of 12)",2,2,31.5,32.99
Walmart,"DECAF Cold Brew Coffee On Tap, 96 Fl Oz - Extra Strong, Smooth, Unsweetened, Shelf- Stable, And Ready To Drink Iced Coffee, Cold Brewed Coffee, Cold Coffee",2,2,31.99,35.99
Walmart,"DECAF Cold Brew Coffee On Tap, 96 fl oz - Extra Strong, Smooth, Unsweetened, Shelf- Stable, and Ready to Drink Iced Coffee, Cold Brewed Coffee, Cold Coffee",4,4,51.99,59.99
Walmart,"Diet Rite Pure Zero Diet Cola Soda, 12 Fl Oz ( Pack of 24)",2,2,35.19,35.25
Walmart,"Diet Rite Pure Zero Soda, 2 L",2,2,1.0,1.25
Walmart,"Distilled Water 9.5 Ph 12 Pk, 33.8 FZ",3,3,56.09,77.19
Walmart,"Donuts Iced Coffee, 3 Mocha, 3 French Vanilla, 13.7 Fl Oz, Total 6 Bottles",2,2,43.57,46.34
Walmart,"Dr. Brown's Regular Extra Dry Ginger Ale Soda, 12 Oz (24 Cans)",2,2,10.99,76.15
Walmart,"Drink Orange Juice ( Consistency), 4- Ounce Portion Control Cups ( Pack of 24)",9,9,39.85,48.02
Walmart,"Drink Orange Juice ( Nectar Consistency), 4- Ounce Portion Control Cups ( Pack Of 24)",3,3,26.35,45.98
Walmart,Dunkin Donuts Dunkin' Origi 48z,2,2,4.82,4.88
Walmart,Dunkin Donuts Dunkin'unsweetened 48z,2,2,4.82,4.88
Walmart,"Dunkin' French Vanilla, Iced Bottled Coffee Drink, 13.7 fl oz",4,4,2.98,14.8
Walmart,"Dunkin' Mocha, Iced Bottled Coffee Drink, 13.7 fl oz",3,3,2.98,19.9
Walmart,"Dunkin' Original Iced Coffee, 13.7 Oz Bottle",2,2,42.95,85.0
Walmart,"Dunkin' Original, Iced Bottled Coffee Drink, 13.7 fl oz",2,2,2.98,9.95
Walmart,El Mexicano Coconut Juice 16.9 fl oz,2,2,1.48,1.56
Walmart,"Electrolyte Mix Super Hydration Formula + Trace Minerals | New! Blueberry- Pomegranate Flavor (30 Powder Packets) Sports Drink Mix | Dr. Price's Vitamins | No Sugar, Non-GMO, Gluten Free & Vegan",2,2,22.95,37.47
Walmart,Eska Natural Spring Water,2,2,1.25,2.97
Walmart,"Evamor Natural Alkaline Artesian Water, 64 Fl. Oz, ( Pack of 6)",2,2,43.0,43.99
Walmart,"Evamor Natural Alkaline Artesian Water- Alkaline Natural Artesian Water, Plastic Water Bottles, Recyclable, 20 Fl Oz ( Pack of 12)",2,2,35.2,38.0
Walmart,Ever & Ever - Water - 16 fl.oz - pack of 12,2,2,27.98,34.96
Walmart,"Ever & Ever Still Water, 16 fl oz Bottle Can ( Pack of 12)",2,2,17.88,39.02
Walmart,Faraon Aloe Vera Original Flavored Drink comes in a 1.5 Liter (50.7 OZ) PET bottle with a recloseable lid. Each bottle of Faraon Aloe Vera Juice is naturally sweetened with honey.,2,2,2.88,3.28
Walmart,"Frannie's Sparkling Beverage- Zero Calories & Sugar, Aspertame Free: Your Choice of Seven Different Flavors- 8 / 12 oz. Cans Very Vanilla Creme",2,2,21.99,22.99
Walmart,"Fruit Of The Earth Aloe Vera Drink, Wild Bery, 128 Fl Oz, 1 Count",2,2,6.44,6.92
Walmart,"G Zero Thirst Quencher, Fruit Punch, 12 Ounce, 24 Count, 24 Count",2,2,29.95,32.25
Walmart,"Ginger Ale Hot, 12 Ounce (12 Glass Bottles)",3,3,48.92,56.34
Walmart,Ginger Ale Pomegranate Hibiscus - Case of 12,2,2,61.8,63.19
Walmart,"Gold Medal, 100% Juice, 10oz Glass Bottle ( Pack of 6, Total of 60 Oz)",2,2,36.0,39.29
Walmart,Goldthread Hawaiian Ginger Herbal Tonic - Case of 6 - 12 FZ,2,2,40.49,53.07
Walmart,Grace 100% Pure Coconut Water 500ml (12 Pack),2,2,68.37,69.51
Walmart,"Grady's Cold Brew New Orleans- Style Iced Coffee Concentrate Bean Bags, 8 Oz",2,2,7.36,38.0
Walmart,GuS Grown- Up Soda | Lightly Sweetened Sodas with Real Juices | 12 Fl Oz ( Pack of 24) ( Extra Dry Ginger Ale),2,2,59.39,74.99
Walmart,GuS Soda - Extra Dry Ginger Ale - 12 oz (24 Glass Bottles),2,2,44.99,99.99
Walmart,"H- Factor Hydrogen Infused Water, 11 fl. oz - Pack of 12",2,2,34.47,43.29
Walmart,"Harmless Harvest Coconut Water - 100% Pure Refreshing Organic Coconut Water, 8.75 fl oz",2,2,14.5,48.25
Walmart,Harmless Harvest Harmless Coconut Water,2,2,8.98,10.24
Walmart,"Harmless Harvest Organic Coconut Harvest, 16 Fl. Oz.",3,3,4.38,5.46
Walmart,"Harmless Harvest Organic Coconut Smoothie Blend of Coconut Water and Coconut Meat, Hydration & MC Ts, No Sugar Added, Vegan, Fair for Life Certified, Original Smoothie 10 Fl Oz ( Pack of 12)",5,5,47.24,59.99
Walmart,"Harmless Harvest Organic Coconut Water Drink, Hydrate with Natural Electrolytes, No Sugar Added, Fair for Life Certified, Original Coconut Water 12 Fl Oz ( Pack of 12)",2,2,45.29,46.29
Walmart,"Harmless Harvest Organic Coconut Water Drink, Hydration with Natural Electrolytes, No Sugar Added, Fair for Life Certified, Pure Coconut Water 12 Fl Oz ( Pack of 24)",8,8,50.98,124.69
Walmart,"Harmless Harvest Organic Coconut Water Drink, Hydration with Natural Electrolytes, No Sugar Added, Fair for Life Certified, Pure Coconut Water, Watermelon 12 Fl Oz ( Pack of 12)",3,3,42.29,45.99
Walmart,"Harmless Harvest Organic Coconut Water, Original, 12 Fl Oz ( Pack of 4)",4,4,18.49,23.98
Walmart,"Harmless Harvest Raw Organic Coconut Water, 16 oz",3,3,6.99,100.0
Walmart,"Harmless Harvest, Coconut water with pulp, 16 Fl Oz Bottle",5,5,7.49,10.99
Walmart,"Hawaiian Springs- Natural Artesian Bottled Water | Volcanic Enhanced Alkaline Electrolytes | Sourced On Big Island, Hawaii | 1L ( Pack of 12)",2,2,63.86,90.44
Walmart,"Heywell Sparkling Adaptogenic Water Calm and Restore, Blackberry Ginger Flavor 12 Fluid Ounce ( Pack of 12) - Non Caffeinated, Organic, Non GMO, Vegan, Gluten Free, Dairy Free",2,2,45.0,48.63
Walmart,"Hiball Energy Grapefruit Sparkling Energy Water, Zero Sugar and Zero Calorie Energy Drink, 16 Fluid Ounce Cans, 8 Count",2,2,20.72,34.99
Walmart,"Hiball Energy Seltzer Water, Caffeinated Sparkling Water Made with Vitamin B12 and Vitamin B6, Sugar Free (4 pack of 12 Fl Oz), Watermelon Mint",2,2,17.3,20.44
Walmart,"Hiball Energy Wild Berry Sparkling Energy Water, Zero Sugar and Zero Calorie Energy Drink, 16 Fluid Ounce Cans, Pack of 8",2,2,20.0,28.49
Walmart,Highlands Coffee Vietnamese Ice Coffee With Condensed Milk (CA PHE SUA DA) 7.9 Oz Coffee Can Roast Medium Can,3,3,30.99,99.59
Walmart,"Hormel Drink Thick & Easy Orange Juice ( Nectar Consistency), 4- Ounce Portion Control Cups ( Pack of 24)",5,5,27.8,67.99
Walmart,Hormel Food Sales Thickened Beverage Thick & Easy 4 oz. Portion Cup Apple Juice Flavor Ready to Use Honey Consistency Case of 24,2,2,20.11,26.7
Walmart,"ICEE Zero Calorie Cherry, Blue Raspberry, Orange and Mango Liquid Water Enhancer Drink Mix, Natural Flavor Drops, Sugar Free, 1.62 Fl Oz Concentrate (48 ml) - 4 Ultimate Variety Pack",2,2,15.06,21.15
Walmart,"Iced Coffee Latte (8 Fl. Oz, 12 Pk.)",3,3,42.19,53.4
Walmart,Iceland Natural Spring Water (12 Bottles / 1.5 Liters per bottle),6,6,15.9,34.49
Walmart,Iceland Spring Water (12X50.7 Oz)12,2,2,56.09,78.59
Walmart,Iceland Spring Water (12x50.7 Oz)12,6,6,69.84,105.19
Walmart,Inca Kola Soda 24 Pack 12 Oz. Cans by,3,3,31.5,44.99
Walmart,"International Delight Caramel Macchiato Iced Coffee, 64 Oz.",3,3,3.7,4.86
Walmart,"International Delight Light Mocha Iced Coffee, 64 Oz.",2,2,3.7,4.28
Walmart,"International Delight Mocha Iced Coffee, 64 Oz.",3,3,3.7,4.74
Walmart,"International Delight Vanilla Iced Coffee, 15 Oz.",2,2,2.29,2.52
Walmart,"International Delight Vanilla Iced Coffee, 64 Oz.",3,3,3.7,4.86
Walmart,"International Delight Vanilla Iced Coffee, Half Gallon",2,2,11.99,12.88
Walmart,"Island Oasis SB3X Premium Pina Colada Drink Mix Bottle, 1 L",3,3,18.99,25.82
Walmart,"Italian Volcano Juice, Lemon, 33.8 Fl Oz, 1 Count",2,2,17.99,22.93
Walmart,Italian Volcano USDA Organic Lemon Juice 1 Liter Bottle - 2 Pack,3,3,21.89,31.99
Walmart,"JAVA HOUSE Cold Brew Coffee, Colombian 4:1 Liquid Concentrate, 32 Ounce Bottle",2,2,37.99,42.99
Walmart,"JAVA HOUSE Cold Brew Coffee, Decaf Colombian 4:1 Liquid Concentrate, 32 Ounce Bottle",3,3,35.99,42.99
Walmart,"Javy Coffee Concentrate - 35 Servings, Cold Brew Coffee, Perfect for Instant Iced Coffee",14,14,15.88,51.42
Walmart,"Javy Coffee Concentrate - 35 Servings, Cold Brew for Instant Iced & Hot Coffee",3,3,26.99,45.55
Walmart,"Javy Coffee Concentrate - Cold Brew Coffee, Perfect for Instant Iced Coffee, Cold Brewed Coffee and Hot Coffee, 35 Servings - Original",2,2,21.9,24.9
Walmart,"Javy Coffee Concentrate -35 Servings, Cold Brew Coffee, Perfect for Instant Iced",5,5,17.97,45.55
Walmart,"Javy Coffee Concentrate Liquid, Iced & Hot Brewed Coffee, Makes 35 Cups, Low Acid Cold Brew Beverage, Medium Roast Arabica, Unsweetened & Sugar- Free",3,3,21.65,25.07
Walmart,"Javy Cold Brew Iced Coffee Concentrate, 3 Pack, Arabica Coffee Beverages, 35X Liquid Coffee Concentrate, Instant Coffee Alternative, Concentrated Ice Coffee Drinks & Cold- Brew, Coffee Gifts",2,2,43.95,54.95
Walmart,Jocko GO Energy Drink ( Sour Apple Sniper) - Sugar- Free All- Natural Nootropic Keto Drink with Monk Fruit (12- Pack),2,2,36.9,65.78
Walmart,Joe Tea Sweet Tea 20 fl. oz. Glass Bottles- Case Pack of 12,2,2,49.99,59.99
Walmart,"Jordan's Skinny Mixes Sugar Free Strawberry Key Lime Margarita Mix, Flavored Cocktail Mixer for Drinks, Marg Drink Flavoring for Cocktails & Mocktails, Low Calorie, Keto Friendly, 32 Fl Oz, 1 Pack",2,2,21.15,21.16
Walmart,Jose Cuervo Classic Lime Light Margarita Mix - 1.75L (59.2 oz),2,2,11.58,19.0
Walmart,Jose Cuervo Classic Lime Margarita Mix - 1.75L (59.2 oz),2,2,11.28,18.86
Walmart,"Jose Cuervo Classic Lime Margarita Mix, 1 Liter (33.8 fl oz)",2,2,4.48,14.74
Walmart,"Juice Concentrate by - (32 FL OZ) Unsweetened, 50 Brix Pure Concentrated Juice - 100% Extract - No Additives or Fillers!…",2,2,85.43,85.53
Walmart,"Juice with C, Fruit Juice Drink, 10 Fl Oz, 24 Pack",2,2,62.39,65.89
Walmart,"Just Ice Tea Organic Iced Tea, 16 Fl Oz Glass Bottles ( Berry Hibiscus Herbal Tea, Pack of 12)",2,2,39.99,42.99
Walmart,"Just Ice Tea Organic Iced Tea, 16 Fl Oz Glass Bottles ( Peach Oolong Tea, Pack of 12)",2,2,39.99,41.76
Walmart,"Karma Wellness Flavored Probiotic Water, Blueberry Lemonade, Immunity and Digestive Health Support, Low Calorie, 2 Billion Active Cultures, 18 Fl Oz ( Pack of 12)",3,3,37.96,44.09
Walmart,"Karma Wellness Flavored Probiotic Water, Pineapple Mango, 18 Fl Oz ( Pack of 12), Immunity and Digestive Health Support, Low Calorie, 2 Billion Active Cultures",3,3,41.99,51.75
Walmart,"Karma Wellness Flavored Probiotic Water, Watermelon Wild Berry, 18 Fl Oz ( Pack of 12), Immunity and Digestive Health Support, Low Calorie, 2 Billion Active Cultures",3,3,29.44,41.99
Walmart,"Kern's Mango Nectar, 11.5 Fl. Oz.",2,2,0.52,12.01
Walmart,"Kern's Peach Nectar from Concentrate, 11.5 Fl. Oz.",2,2,0.5,0.68
Walmart,Kohana Cold Brew Coffee Concentrate 32oz - House Blend,2,2,7.58,97.14
Walmart,"LIFEWTR Premium Purified Water pH Balanced with Electrolytes, 100% recycled plastic bottles, 16.9 Fl Oz Bottles, 500ml ( Pack of 12)",3,3,12.3,23.2
Walmart,"LIFEWTR Premium Purified Water, pH Balanced with Electrolytes, 100% recycled plastic bottles, 23.7 Fl Oz Flip Cap Bottles, 700 mL ( Pack of 12)",3,3,17.5,35.96
Walmart,"LIFEWTR Premium Purified Water, pH Balanced with Electrolytes, 100% recycled plastic bottles, 33.8 Fl Oz, 1L ( Pack of 6)",3,3,10.5,14.85
Walmart,"Lavazza Organic Classic Cold Brew Coffee, 8 Fluid Ounce",4,4,13.04,20.65
Walmart,Lemon Flavor Fountain,2,2,3.36,4.93
Walmart,"Lemon Lime Soda Zero Sugar, 12 Fl Oz Cans, 12 Pack",6,6,10.9,32.36
Walmart,"Lemon Lime Soda, 16.9 Oz, 6 Pack",2,2,7.99,23.85
Walmart,"Lemon Lime, Flavored Soda, 12 Fl Oz Cans, 24 Pack",8,8,22.75,51.99
Walmart,"Lemon Perfect, Hydrating Organic Lemon Water, Zero Sugar, Flavored Water, Squeezed from Real Fruit, Keto Certified, Plastic Neutral, No Artificial Ingredients, Original Lemon (12- Pack)",2,2,21.99,36.0
Walmart,Liquid Alchemist Blood Orange Syrup for Cocktails - Real Ingredients Make our Blood Orange Puree a Perfect Blood Orange Margarita Mix - Non-GMO Blood Orange Sour Mix - Blood Orange Juice Syrup (12 oz),2,2,19.95,36.75
Walmart,Liquid Alchemist Coconut Syrup for Drinks - Real Ingredients Make our Cream of Coconut Syrup a Perfect Pina Colada Drink Mix - Non-GMO Coconut Flavoring for Drinks - Vegan Coconut Puree Syrup (25 oz),2,2,29.95,55.24
Walmart,"London Fog Earl Grey Tea, Oat Milk Nitro Latte, Vegan, USDA Organic, Non-GMO, Clean Energy, 7 fl. oz. Cans (12 Pack)",5,5,44.0,57.49
Walmart,"Looza Banana Juice Drink, 33.8 Oz ( Pack of 6)",2,2,14.99,29.35
Walmart,"Luzianne Family Sized Iced Tea, 6 oz, 24ct ( Pack of 6)",2,2,12.3,12.42
Walmart,"Luzianne Unsweetened Tea Concentrate, 384 Fl Oz, Pack of 6",2,2,96.14,102.99
Walmart,"Lyons Ready Care Thickened Lemon Flavored Water for Dysphagia & Swallowing Difficulty - Honey Consistency, Level 3 Moderately Thick - 46 fl oz (6 Pack)",4,4,30.64,49.48
Walmart,"Lyons Ready Care Thickened Lemon Flavored Water for Dysphagia & Swallowing Difficulty - Nectar Consistency, Level 2 Mildly Thick - 46 fl oz (6 Pack)",2,2,43.63,44.98
Walmart,"Manzana Products North Coast Juice, 32 oz",2,2,14.27,32.12
Walmart,Manzanita Sol Apple Soda 12 Oz Cans (12 Pack),2,2,15.8,23.19
Walmart,"Manzanita Sol Apple Soda, 12 oz Cans, 12 Count",2,2,3.68,4.98
Walmart,Manzanita Sol Soda 12oz Cans (12 Pack) by Pepsi,6,6,20.48,39.39
Walmart,Manzanita Sol Soda 12oz Cans (24 Pack) by Pepsi,2,2,29.44,50.59
Walmart,"Margaritaville Singles to Go .. Drink Mix, Pina Colada, .. 6 Count ( Pack - .. 3)",3,3,9.99,14.87
Walmart,"Margaritaville Singles to Go Drink Mix, Pina Colada, 6 Count ( Pack - 3)",3,3,22.11,28.8
Walmart,Medium Roast - Cold Brew Coffee (6 Pack) 8 Oz Can,6,6,39.59,57.59
Walmart,"Mello Yello Citrus Soda Pop, 12 fl oz, 12 Pack Cans",2,2,8.3,18.99
Walmart,"Minor Figures - Oat Latte, 8.45 Fl oz x 12 Cans, Dairy Free & Vegan, No Addes Sugar, Ready To Drink",2,2,40.18,42.0
Walmart,"Mistic Kiwi Strawberry Juice, 16 Fl. Oz.",2,2,1.0,1.48
Walmart,"Mocha Iced Coffee, 64 fl oz",2,2,7.48,11.92
Walmart,"Mountain Spring Water, 25.36 Fluid Ounce -- 12 Per Case.",2,2,79.78,81.61
Walmart,"Mountain Spring Water, 25.36 Fluid Ounce -- 12 per case.",3,3,81.61,96.67
Walmart,"Mug Root Beer, 2 Liter Bottle",2,2,1.36,1.78
Walmart,"Mug Zero Sugar Root Beer, 20 Oz Bottle",2,2,27.0,55.0
Walmart,NAYA Water - 2 Unit(s)- Each Unit is 12 X(600ML),2,2,58.82,63.82
Walmart,NOS Energy 16oz-24pk),2,2,55.0,69.39
Walmart,"Natural Coconut Water, 100% Coconut Water, Fresh, Low- Calorie, High- Calcium, Nutrient- Rich Coconut- Water Drink With Electrolytes, Potassium, And Other Nutrients, 12 Pack",2,2,27.99,31.49
Walmart,"Natural Spring Water, 20 Fluid Ounce ( Pack of 28)",2,2,40.38,40.79
Walmart,"Natural Spring Water, 8 oz (12 Pack)",3,3,18.99,35.89
Walmart,"Naturally Alkaline Spring Water, 750ml (4 pack)",2,2,39.22,49.02
Walmart,Nestle Waters 20 oz Poland Springs Spring Water - Pack of 24,2,2,24.65,35.66
Walmart,"Nirvana Natural Spring Water - Fresh Bottling, High in Calcium, Bromate- Free, BPA- Free Bottles Water - Best Water Natural Sourced from Adirondack Mountains - (16.9 fl oz - 24 Bottles)",2,2,34.92,48.99
Walmart,"Nixie Sparkling Water, Grapefruit | 12 fl oz cans, 24 pack | Organic, Non-GMO, 0 Calories, 0 Sugar, 0 Sodium",2,2,44.0,44.95
Walmart,"Northland 100% Cranberry Juice, 64 Fl. Oz.",3,3,2.98,3.48
Walmart,"ORIGIN Organic & Non-GMO Berry Flavor Sparkling Water, 12 Fl Oz, Recyclable Aluminum Cans (12 Count)",2,2,18.78,18.95
Walmart,ORIGINAL Tart Cherry Juice - Pro Athlete Workout Recovery - Fight Inflammation and Support Muscle Recovery - Tart Cherry Juice Lightly Sweetened with Apple Juice - Post Workout Recovery Drinks for Ru,2,2,54.74,67.75
Walmart,ORIGINAL Tart Cherry Juice Lightly Sweetened with Apple Juice - Fight Inflammation Pro Athlete Workout and Muscle Support Recovery,9,9,38.43,50.33
Walmart,"OWYN 100% Vegan Plant- Based Protein Shakes | Cold Brew Coffee, 12 Fl Oz | Dairy- Free, Gluten- Free, Soy- Free, Tree Nut- Free, Egg- Free, Allergy- Free, Vegetarian",4,4,5.89,20.69
Walmart,"OZARKA Brand 100% Natural Spring Water, 101.4-ounce plastic jug",3,3,1.23,2.99
Walmart,"OZARKA Brand 100% Natural Spring Water, 2.5-gallon jug",2,2,3.38,4.12
Walmart,Oat Milk Caramel Lattes - Cold Brew Coffee Lions Mane Reishi MCT Oil Organic Dairy Free Gluten Free Vegan Great As Iced Coffee Lightly Sweetened With Dates - 8 Fl Oz (12 Pack),2,2,38.68,43.52
Walmart,"Oat Milk Cold Brew Latte No Sugar Added, Vegan Organic & Non-GMO Low Acidity 7 Fl. Oz. Cans (12 Pack)",2,2,42.9,51.97
Walmart,"Oat Milk Cold Brew Latte, No Sugar Added & No Dairy, Organic & Non-GMO, Low Acidity & Vegan, 7 Fl. Oz. Cans",2,2,43.99,58.99
Walmart,"Oat Milk Vanilla Lattes - Cold Brew, Marine Collagen, MCT Oil, Oat Milk, Organic, Dairy Free, Gluten Free, Vegan, Great as Iced Coffee, Lightly Sweetened with Dates - 8 Fl Oz (12 Pack)",5,5,26.49,50.76
Walmart,Once Upon a Coconut 100% Pure Coconut Water - Low Calorie All- Natural Drink with Electrolytes - No Added Sugar or Sweeteners - Non-GMO - Gluten- Free - Pack of 12 Cans (each 10.8 fl oz),4,4,34.99,39.99
Walmart,Once Upon a Coconut 100% Pure Coconut Water 1L - Low Calorie All- Natural Drink with Electrolytes - No Added Sugar or Sweeteners - Non-GMO - Gluten- Free - Pack of 12 (each 33.8 fl oz),6,6,69.99,80.99
Walmart,Only What You Need - Plant Based Protein Shake - Cold Brew Coffee - Case of 12 - 12 fl oz.,2,2,55.72,59.09
Walmart,"Open Water Still Bottled Water with Electrolytes in 16-oz Aluminum Bottles (6 Cases, 72 bottles - Still) | BPA-free and Eco friendly",4,4,29.69,129.99
Walmart,Open Water | Sparkling 16oz Tallgirl Cans (12 pack) | BPA-free and Eco-friendly (16oz - 12 pack),2,2,20.99,25.19
Walmart,"Optimum Nutrition Amino Energy Drink Plus Electrolytes for Hydration, Sugar Free, Caffeine for Pre- Workout Energy and Amino Acids / BCA As for Post- Workout Recovery - Juicy Cherry, 12 Fl Oz (12 Pa",2,2,41.99,42.99
Walmart,"Optimum Nutrition Amino Energy Drink Plus Electrolytes for Hydration, Sugar Free, Caffeine for Pre- Workout Energy and Amino Acids / BCA As for Post- Workout Recovery - Juicy Cherry, 12 Fl Oz (12 Pack)",3,3,64.63,72.0
Walmart,Orchard Splash 46oz Ready to Drink Juice (12 Aseptic Cartons per Case) ( Orange 100%),2,2,75.0,135.6
Walmart,"Organic Cactus Water Prickly Pear Plus Pineapple,16.9 Fl Oz ( Pack of 12)",2,2,45.37,49.76
Walmart,"Organic Coconut Smoothie Blend of Coconut Water and Coconut Meat, Hydration & MC Ts, No Sugar Added, Vegan, Fair for Life Certified, Original Smoothie 10 Fl Oz ( Pack of 12)",8,8,49.95,64.99
Walmart,Organic Coconut Water - 1L (6pk),5,5,46.99,53.29
Walmart,"Organic Coconut Water Drink, Hydrate with Natural Electrolytes, No Sugar Added, Fair for Life Certified, Original Coconut Water 12 Fl Oz ( Pack of 12)",8,8,47.26,69.99
Walmart,Organic Coconut Water No Sugar Added - 100% Coconut Water With Electrolytes - No Artificial Ingredients - USDA Organic Certified - Kosher Certified - Made In Thailand - 33.8 Fl Oz (6 Pack),2,2,31.99,35.99
Walmart,"Organic Hazelnut Cold Brew Coffee On Tap, 96 Fl Oz - Extra Strong, Smooth, Unsweetened, Shelf- Stable, And Ready To Drink Iced Coffee, Cold Brewed Coffee, Cold Coffee",2,2,31.99,35.99
Walmart,Organic Matcha Lemonade Tea Mix With Premium Japanese Matcha Powder ( 50 Servings) 17.6 OZ,3,3,23.96,28.19
Walmart,Organic Matcha Lemonade Tea Mix With Premium Japanese Matcha Powder (50 Servings) 17.6 OZ,5,5,23.95,30.93
Walmart,"Organic Mocha Cold Brew Coffee On Tap, 96 Fl Oz - Extra Strong, Smooth, Unsweetened, Shelf- Stable, And Ready To Drink Iced Coffee, Cold Brewed Coffee, Cold Coffee",2,2,31.99,35.99
Walmart,"Organic Strawberry Powder, 20 Pounds Non-GMO, 100% Pure by Food to Live",2,2,10.49,36.99
Walmart,"Original Black Nitro Cold Brew Coffee, Sugar, Vegan, Organic & Non-GMO, Low Acidity, 7 Fl. oz. Cans (12 Pack)",5,5,46.95,54.98
Walmart,"Original Ginger Beer, Non- Alcoholic Soda Cocktail Mixer, 12 fl oz Cans, 24 Pack",2,2,51.0,61.0
Walmart,Owen's Craft Mixers Ginger Beer HandA with Premium Ingredients Vegan & Gluten- Free Soda Mocktail and Cocktail Mixer,4,4,14.31,41.77
Walmart,"Ozarka 100% Natural Spring Water, 16.9 Fl Oz, 12 Count Bottles",2,2,2.63,2.92
Walmart,"Ozarka Sparkling Water, Simply Bubbles, 33.8 oz. Bottles ( Pack of 12)",2,2,18.43,19.01
Walmart,"Ozarka Sparkling Water, Zesty Lime, 33.8 oz. Bottles ( Pack of 12)",2,2,18.43,18.8
Walmart,Ozarka Spring Water Case Bundles (16.9 oz. Case of 24-4 Cases (96 Bottles)),2,2,64.98,65.99
Walmart,"Penta Ultra Purified Bottled Water, 33.8 Ounce ( Pack of 12)",2,2,49.48,49.49
Walmart,"Penta Ultra- Purified Water, 16.9 fl oz, ( Pack of 24)",2,2,34.97,38.47
Walmart,"Penta Ultra- Purified Water, Oxygen Infused Natural pH Hydration, Solar- Powered 13 Step Purification Process,16.9 Fl Oz ( Pack of 24)",2,2,31.15,56.88
Walmart,"Perfect Hydration 9.5 + pH Alkaline Water, 1 Gallon",2,2,5.31,8.96
Walmart,"Pibb Xtra Fridge Pack Soda, 12 Ounce (24 Cans)",2,2,32.15,36.48
Walmart,"Pompeii 100% Lemon Juice, 13 Oz ( Pack of 12)",2,2,35.4,118.21
Walmart,"Premium Pure Still Spring Water In An Eco- Friendly Bpa Free Plant- Based Bottle - Naturally Alkaline, High 8.0 Ph - Fully Recyclable Boxed Carton, 16.9 Fl Oz ( Pack Of 12)",2,2,29.99,40.99
Walmart,"Premium Pure Still Spring Water in an Eco- Friendly BPA Free Plant- Based Bottle - Naturally Alkaline, High 8.0 pH - Fully Recyclable Boxed Carton, 16.9 Fl Oz ( Pack of 12)",7,7,32.99,40.99
Walmart,"Product of Country Time Pink Lemonade Drink Mix, 82.5 oz.",2,2,20.39,24.0
Walmart,"Proud Source Alkaline Spring Water, Natural Minerals + Electrolytes, Infinitely Recyclable Aluminum, BPA- Free (24 pack 12 oz Cans)",13,13,16.07,62.69
Walmart,"Proud Source Naturally Alkaline 8.5pH + Spring Water with Electrolytes, BPA Free and Eco- Friendly Packaging, 750ml (12 Pack)",3,3,62.1,73.98
Walmart,"Proud Source Naturally Alkaline 8.5pH + Spring Water with Electrolytes, BPA free and Eco- Friendly Packaging, 750ml (12 pack)",5,5,56.35,90.27
Walmart,"Proud Source Naturally Alkaline Spring Water, 16oz Bottles (6 pack)",2,2,32.22,43.52
Walmart,Proud Source Water 16 fl oz Single Serve Spring Water,2,2,62.04,73.73
Walmart,"Pure Coconut Water With Pulp, Non-GMO, No Sugar Added, Refreshing And Hydrating Real Coconut Water, 17.5 Fl Oz ( Pack Of 12)",2,2,43.99,47.99
Walmart,"Pure Coconut Water with Pulp, Non-GMO, No Sugar Added, Refreshing and Hydrating Real Coconut Water, 17.5 Fl Oz ( Pack of 12)",2,2,53.78,60.77
Walmart,"Pure Coconut Water, 1 Liter ( Pack Of 6) | Best Tasting Coconut Water | Non-GMO & No Added Sugar | Refreshing & Hydrating Real Coconut Water",2,2,36.29,39.59
Walmart,"Pure Coconut Water, 12 Count",5,5,41.09,57.32
Walmart,Purified Water 8 Fl Oz Bottle ( Pack Of 15 Total Of 120 Fl Oz),2,2,27.85,28.61
Walmart,"RAIN, Spring Water, 16 Oz, 24 Pack, Bottled At The Source, Plastic- Free Recyclable Eco Friendly Aluminum",3,3,42.93,59.99
Walmart,"RC Cola Soda, .5 L bottles, 6 pack",2,2,2.5,2.88
Walmart,"RC Cola, 20 Oz Bottle",3,3,26.74,39.0
Walmart,"RIOT energy 100% Plant Powered Energy Drink (CHERRY WATERMELON RIOT) Keto-friendly, Organic, No Added Sugar (16oz, Pack of 12)",2,2,28.64,48.99
Walmart,"RISE Brewing Co. London Fog Earl Grey Tea, Oat Milk Nitro Latte, Vegan, USDA Organic, Non-GMO, Clean Energy, 7 fl. oz. Cans (12 Pack)",2,2,39.99,89.99
Walmart,"RISE Brewing Co. Original Black Nitro Cold Brew Coffee, Sugar, Vegan, Organic & Non-GMO, Low Acidity, 7 fl. oz. Cans (12 Pack)",4,4,47.28,59.96
Walmart,"RISE Brewing Co. | Original Black Nitro Cold Brew Coffee (4 7 fl. oz. Cans) - USDA Organic, Non-GMO | Sugar, Gluten & Dairy Free | Clean Energy, Low Acidity, & Naturally Sweet | 0 Calories",2,2,10.88,20.99
Walmart,RISE Kombucha Orange & Turmeric,2,2,3.97,7.97
Walmart,"RTD ( Caramel Vanilla, 15 Fl Oz ( Pack of 12))",2,2,41.38,48.37
Walmart,RYSE Fuel Energy Drink,2,2,19.99,29.99
Walmart,"Rapid Fire Hydrate Powder, Drink Mix, Stick Packs, Coconut Water, Electrolytes, Equals 3 Bottles of Water, Matcha Green Tea Flavor, 2.11 oz. (12 Sticks)",2,2,16.41,21.11
Walmart,"Rapid Fire Hydrate Powder, Drink Mix, Stick Packs, Coconut Water, Electrolytes, Equals 3 Bottles of Water, Natural Flavor, 2.11 oz. (12 Sticks)",2,2,16.61,23.3
Walmart,"Real Coconut Water, 16.2- Ounce ( Pack of 12) ( Value Bulk Multi-pack)",12,12,47.99,81.39
Walmart,"Real Coconut Water, 9.5 Fl Oz",2,2,19.77,19.87
Walmart,"Real Coconut Water, 9.5 Ounce - 12 per case.",4,4,64.6,97.15
Walmart,"Real Coconut Water, Premium Coconut Water, 9.5 Ounce Glass Bottles ( Pack of 12)",4,4,64.99,75.79
Walmart,"Realemon 100% Lemon Juice, 2.5 oz",2,2,0.59,6.09
Walmart,"Reed'S Ginger Ale Original Ginger Brew Soda, 12 Ounce (24 Glass Bottles)",11,11,52.99,108.76
Walmart,"Reeds All Natural Jamaican Style Premium Ginger Brew Ginger Ale, 12 Fl. Oz., 4 Count",2,2,20.89,40.96
Walmart,Rise Brewing - Organic Nitro Cold Brew Coffee Oat Milk Latte - 7 fl. oz.,2,2,2.88,6.31
Walmart,Rise Brewing Co - Cld Brew Coffee Org Black - Case of 12 - 7 FZ,2,2,51.77,66.67
Walmart,"Rise Brewing Co Vanilla Oat Milk Nitro Cold Brew Latte, 7 Fluid Ounce -- 12 per case.",2,2,42.1,46.5
Walmart,"Rise Brewing Co. Mocha Latte Nitro Cold Brew Coffee, Mocha Latte - Case of 12 - 7 FZ",2,2,45.15,50.18
Walmart,"Roar Organic Beverage Blueberry Acai with Antioxidants, B Vitamins, Low- Calorie, Low- Sugar, Low- Carb, 18 Fl Oz ( Pack of 12)",2,2,33.92,34.99
Walmart,"Rockstar, Boom Energy Drink with Caffeine and Taurine 16oz Cans Pack Packaging May Vary, Whipped Strawberry, 12 Count",6,6,34.95,46.46
Walmart,S'morey Time Cold Brew Latte S'mores & Graham Crackers Flavored Coffee | Ready To Drink 100% Cold Brew Coffee Can | Cold Brew Latte S'mores in Cans | 11 Fl Oz Can (12 Pack),3,3,51.99,59.98
Walmart,"S. Pellegrino Essenza Dark Morello Cherry & Pomegranate Flavored Mineral Water, 11.15 Fl Oz Can (24 Pack)",2,2,40.59,45.99
Walmart,"S. Pellegrino Essenza Lemon Lemon Zest Flavored Mineral Water, 11.15 fl oz. Cans (24 Count)",2,2,32.33,46.97
Walmart,"SPLENDA Liquid Water Enhancer Drops, Sugar Free, Zero Calorie, Natural Flavor, Concentrated Drink Mix, 3.11 Fl Oz Each Bottle ( Sweet Tea, 1 Pack)",2,2,5.58,17.64
Walmart,"SPLENDA Liquid Water Enhancer Drops, Sugar Free, Zero Calorie, Natural Flavor, Concentrated Drink Mix, 3.11 Fl Oz Each Bottle ( Sweet Tea, 2 Pack)",6,6,15.8,27.05
Walmart,"STUMPTOWN COFFEE ROASTERS Cold Brew Concentrate 2x, 25.4 FZ",3,3,16.31,21.29
Walmart,"Sam's Cola Diet Caffeine- Free Soda, 2 Liter Bottle",2,2,0.96,1.22
Walmart,"Sam's Cola Diet Soda, 2 Liter Bottle",2,2,0.96,1.22
Walmart,"Sam's Cola Soda Pop, 12 fl oz, 12 Pack Cans",2,2,3.68,4.96
Walmart,"Sam's Cola Soda, 16.9 fl oz, 6 Count",2,2,1.98,7.94
Walmart,"Sambazon Organic Low Calorie Amazon Energy Drink, Acai Berry and Pomegranate, 12 Ounce ( Pack of 24)",2,2,65.07,90.98
Walmart,"Sangria Senorial Carbonated Beverage, 11.16 fl oz",3,3,0.78,1.06
Walmart,Sarikiz Turkish Mineral Water With Mandarin Flavored 200 Ml X 6 Packs - Halal,2,2,47.03,47.1
Walmart,"Savia Aloe Vera Juice, Mango, 50.7 Fl Oz, 1 Count",2,2,3.12,3.97
Walmart,"Shine Water Fruit Punch - Pack of 12 (16.9 Fl Oz Each) - Naturally Flavored Electrolyte Water with Vitamin D, Powerful Hydration and Plant- Based Antioxidants, Zero Sugar, Low Calories!",2,2,20.99,22.49
Walmart,"Sidral Mundet Soda, Apple, 50.7 Ffl Oz, 1 Count",2,2,0.98,1.38
Walmart,"Sierra Mist Lemon Lime Soda, 12 oz Cans, 12 Count",2,2,3.68,4.98
Walmart,"Sparkling Flavored Water ( Orchard Peach, 6 Pack)",4,4,39.39,53.2
Walmart,"Splash Blast, Acai Grape Flavored Water, Zero Sugar, with Electrolytes, 16.9 Fl Oz, 6 Pack",3,3,7.5,11.76
Walmart,"Splash Blast, Acai Grape Flavored Water, Zero Sugar, with Electrolytes, 8 Fl Oz, 12 Pack",3,3,8.0,14.71
Walmart,"Splash Blast, Acai Grape Flavored Water, Zero Sugar, with Electrolytes. 8 Fl Oz, 24 Pack",3,3,15.08,24.26
Walmart,"Splash Blast, Lemon Flavored Water, Zero Sugar, with Electrolytes, 8 Fl Oz, 12 Pack",2,2,6.47,14.71
Walmart,"Splash Blast, Lemon Flavored Water, Zero Sugar, with Electrolytes, 8 Fl Oz, 24 Pack",4,4,12.93,19.4
Walmart,"Splash Blast, Watermelon Flavored Water, Zero Sugar, with Electrolytes, 16.9 Fl Oz, 6 Pack",2,2,31.75,38.14
Walmart,"Splash Blast, Wild Berry Flavored Water, Zero Sugar, with Electrolytes, 16.9 Fl Oz, 6 Pack",2,2,6.99,12.35
Walmart,"Splash Blast, Wild Berry Flavored Water, Zero Sugar, with Electrolytes, 8 Fl Oz, 24 Pack",3,3,16.92,19.0
Walmart,"Splash Refresher Acai Grape Flavored Water, 16.9 fl oz, 6 Pack",6,6,2.68,13.93
Walmart,"Splash Refresher Lemon Flavored Water, 16.9 fl oz, 6 Pack",6,6,2.68,10.96
Walmart,"Splash Refresher Mandarin Orange Flavored Water, 16.9 fl oz, 6 Pack",2,2,6.69,9.92
Walmart,"Splash Refresher Wild Berry Flavored Water, 16.9 fl oz, 6 Pack",7,7,2.0,19.98
Walmart,"Splash Wild Berry Flavored Water , 8 Fl Oz , Plastic Bottles (15 Pack)",3,3,25.19,42.19
Walmart,"Splenda Liquid Water Enhancer Drops, Sugar Free, Zero Calorie, Natural Flavor, Concentrated Drink Mix, 3.11 Fl Oz Each Bottle ( Sweet Tea, 1 Pack)",2,2,10.49,10.68
Walmart,"Splenda Liquid Water Enhancer Drops, Sugar Free, Zero Calorie, Natural Flavor, Concentrated Drink Mix, 3.11 Fl Oz Each Bottle ( Sweet Tea, 2 Pack)",2,2,16.19,16.94
Walmart,"Splenda Peel and Pour Zero Calorie Drink Mix, Naturally Flavored Sugar Free Concentrate, 6 Multi Serve Liquid Pitcher Pods ( Sweet Tea)",3,3,8.5,18.41
Walmart,"Splenda Peel and Pour Zero Calorie Drink Mix, Sweet Tea, Naturally Flavored Sugar Free Concentrate, 12 Multi Serve Liquid Pitcher Pods",2,2,9.99,17.23
Walmart,"Sprecher Gluten- Free Root Beer Gourmet Soda, 16 Fl. Oz., 4 Count",2,2,4.98,26.99
Walmart,"Spring Water in Glass Bottles | 12oz (12 Pack) | 7.7 pH Balanced, Purified, Natural Spring Bottled Drinking Mineral Water - Elevate Your Hydration",2,2,52.99,54.99
Walmart,"Spring Water, Natural Minerals + Electrolytes, Infinitely Recyclable Aluminum, BPA- Free (24 pack 12 oz Cans)",2,2,58.99,71.49
Walmart,"Spring Water, Natural Minerals Electrolytes, Infinitely Recyclable Aluminum, BPA- Free (24 Pack 12 Oz Cans)",4,4,50.6,67.4
Walmart,"Starbucks Frappuccino Vanilla Chilled Coffee Drink, 9.5 fl oz, 4 count",2,2,7.49,12.0
Walmart,"Starbucks Frappuccino Vanilla Iced Coffee Drink, 9.5 fl oz 12 Pack Bottles",3,3,25.0,45.5
Walmart,"Starbucks Frappuccino Vanilla Iced Coffee, 13.7 oz Bottle",2,2,2.94,2.98
Walmart,"Starbucks Frappuccino, Vanilla Iced Coffee Drink, 9.5 Oz Bottles (4 Pack)",4,4,11.02,13.92
Walmart,"Starbucks Frappuccino, Vanilla Iced Coffee Drink, 9.5 Oz Bottles (4 Pack) Packaging May Vary",2,2,7.47,11.99
Walmart,"Starbucks Frappuccino, Vanilla, 13.7 Oz",3,3,5.89,6.96
Walmart,"Starbucks Frappuccino, Vanilla, Glass Bottles, 9.5 Fl Oz (15 Count)",6,6,48.19,104.99
Walmart,Starry Lemon Lime Soda ( Zero Sugar 12 Fl Oz 18 Cans),3,3,24.0,51.3
Walmart,Starry Lemon Lime Soda 7.5 Fl Oz 24 Cans ( Regular),4,4,24.85,42.19
Walmart,Starry Lemon Lime Soda 7.5 Fl Oz 24 Cans ( Zero Sugar),4,4,40.15,54.1
Walmart,"Starry Lemon Lime Soda Pop, 2 Liter, Bottle",2,2,6.99,14.94
Walmart,"Starry Lemon Lime Soda, Caffeine Free, Mini Cans, 7.5 Fl Oz ( Pack of 10)",2,2,8.4,14.86
Walmart,"Starry Lemon Lime Soda, Caffeine Free, Mini Cans, 7.5 Ounce ( Pack of 10)",2,2,8.84,10.4
Walmart,"Starry Zero Sugar Lemon Lime Soda Pop, 12 fl oz, 12 Pack Cans",2,2,7.88,12.09
Walmart,"Starry Zero Sugar Lemon Lime Soda, Caffeine Free, Mini Cans, 7.5 Ounce ( Pack of 10)",2,2,8.8,16.45
Walmart,"Stewart's Wishniak Black Cherry Soda, 12 fl oz (12 Glass Bottles), All Natural Family Pack Drink",2,2,39.99,42.99
Walmart,Still Cans (1 Case Canned Still Water),3,3,38.7,40.94
Walmart,Stirrings Simple Lemon Drop Cocktail Mix 750ml Bottles - Real Juice No Preservatives - 90 Calories - Drink Mixer,5,5,29.99,109.98
Walmart,"Stonewall Kitchen Peppadew Sriracha Bloody Mary Mixer, 24 Ounces",2,2,18.49,27.08
Walmart,"Straight Black Organic Cold Brew Coffee On Tap, 96 fl oz - Extra Strong, Smooth, Unsweetened, Shelf- Stable, and Ready to Drink Iced Coffee, Cold Brewed Coffee, Cold Coffee",2,2,54.99,59.99
Walmart,"Straight Black Organic Cold Brew Coffee, 32 fl oz, 1 pack - Extra Strong, Smooth, Organic, Unsweetened, Shelf- Stable, and Ready to Drink Iced Coffee, Cold Brewed Coffee, Cold Coffee",2,2,18.18,25.17
Walmart,"Straight Black Organic Cold Brew Coffee, 32 fl oz, 6 pack - Extra Strong, Smooth, Organic, Unsweetened, Shelf- Stable, and Ready to Drink Iced Coffee, Cold Brewed Coffee, Cold Coffee",2,2,68.99,73.99
Walmart,"Strawberry Flavored Water, 16 Ounce, (24 Bottles)",2,2,45.0,63.0
Walmart,"Stubborn Black Cherry Tarragon Soda, 12 oz Cans, 12 Count",2,2,17.99,37.75
Walmart,"Stumptown, Cold Brew Coffee, 10.5 Fl Oz",3,3,7.99,8.49
Walmart,"Sun Drop Cherry Lemon Citrus Soda, 16.9 fl oz bottles, 6 pack",3,3,9.01,29.29
Walmart,"Sun Drop Citrus Soda Pop, 12 fl oz, 24 Pack Cans",2,2,30.05,36.5
Walmart,"Sun Drop Diet Cherry Lemon Soda, 12 oz (24 Cans)",4,4,44.79,55.71
Walmart,"Sun Drop Soda, 20 oz, 12 Units",2,2,39.99,58.99
Walmart,Sun Rype No Sugar Added Blackberry Pomegranate 100% Juice,2,2,1.67,2.48
Walmart,Sun Rype No Sugar Added Peach Mango Fruit Plus Veggies 100% Juice,2,2,1.37,1.58
Walmart,Sun Rype No Sugar Added Raspberry Orange Fruit Plus Veggies 100% Juice,2,2,1.96,2.48
Walmart,Sun Rype Unsweetened 100% Pure Apple Juice,2,2,2.77,3.78
Walmart,"Super Concentrate Sampler - Cold Brew, Hot Or Iced Coffee, Dairy Free, Makes Up To 16 Cups, Great Versatility, USDA Organic - Classic, Vanilla & Mocha, 8 Fl Oz, (3 Pack, 1 Of Each)",2,2,39.2,44.1
Walmart,"Sweet Matcha from Japan - Green Tea Latte and Frappe Mix 12oz - Made with Japanese Matcha Powder - Perfect for Making Hot, or Cold Drinks",5,5,32.38,43.57
Walmart,"TEN Alkaline Spring Water, pH 10, High in Electrolytes, 16.9 Fl Oz ( Pack of 24)",2,2,45.16,53.37
Walmart,"TEN Alkaline Spring Water, pH 10, High in Electrolytes, 16.9 Ounce Bottle ( Pack of 24)",5,5,42.61,300.0
Walmart,THE MOUNTAIN VALLEY NATURAL PURE FINE 500 ML Glass Spring Water,2,2,44.25,44.99
Walmart,"TRUE GRAPEFRUIT Water Enhancer (32 Packets) | Zero Calorie Unsweetened Water Flavoring | For Water, Bottled Water & Recipes | Water Flavor Packets Made with Real Grapefruit",2,2,15.25,19.95
Walmart,"Tahitian Treat Caffeine- Free Fruit Punch Soda, 20 Fl. Oz.",2,2,1.88,5.0
Walmart,"Talking Rain AQA Alkaline Ionized Bottled Water, 9.5 pH, with Electrolytes and Minerals Added for Taste, 20 fl oz Bottle ( Pack of 12)",2,2,21.34,22.05
Walmart,"Tampico Citrus Fruit Punch Orange Tangerine Lemon Juice Drink, 1 Gallon",2,2,2.78,12.5
Walmart,"Tampico Island Fruit Punch, Pineapple Banana Orange Juice Drink 1 Gallon",3,3,2.78,13.94
Walmart,"Tampico Tropical Fruit Punch, Cherry Orange Pineapple Juice Drink 1 Gallon",2,2,2.78,8.26
Walmart,"Tang Drink Powder, Orange, Vitamin C, Caffeine Free, 20 oz Jar",3,3,2.82,3.84
Walmart,"Tang Orange Artificially Flavored Liquid Soft Drink Mix, 1.62 fl oz Bottle",3,3,2.78,6.46
Walmart,Tang Orange Drink Mix,2,2,1.97,11.27
Walmart,"Tang Orange Naturally Flavored Powdered Soft Drink Mix, 4.5 lb Canister",2,2,18.1,21.99
Walmart,Tang Tamarindo,2,2,12.95,17.95
Walmart,"Tejava Original Unsweetened Black Iced Tea, 6 Pack, 16.7oz PET Bottles, Non-GMO, Kosher, No Sugar or Sweeteners, No calories, No Preservatives, Brewed in Small Batches",2,2,28.0,35.58
Walmart,Ten Spring Water - 33.8 Oz ( Pack Of 12),4,4,18.99,72.99
Walmart,Ten Spring Water - 33.8 oz ( Pack of 12),10,10,24.75,146.07
Walmart,Thai Tea Mix ( Pantai) 16 oz (1lb.) Thai Iced Tea Traditional Restaurant Style.,2,2,9.76,18.71
Walmart,"Thick & Easy Clear Thickened Apple Juice, Nectar Consistency, 4 Ounce",2,2,49.69,65.99
Walmart,"Thick & Easy Clear Thickened Apple Juice, Nectar Consistency, 4 Ounce ( Pack of 24)",2,2,21.92,24.32
Walmart,"Thick & Easy Clear Thickened Cranberry Juice Cocktail, Nectar Consistency, 4 Ounce ( Pack of 24)",2,2,22.49,29.8
Walmart,"Thick & Easy Clear Thickened Orange Juice, Nectar Consistency, 46 Ounce ( Pack of 6)",2,2,53.63,54.31
Walmart,"Thick & Easy Hydrolyte Thickened Water 46 oz. Bottle Lemon Flavor Ready to Use Consistency, 12863 - Sold by: Pack of One",3,3,22.39,41.16
Walmart,"Thick & Easy Hydrolyte Thickened Water 46 oz. Bottle Lemon Flavor Ready to Use Nectar Consistency, 12863 - Sold by: Pack of One",2,2,15.26,15.98
Walmart,Thick & Easy Thickened Juice 46 oz Apple Case of 6,2,2,33.94,47.4
Walmart,"Thick It Aqua Care H20 Thickener Orange Juice , 8 Fluid Ounce -- 24 per case.",3,3,96.9,101.11
Walmart,"Thick and Easy Thickened Water with Natural Lemon Flavor, Nectar Consistency - Sold by (6)-48 Oz Bottles by",5,5,47.92,52.93
Walmart,"Thick and Easy Thickened Water with Natural Lemon Flavor, Nectar Consistency - Sold by (6)-48 Oz Bottles by Diamond Crystal Sales",3,3,36.99,52.33
Walmart,"Thick- It Aqua CareH2O Thickened Apple Juice, Nectar Consistency, 8 Ounce Bottles - Case of 24",2,2,47.99,74.99
Walmart,"Thickened 46 Oz. Bottle Orange Juice Flavor Ready To Use Consistency, 40123 - Case Of 6",3,3,60.4,79.87
Walmart,"Thickened 46 Oz. Bottle Orange Juice Flavor Ready To Use Consistency, 40123 - Sold By: Pack Of One",2,2,24.03,24.55
Walmart,"Thickened 46 Oz. Bottle Orange Juice Flavor Ready To Use Consistency, 42161 - Case Of 6",3,3,58.5,77.45
Walmart,"Thickened Water 64 oz. Bottle Unflavored Ready to Use Consistency, B450-A5044 - Case of 4",2,2,34.99,35.03
Walmart,"Thickened Water 64 oz. Bottle Unflavored Ready to Use Consistency, B452-A5044 - Case of 4",4,4,34.99,53.27
Walmart,"Tipp Distributors Sidral Mundet Soda, 12 oz",2,2,0.78,0.82
Walmart,"True Nopal Cactus Water, 16.9 Oz ( Pack of 12)",2,2,54.47,103.45
Walmart,"True North Pure Energy Seltzer, Watermelon Mist, 12 Fl Oz, Pack of 12",2,2,17.99,43.36
Walmart,Tweaker Strawberry Lemonade Energy Shot 2oz Singles (12),2,2,14.43,16.54
Walmart,"UCAN Hydrate Electrolyte Powder Jar with 5 Key Electrolytes - Lemon- Lime Flavor. Sugar Free, 0 Carbs, 0 Calories, Gluten- Free, Non-GMO, Vegan, Optimal Hydration (30 Servings)",2,2,24.95,61.12
Walmart,"Uncle Matt's Organic Orange Juice Pulp Free, 52 Fl Oz Bottle",2,2,12.29,12.5
Walmart,"Uncle Matts, Orange Juice, 52 Fl Oz Bottle",2,2,12.29,14.5
Walmart,"Uuncle Matts, Organic Orange Juice, 52 Fl Oz Bottle",2,2,10.0,12.99
Walmart,"Vapor Distilled Water 9.5 Ph 12 Pk, 33.8 FZ",3,3,74.39,79.99
Walmart,"Venom Death Adder Energy Drink, 16 Fl. Oz.",2,2,0.96,0.98
Walmart,"Venom Strawberry Apple Energy Drink, 16 Fl. Oz.",2,2,0.96,6.9
Walmart,"Victor Allen's Coffee Mocha Latte Ready to Drink, 12 Pack - 8oz Cans",2,2,18.99,25.79
Walmart,"Victor Allen's Coffee Vanilla Iced Canned Coffee Latte, 8oz Cans (12 Pack)",2,2,22.8,24.69
Walmart,"Victor Allen's Coffee Vanilla Latte Ready to Drink, 12 Pack - 8oz Cans",2,2,12.99,35.98
Walmart,"Vitamin Water Zero Shine Water, Strawberry Lemonade, 20 Ounce (24 Bottles)",2,2,128.89,128.99
Walmart,"Vitaminwater Zero Shine Water, Strawberry Lemonade, 20 Ounce (24 Bottles)",3,3,67.73,112.2
Walmart,WATER SPRING,2,2,7.99,16.82
Walmart,"Wai Koko Coconut Water 100% Pure Coconut Water, 17.5 Fl Oz ( Pack of 12)",8,8,41.99,55.29
Walmart,"Waiakea Hawaiian Volcanic Water, Naturally Alkaline, 100% Recycled Bottle, 16.9 Fl Oz ( Pack of 24)",4,4,50.99,73.0
Walmart,"Waiakea Hawaiian Volcanic Water, Naturally Alkaline, 100% Recycled Bottle, 1L ( Pack of 12), 33.8 Fl Oz ( Pack of 12)",2,2,31.17,34.38
Walmart,"Wandering Bear DECAF Cold Brew Coffee On Tap, 96 fl oz - Extra Strong, Smooth, Unsweetened, Shelf- Stable, and Ready to Drink Iced Coffee, Cold Brewed Coffee, Cold Coffee",2,2,59.0,65.87
Walmart,"Wandering Bear Organic Straight .. Black Cold Brew Coffee .. On-the- Go, 11 fl oz, .. 1 pack - Extra .. Strong, Smooth, Organic, Unsweetened, .. Shelf- Stable, and Ready to .. Drink",2,2,22.79,29.28
Walmart,"Watermelon Juice Drink, Electrolytes & Antioxidants, Refreshing Hydration, Coconut Water Alternative, Vitamin C,16.9 fl oz ( Pack of 12)",3,3,54.99,61.99
Walmart,"Wellsley Farms Pure Coconut Water, 12 Count",3,3,32.86,43.99
Walmart,"Wellsley Farms, Purified Water, 8 Fl Oz Bottle ( Pack of 15, Total of 120 Fl Oz)",2,2,7.99,27.06
Walmart,"Whole Foods Market, Organic Pineapple Mango Italian Sparkling Mineral Water, 33.8 Fl Oz",2,2,11.65,12.69
Walmart,"Wonder Drink Organic Asian Pear & Ginger Kombucha Tea, 12 Fl Oz Can",2,2,2.48,3.89
Walmart,XYIENCE Energy Drink | Cherry Lime | Sugar Free | Zero Calories | Natural Flavors | Vitamin Fortified | 16 Ounce ( Pack of 12),2,2,49.8,54.71
Walmart,"Xyience Cherry Lime Energy Drink, 16 fl oz can",3,3,1.5,4.4
Walmart,"Xyience Mango Guava Energy Drink, 16 fl oz can",2,2,1.5,5.56
Walmart,"Yerbae Energy Beverage - Black Cherry Pineapple, 0 Sugar, 0 Calories, 0 Carbs, Energized by Yerba Mate, Plant- Based, Healthy Alternative to Sugary Drinks, 16oz cans (12 Pack)",2,2,38.93,39.41
Walmart,"Yerbae Energy Beverage - Variety Power Pack, 0 Sugar, 0 Calories, 0 Carbs, Energized by Yerba Mate, Plant- Based, Healthy Alternative to Sugary Energy Drinks, 16oz cans (12 Pack)",3,3,43.99,47.99
Walmart,"Yerbae Sparkling Water Acai Blueberry Fruit Flavored Seltzer with Caffeine, Antioxidants, Yerba Mate Natural Energy Drink 12 Pack of 12oz Cans Zero Sugar, No Calories, Non-GMO",2,2,42.9,44.9
Walmart,"Yerbae Sparkling Water Iced Triple Berry Fruit Flavored Seltzer with Caffeine, Antioxidants, Yerba Mate Natural Energy Drink 12 Pack of 16oz Cans Zero Sugar, No Calories, Non-GMO",2,2,28.99,44.99
Walmart,"Yerbae Sparkling Water Orange Vanilla Flavored Seltzer with Caffeine, Antioxidants, Yerba Mate Natural Energy Drink 12 Pack of 16oz Cans Zero Sugar, No Calories, Non-GMO",3,3,38.8,44.99
Walmart,"Yerbae Sparkling Water Strawberry Blonde Fruit Flavored Seltzer with Caffeine, Antioxidants, Yerba Mate Natural Energy Drink 12 Pack of 16oz Cans Zero Sugar, No Calories, Non-GMO",3,3,38.8,45.0
Walmart,"Yummies Flavored Water Drink For Kids Bundled By ( Rad Raspberry Zing, 12 Pack)",2,2,33.54,42.13
Walmart,"ZEPHYRHILLS Brand 100% Natural Spring Water, 101.4-ounce plastic bottle",2,2,1.48,1.84
Walmart,"ZenWTR Ultra- Pure, Vapor Distilled Water, 1 Liter ( Pack of 12) Bottled Water, 9.5 pH Alkaline Water with Electrolytes for a Crisp, Refreshing Taste",8,8,35.99,50.99
Walmart,Zephyrhills Bottled Water 3 L 1 Pk - Total Qty: 6; Each Pack Qty: 1,2,2,64.53,67.61
Walmart,"Zephyrhills Brand 100% Natural Spring Water, 8-ounce mini plastic bottles ( Pack of 12)",2,2,2.16,9.01
Walmart,Zero Calorie Flavored Water Peach (12 bottles),7,7,40.49,44.99
Walmart,alkalife Ten Spring Water - 33.8 oz ( Pack of 12),2,2,25.37,57.72
Walmart,elete Electrolyte Add- In Economy Refill 4 Essential Electrolytes Concentrate All Natural Transforms Any Drink into a Sports Drink 8.3 oz,2,2,20.71,20.91
Walmart,greenoak Ginger Ale 12oz / 24ct_AB,3,3,72.57,75.08
Walmart,medium roast - Cold Brew Coffee (6 pack) 8oz can,3,3,51.99,56.99
Walmart,"nos high performance energy drink, 16 ounce (24 cans)",2,2,55.26,59.95
Wegmans,Cheerwine Soft Drink,4,4,1.99,5.49
Wegmans,"Cheerwine Soft Drink, Legend",3,3,1.99,24.99
Wegmans,"Drip Drop Electrolyte Powder, Zero Sugar, Lemon Lime",2,2,8.49,11.49
Wegmans,"Dunkin' iced Coffee, Mocha",2,2,3.19,3.49
Wegmans,"Flying Cauldron Cream Soda, Butterscotch Beer",2,2,6.49,7.49
Wegmans,Ginger Beer,2,2,5.49,18.99
Wegmans,"Good Belly Probiotics Juice Drink, Blueberry Acai Flavor",2,2,3.99,5.39
Wegmans,"Harmless Harvest Coconut Water, Organic",5,5,4.99,13.99
Wegmans,"Iced Tea, Lemon Flavored",2,2,1.79,2.29
Wegmans,Inca Kola The Golden Kola,2,2,1.29,5.49
Wegmans,"Jocko Fuel Go Energy Drink, Blue Raspberry Flavored",2,2,2.99,10.99
Wegmans,"Jocko Fuel Go Energy Drink, Pink Lemonade",2,2,2.99,10.99
Wegmans,"Jocko Go Energy Drink, Blue Raspberry Flavored",2,2,3.49,9.19
Wegmans,"Jocko Go Energy Drink, Pink Lemonade",2,2,3.49,9.19
Wegmans,"Jones Soda, Cane Sugar, Cream Flavor",2,2,1.96,1.99
Wegmans,"Koia Shake, Cold Brew Coffee, Plant- Based",2,2,4.59,52.99
Wegmans,"Lemonade, Watermelon",2,2,1.99,2.29
Wegmans,"Mug Root Beer Soda, Root Beer",2,2,2.59,6.49
Wegmans,"Reed's Butterscotch Beer, Cream Soda, Non- Alcoholic",2,2,2.69,3.29
Wegmans,"Reed's Ginger Beer, Extra",2,2,6.89,6.99
Wegmans,"Reed's Ginger Beer, Zero Sugar, Extra",2,2,6.89,6.99
Wegmans,Root Beer,2,2,2.99,18.99
Wegmans,Saranac Ginger Beer,4,4,2.79,6.89
Wegmans,"Saranac Hand- Crafted Soft Drinks, Root Beer",2,2,2.79,3.29
Wegmans,"Simply Organic Vanilla Extract, Pure Madagascar",2,2,9.99,11.49
Wegmans,"Soda , Lemon Lime",3,3,1.89,2.99
Wegmans,"Soda, Cane Sugar, Berry Lemonade Flavor",2,2,1.99,4.29
Wegmans,"Soda, Citrus Flavored",2,2,1.33,1.99
Wegmans,"Soda, Root Beer",2,2,1.89,4.34
Wegmans,"Starry Lemon Lime Soda, Caffeine Free",5,5,2.79,10.39
Wegmans,"Starry Zero Sugar Lemon Lime Soda, Caffeine Free",3,3,2.79,10.39
Wegmans,"Super Drink, Strawberry Banana",2,2,1.79,1.99
Wegmans,"Synergy Kombucha, Lemon Berry",2,2,4.29,10.39
Wegmans,The Golden Kola,2,2,1.5,5.49
Wegmans,"Turkey Hill Green Tea, Mango, Diet",2,2,2.49,2.69
Wegmans,"Turkey Hill Iced Tea, Lemon Flavored",3,3,0.96,3.79
Wegmans,"Turkey Hill Sweet Tea, Southern Brewed",2,2,0.96,3.79
Well.ca,Clearly Canadian Limon Essence Sparkling Mineral Water,2,2,3.29,4.29
Well.ca,Clearly Canadian Sparkling Mineral Water,2,2,1.5,4.29
Well.ca,Cove Gut Healthy Soda Root Beer,2,2,3.48,3.49
Well.ca,Farming Karma Apple Soda,2,2,2.49,2.96
Well.ca,Farming Karma Berry Soda,2,2,2.0,2.99
Well.ca,Farming Karma Cherry Soda,2,2,1.5,2.99
Well.ca,Farming Karma Peach Soda,2,2,2.98,2.99
Well.ca,Farming Karma Pear Soda,2,2,2.98,2.99
Well.ca,Good Drink Field Strawberry Spritzer,2,2,2.26,2.49
Well.ca,King Island 100% Pure Coconut Water,2,2,2.5,6.79
Well.ca,RISE Soda Classic Cola,2,2,3.0,3.76
Well.ca,RISE Soda Lemon Lime,2,2,3.76,3.79
Well.ca,RISE Soda Orange,2,2,2.5,3.76
Well.ca,Sapsucker The Lemon One Sparkling Water Sweetened with Organic Maple Sap,2,2,2.79,10.79
Well.ca,Sapsucker The Lime One Sparkling Water Sweetened with Organic Maple Sap,2,2,2.79,10.79
Well.ca,Vibe Organic Electrolyte Black Tea Pomegranate,2,2,2.25,2.99
Wholefoods,Brew Dr. Kombucha Organic Love Kombucha,2,2,9.99,10.99
Wholefoods,Evamor Natural Artesian Water,2,2,1.79,2.0
Wholefoods,"HYDRATING LEMON WATER, 15.2 fl oz",2,2,1.79,2.39
Wholefoods,Harmless Harvest Harmless Coconut Water,2,2,4.99,9.99
Wholefoods,"No Sugar Added Lemonade Juice Box, 0.75 fl oz boxes",2,2,5.19,5.39
Wholefoods,Penta Ultra- Purified Water,2,2,1.49,2.59
Wholefoods,"Uncle Matts Orange Juice, Organic, Pulp Free",2,2,4.59,6.99
Wholefoods,Zephyrhills 100% Natural Florida Spring ZEPHYRHILLS 100% Natural Florida Spring Water,2,2,1.39,4.99
Wholefoods,Zephyrhills Natural Florida Spring Water,4,4,1.19,4.99
Wholefoods,Zephyrhills Natural Spring Water,2,2,1.29,2.99
Willys,Citrus carbonated water Pet,4,4,4.9,34.5
Willys,Cola soda Pet,2,2,8.9,12.9
Willys,Cuba Cola Zero soda Pet,2,2,6.5,16.9
Willys,Energy Drink Zero can,3,3,4.38,9.9
Willys,Energy Drink energy drink can,2,2,8.9,9.9
Willys,Mango carbonated water Pet,4,4,8.9,39.9
Willys,Mango drink,2,2,14.9,17.9
Willys,Orange Juice With Bits,2,2,32.9,34.9
Willys,Original carbonated water Pet,4,4,4.9,34.5
Willys,Tonic Water drinkmix Pet,2,2,9.9,12.5
Willys,apple Juice,2,2,25.9,41.9
Willys,apple juice,6,6,5.9,43.9
Willys,apple stilldrink,2,2,4.98,8.5
Willys,banana Mango passion fruit Smoothie,3,3,11.5,34.9
Willys,carrot freshly pressed,2,2,19.9,35.5
Willys,cranberry drink,3,3,20.9,29.9
Willys,easter must soda Pet,5,5,5.9,49.9
Willys,easter must sugar free soda Pet,3,3,5.9,59.9
Willys,elder Lime carbonated water Pet,2,2,8.3,11.9
Willys,frameless Passion carbonated water Pet,2,2,8.5,8.9
Willys,fruit drink Mango,2,2,23.9,34.5
Willys,fruit drink blueberry,2,2,25.9,37.4
Willys,imsdal spring water still water Pet,2,2,12.5,15.9
Willys,julmust soda Pet,7,7,5.9,52.9
Willys,julmust soda can,2,2,5.9,7.9
Willys,julmust soda glass,2,2,10.9,11.9
Willys,julmust sugar free soda Pet,5,5,5.9,52.9
Willys,julmust sugar free soda can,2,2,5.9,7.9
Willys,"lemon Zero soda, Pet",2,2,12.9,18.9
Willys,lemon carbonated water Pet,5,5,4.9,49.9
Willys,lingonberry drink,2,2,17.5,19.9
Willys,natural carbonated water Pet,5,5,7.9,49.9
Willys,natural still water Pet,3,3,9.9,49.9
Willys,"orange Zero soda, can",2,2,7.9,42.9
Willys,orange freshly squeezed juice,2,2,19.5,32.5
Willys,orange juice,4,4,16.5,44.9
Willys,orange juice with pulp,4,4,15.5,34.9
Willys,orange soda Pet,2,2,12.9,18.9
Willys,peach orange carbonated water Pet,2,2,8.5,8.9
Willys,pear carbonated water Pet,4,4,7.9,41.9
Willys,pear fruit drink,2,2,14.9,16.9
Willys,pear stilldrink,2,2,4.9,8.5
Willys,pomegranate carbonated water Pet,4,4,4.9,41.9
Willys,raw juice red love,2,2,38.5,39.9
Willys,strawberries carbonated water Pet,4,4,8.9,39.9
Willys,strawberry / rabar carbonated water Pet,3,3,7.9,33.9
Willys,strawberry banana Smoothie,2,2,15.5,34.9
Willys,trocadero Zero Sugar soda Pet,2,2,11.9,15.9
Willys,trocadero Zero soda can,2,2,7.5,37.9
Willys,"trocadero jelly hallon Zero soda, Pet",2,2,11.9,14.9
Willys,trocadero soda Pet,4,4,6.5,57.9
Willys,trocadero soda can,4,4,5.9,44.9
Willys,trochumust Zero soda Pet,2,2,11.9,14.9
Willys,trochumust soda Pet,2,2,11.9,14.9
Willys,tropical Juice,2,2,24.9,43.9
Willys,tropical Juice without pulp,3,3,21.9,35.9
Willys,tropical Multivitamin fruit drink,2,2,7.9,16.9
Willys,watermelon carbonated water Pet,2,2,8.5,8.9
XXL,"Heat 330 ml, energy drink",2,2,2.05,17.0
XXL,"coconut water 310 ml, Neutral",2,2,1.8,1.95
XXL,"nobe Aloe Vera Drink, Original",2,2,22.0,25.0
Yunus,CAMLICA B.DUNYAM black mulberry 200 ml,2,2,1.6,1.65
Yunus,CAMLICA ELMA-ARMUT soda 200 ml,2,2,1.6,2.0
Yunus,CAMLICA lemon bottle 200 ml,2,2,1.6,2.0
Yunus,CAMLICA orange 4*1 lt,2,2,8.0,14.95
Yunus,CAMLICA soda 1 lt,2,2,2.75,3.99
Yunus,CAMLICA soda 2.5 lt,2,2,4.95,6.45
Yunus,CAMLICA soda 200 ml,2,2,1.6,1.65
Yunus,CAMLICA soda LIGHT 1 lt,2,2,3.6,3.99
Yunus,COLA TURKA 1 lt,2,2,2.75,3.99
Yunus,ICIM juice CHERRY 200 ml,2,2,0.95,0.99
Yunus,ICIM peach 330 ml,2,2,2.25,2.75
Yunus,joke mineral water 200 ml,2,2,0.55,0.75
Yunus,plum water 10 liters,2,2,6.95,8.9
Yunus,sec AYRAN 100 percent natural 2 lt,2,2,7.39,8.95
amazon,(8 PACK) - PLJ Lemon Juice | 500ml | 8 PACK - SUPER SAVER - SAVE MONEY,2,2,26.15,28.44
amazon,- PLJ Lemon Juice | 500ml | - SUPER SAVER - SAVE MONEY by Healthy Food Brands,2,2,110.28,147.81
amazon,2 L soft drink tutti frutti frutti FRESH,2,2,27.99,36.99
amazon,"226ers ISOTONIC DRINK 500 gr - isotonic drink without gluten - vegan - sugarfree / Low Sugar - with amylopectin, Sales minerals and vitamins lemon flavor",2,2,18.0,20.01
amazon,28 black acai - Energy Drink - 250 ml,2,2,6.27,6.49
amazon,9 Pack - Sambazon Amazon Energy - Jungle Love - 12oz.,2,2,44.0,59.79
amazon,9 X Tang Horchata Flavor Mix Powder - Makes 2 Liters of Drink - 15g - No Sugar Needed ( Pack of 9),2,2,11.99,20.39
amazon,"Agalima Organic Authenic Margarita Drink Mix, All Natural, 1 Liter (18 Fl Oz) Glass Bottle, Individually Boxed",2,2,18.28,73.5
amazon,Aloevera Juice with Extra Fiber - 400 ML (13.52 OZ) - Organic Certified,2,2,4.49,5.49
amazon,"Alpine Spiced Cider Apple Flavor Original Drink Mix, 120 Pouches (2 Pack)",2,2,36.91,48.49
amazon,"Alpine Spiced Cider Spiced Cider Apple Flavor Drink Mix, 10 ct - SET OF 2",2,2,4.38,41.29
amazon,Antipodes - Sparkling Water - 33.8 oz (1 Liter) (6 Glass Bottles),2,2,59.99,176.28
amazon,Antipodes - Still Water - 33.8 oz (1 Liter) (6 Glass Bottles),2,2,64.99,202.6
amazon,"Applied Nutrition Body Fuel Electrolyte Water - Body Fuel Prime Drink with BCA As and Vitamins, Fast Hydration (12 x 500ml) ( Millions Raspberry)",2,2,14.9,19.99
amazon,Applied Nutrition Body Fuel Electrolyte Water Paddy Punch 12 x 500 ml,2,2,18.23,22.9
amazon,Aqua Esse | Still Activated Water 330ml | 8 x 330ml (UK),2,2,17.81,17.82
amazon,Aronia Original | Organic 100% Aronia Juice | 1 x 350ml (UK),2,2,12.48,13.91
amazon,B- Tea Kombucha - Kombucha Raw & Organic Prebiotics & Probiotics Original - 16 fl. oz.,2,2,3.92,4.45
amazon,"BE GREEN Organic Mango Passion Juice with Mango, Passion Fruit, Banana and Apple 300ml Bottle",2,2,22.03,72.15
amazon,Ballygowan Sparkling Multipack 24 x 500ml,2,2,21.99,25.84
amazon,Ballygowan Still Water Glass 750ml,2,2,2.09,8.39
amazon,Ballygown Still Multipack 24 x 500ml,2,2,18.99,20.58
amazon,"Bare Nature Peach Vitamin Iced Tea (20 oz., 12 ct.)",4,4,15.99,47.55
amazon,Beetroot Juice,2,2,6.9,12.38
amazon,Beijing Tong Ren Tang HAHAHAHAHHAHA,2,2,45.0,45.4
amazon,Big Red Soda 12 oz (355ml) - 12 Cans,2,2,24.0,34.95
amazon,Big Tom | Spiced Tomato Mix | 1 X 750 Ml,2,2,5.34,7.66
amazon,Bigga Grape Soft Drink 500ml x 10 Pack,2,2,38.46,50.6
amazon,Boost Energy 1L ( Pack of 12 x 1ltr),2,2,22.4,27.97
amazon,Boost Energy 500ml ( Pack of 12 x 500ml),2,2,15.99,18.16
amazon,Brecon Carreg Natural Sparkling Mineral Water - 1.5L (52.79 fl oz),3,3,12.29,20.19
amazon,Brecon Carreg Still Mineral Water 6 x 300ml,3,3,4.84,7.84
amazon,Brecon carreg Still Water 2l,2,2,7.89,12.99
amazon,"Brew Dr. Kombucha Superberry, 14 fl oz",2,2,3.99,9.99
amazon,Bruce Cost Fresh Ginger Ale Pomegranate Hibiscus - Case of 12,2,2,42.99,89.45
amazon,C.P. Sports Mineral Light Drinks Syrup 1 & nbsp; Litre Electrolyte Concentrate with Liquid Dispenser,2,2,12.7,14.38
amazon,"C.P. Sports concentrate of drink ( lemon), syrup drink 1:80 + dosing pump and canteen 650 ml, Mineral Vital to drink 1 liter - 20 varieties with carnitine and vitamins sugarfree",2,2,14.99,19.99
amazon,"C.P. Sports concentrate of drink ( pink grapefruit), syrup drink 1:80 + dosing pump and canteen 650 ml, Mineral Vital to drink 1 liter - 20 varieties with carnitine and vitamins sugarfree",2,2,14.99,18.99
amazon,"C.P. Sports, concentrated for drinks, 5 liters, syrups concentrate with vitamins, minerals, electrolytes, different tastes, included dispenser, with l-carnitine",2,2,39.99,49.99
amazon,CRAZY TIGER - drink Energissante can 500 ml - set of 4 - sold by lot,2,2,24.99,30.99
amazon,Carters Royal Sparkling Soda Water 1 Litre ( Pack of 6 x 1ltr),2,2,8.49,15.49
amazon,Cheerwine Soda Cheerwine Diet 12.0 OZ ( Pack of 3),2,2,20.28,24.86
amazon,Cheerwine Soda Cheerwine Diet 12.0 OZ ( Pack of 6),2,2,27.72,32.98
amazon,Chef's Larder Orange Squash No Added Sugar 5 Litres,2,2,14.19,18.97
amazon,Chi 100% Pure Coconut Water 330ml,2,2,4.94,5.16
amazon,Chi 100% pure Coconut Water 1000 ml x 1,2,2,18.71,19.77
amazon,Chi Coconut Water with Mango 330ml,2,2,3.81,4.84
amazon,Chi Coconut Water with Tropical Fruits 330ml,2,2,4.84,6.79
amazon,Chubby Green Punch Flavoured Soft Drink 250ml ( Pack of 24),2,2,17.99,21.29
amazon,"Clearly Canadian Clearly Sparkling Spring Water Beverage, Natural & Carbonated Seltzer Water, 1 Case (12 Bottles x 325mL)",2,2,29.99,49.99
amazon,"Clearly Canadian Mountain Blackberry Sparkling Spring Water Beverage, Natural & Carbonated, Flavored Seltzer Water, 1 Case (12 Bottles x 325mL)",2,2,42.99,112.68
amazon,"Clearly Canadian Wild Cherry Sparkling Spring Water Beverage, Natural & Carbonated, Flavored Seltzer Water, 1 Case (12 Bottles x 325mL)",2,2,44.9,112.64
amazon,Clive's Apple & Raspberry Juice 75cl,2,2,7.64,8.84
amazon,Clive's Cox & Bramley Apple Juice 75cl,3,3,6.4,10.8
amazon,Clive's Fruit Farm Apple Juice Discovery 75cl,2,2,7.69,8.94
amazon,Clive's Fruit Farm Pear Juice Conference 75cl,3,3,6.4,11.19
amazon,"Coco Goods Co Single- Origin 100% Organic Coconut Water, Non-GMO, Never from Concentrate (16.9 fl. oz, 12 pack)",2,2,35.89,57.49
amazon,"Coco Rico Coconut Soda ( Pack of 6),12 Fl Oz / 355 ml Can (2- Pack!)",2,2,39.77,50.26
amazon,Cocofina | Cocofina Natural Coconut Water | 1 x 1l,2,2,10.62,11.24
amazon,Cocofina | Cocofina Natural Coconut Water | 11 x 1l,2,2,56.3,57.73
amazon,Cocofina | Cocofina Natural Coconut Water | 5 x 1l,2,2,26.39,29.15
amazon,Cocofina | Cocofina Natural Coconut Water | 6 x 1l,2,2,30.25,33.25
amazon,Cocofina | Cocofina Natural Coconut Water | 7 x 1l,2,2,36.19,40.05
amazon,Cocofina | Cocofina Natural Coconut Water | 8 x 1l,2,2,39.7,42.45
amazon,Cranberry 100% organic directjuice,2,2,12.54,22.93
amazon,DADS Blue Cream SODA - 1 Unit(s)- Each Unit is 24 X(355ML),2,2,89.25,121.99
amazon,DADS RED Cream SODA US - 2 Unit(s)- Each Unit is 12 X(355ML),2,2,71.23,99.99
amazon,DADS Root Beer - 2 Unit(s)- Each Unit is 4 X(355ML),2,2,37.17,44.29
amazon,"Dad's Old Fashion Cream Soda Singles To Go Drink Mix, 0.47 OZ, 6 CT (3)",2,2,9.99,14.99
amazon,"Dark Morello Cherry & Pomegranate Flavored Mineral Water, 11.15 Fl Oz Can (24 Pack)",2,2,15.0,18.69
amazon,Daylesford Organic Apple Juice 750 Ml,3,3,9.84,16.27
amazon,Daylesford Organic Apricot Nectar - 250ml (8.45fl oz),2,2,11.69,12.59
amazon,Daylesford Organic Apricot Nectar 250ml,4,4,4.45,11.99
amazon,Daylesford Organic Apricot Nectar 250ml ( Pack of 6),2,2,31.99,43.11
amazon,Daylesford Organic Sparkling Apple & Bilberry Juice - 750ml (26.39 fl oz),4,4,21.59,28.79
amazon,Daylesford Organic Sparkling Apple Juice - 750ml (26.39 fl oz),4,4,21.59,28.79
amazon,De mi Pais Coconut Water 16.4 oz - Agua de Coco,2,2,10.73,22.22
amazon,Dha Aqua pura Still mineral water 3 x 5 l,2,2,7.76,8.15
amazon,"Dha Aqua pure - still water, 6 x 1.5 l",2,2,14.14,15.12
amazon,Dha Bigga Ginger Beer 12x600ml,2,2,22.79,32.78
amazon,Dha Boost Energy Red Berry Can 24x250ml,2,2,14.49,26.09
amazon,Dha Boost Energy Red Berry Pet 12x500ml,2,2,12.85,24.26
amazon,Dha Boost Energy Sugar Free Can 24x250ml,2,2,14.49,26.09
amazon,Dha Duskin Braeburn Apple Juice 6x1ltr,2,2,28.6,41.77
amazon,Dha Duskin Cox Apple Juice 6x1ltr,2,2,31.78,41.77
amazon,Dha Emerge Energy Regular Can 7 24x250mlE35,2,2,12.42,23.79
amazon,Dha Just Juice Apple Tetra 12x1ltr,2,2,24.26,36.93
amazon,Dha Saka Water Still Pet 24 x 500 ml,2,2,9.07,18.79
amazon,Dha Saka Water Still Pet 24x500ml,2,2,18.79,23.49
amazon,Dha Saka Water Still Pet 6 x 1.5 liters,3,3,6.32,16.12
amazon,Dha Sunmagic Apple Juice 6x500ml,2,2,12.19,22.18
amazon,Dha Sunmagic Mango Juice 12x500ml,2,2,18.64,30.7
amazon,Dha Sunmagic Pure Orange Juice 6x500ml,2,2,13.34,23.33
amazon,Dha Warheads Soda with watermelon 12x355ml,2,2,26.37,37.11
amazon,Donat Mg Mineral & Magnesium Rich Natural Mineral Water - 500ml (17.59 fl oz),4,4,14.29,20.49
amazon,Dr Browns Soda Diet Creme 6pk,2,2,34.99,182.38
amazon,Drink Mix ( Pack of 16),3,3,49.41,71.61
amazon,"Dublin Soda Soda, 12 fl oz ( Pack of 24)",2,2,56.51,61.99
amazon,ESKA Spring Water Carbonated - 1 Unit(s)- Each Unit is 24 X(355ML),2,2,101.74,119.89
amazon,Eager Apple Juice Not From Concentrate 1L,2,2,4.08,8.89
amazon,Eager Orange Juice with Bits Not From Concentrate 1L,2,2,4.94,7.99
amazon,Eager Pink Grapefruit Juice Not From Concentrate - 1L (33.81fl oz),2,2,18.49,32.79
amazon,Eager Pink Grapefruit Juice Not From Concentrate 1L,3,3,4.37,10.99
amazon,Eager Tomato Juice Not From Concentrate 1L,2,2,4.08,4.94
amazon,Earth'S Bounty Tahitian Noni Juice Og1 32 Fz,2,2,38.85,41.99
amazon,Ekstroms Nyponsoppa - Rosehip Drink 1L,2,2,8.99,11.98
amazon,"Electrolytes Powder - Hydration Sachets Packed with Vitamins - Zero Sugar Rehydration Sachet No Artificial Sweeteners & Preservatives by Vi Drate - Lemon Lime & Mint Small Pack, 8 Electrolytes Sachets",2,2,8.87,8.95
amazon,Electrolytes Powder - Hydration Sachets Packed with Vitamins - Zero Sugar Rehydration Sachet with No Artificial Sweeteners &,2,2,16.95,24.95
amazon,Emerge Energy Drink Can 24x250ml,2,2,11.88,13.99
amazon,"Enerzal Energy Drink Powder, Orange, 500 G",4,4,57.53,65.1
amazon,Erbology 250ml Organic Sea Buckthorn Juice,2,2,7.99,24.09
amazon,Erbology Organic Aloe Vera Juice - 250ml (8.79 fl oz),3,3,28.29,38.29
amazon,Erbology Organic Aronia & Sea Buckthorn Juice - 250ml (8.79 fl oz),3,3,28.29,38.29
amazon,Erbology Organic Pure Sea Buckthorn Juice - 250ml (8.79 fl oz),3,3,28.29,38.29
amazon,Euro Shopper Citrus Juice Drink 500ml ( Pack of 12 x 500ml),2,2,18.99,19.99
amazon,"Evaxo Organic Raw Kombucha, 8 x 16 fl oz .#B",2,2,48.49,49.9
amazon,"FORTO Coffee Shots - 200mg Caffeine, Sweetened Black, Ready-to- Drink on the go, High Energy Cold Brew Coffee - Fast Coffee Energy Boost, 6 Pack",2,2,29.99,30.5
amazon,Farm Naturelle Aloevera Juice Box - 100 % Pure & Natural - 400 ML (13.52oz),2,2,4.18,9.49
amazon,"Farming Karma, Apple Soda, Not From Concentrate, No Sugar Added, 9 Count of 310ml",2,2,14.94,18.79
amazon,"Fee Brothers Lemon Cocktail Bitters - Aromatic Cocktail Mixer & Concentrated Flavoring, Gluten Free, Vegan- Friendly, 5 fl oz",2,2,11.57,17.49
amazon,"Flavored Probiotic Water, Blueberry Lemonade, 18 Fl Oz ( Pack of 12), Immunity and Digestive Health Support, Low Calorie, 2 Billion Active Cultures",2,2,18.99,21.29
amazon,Folkingtons Cranberry Juice - 12x250ml,2,2,20.95,23.85
amazon,Folkingtons Sicilian Clear Lemonade Mini Cans - 3x8x150ml,2,2,21.99,23.01
amazon,"Frannie's Sparkling Pink Pomelo Paloma, Protected With High- Density Foam, With Vitamins, Antioxidants, Energy, Zero Aspartame & No Sugar, 12 Oz. Cans ( Pack of 8 Cans)",2,2,20.0,24.25
amazon,Frostie Soda 4 Pk Blue Cream - 48 fo ( Pack of 6),2,2,28.27,30.89
amazon,Frostie Soda Concord Grape - 12 oz ( Pack of 2),2,2,5.04,8.99
amazon,Fruit Hit | Apple Juice Drink | 12 x 200ml,3,3,22.8,36.96
amazon,Fruit Hit | Apple Juice Drink | 13 x 200ml,4,4,23.46,37.63
amazon,Fruit Hit | Apple Juice Drink | 14 x 200ml,3,3,24.09,38.25
amazon,Fruit Hit | Apple Juice Drink | 17 x 200ml,3,3,25.96,40.13
amazon,Fruit Hit | Apple Juice Drink | 19 x 200ml,4,4,27.21,41.39
amazon,Fruit Hit | Apple Juice Drink | 2 x 200ml,3,3,16.49,30.67
amazon,Fruit Hit | Apple Juice Drink | 2 x 27 x 200ml,3,3,64.58,92.94
amazon,Fruit Hit | Apple Juice Drink | 21 x 200ml,3,3,28.5,42.67
amazon,Fruit Hit | Apple Juice Drink | 22 x 200ml,4,4,29.13,43.3
amazon,Fruit Hit | Apple Juice Drink | 23 x 200ml,3,3,29.75,43.93
amazon,Fruit Hit | Apple Juice Drink | 25 x 200ml,4,4,31.02,45.18
amazon,Fruit Hit | Apple Juice Drink | 26 x 200ml,3,3,31.67,45.85
amazon,Fruit Hit | Apple Juice Drink | 6 x 200ml,2,2,32.44,33.17
amazon,Fruit Hit | Apple Juice | 12 x 500ml,2,2,44.89,52.12
amazon,Fruit Hit | Orange Juice Drink | 1 x 200ml,3,3,15.87,30.03
amazon,Fruit Hit | Orange Juice Drink | 13 x 200ml,3,3,23.46,37.63
amazon,Fruit Hit | Orange Juice Drink | 14 x 200ml,3,3,24.09,38.25
amazon,Fruit Hit | Orange Juice Drink | 17 x 200ml,3,3,25.96,40.13
amazon,Fruit Hit | Orange Juice Drink | 19 x 200ml,3,3,27.21,41.39
amazon,Fruit Hit | Orange Juice Drink | 2 x 27 x 200ml,2,2,64.58,92.94
amazon,Fruit Hit | Orange Juice Drink | 21 x 200ml,3,3,28.5,42.67
amazon,Fruit Hit | Orange Juice Drink | 22 x 200ml,3,3,29.13,43.3
amazon,Fruit Hit | Orange Juice Drink | 23 x 200ml,3,3,29.75,43.93
amazon,Fruit Hit | Orange Juice Drink | 24 x 200ml,2,2,43.82,44.56
amazon,Fruit Hit | Orange Juice Drink | 25 x 200ml,3,3,31.02,45.18
amazon,Fruit Hit | Orange Juice Drink | 26 x 200ml,3,3,31.67,45.85
amazon,Fruit Hit | Orange Juice Drink | 27 x 200ml,3,3,32.29,46.47
amazon,Fruit Hit | Orange Juice | 12 x 500ml,3,3,38.08,52.12
amazon,"Fruit Of The Earth Fruit Aloe Vera Juice, 32 Oz",2,2,4.97,12.0
amazon,Full Throttle Energy Drink - Blue Agave - 16 Ounce - ( Pack of 12) - By The Munchie Mix,2,2,45.0,47.99
amazon,"Full Throttle True Blue Energy Drink 16oz Cans, 24 Units",2,2,72.95,103.59
amazon,"Fusion Select Authentic Taro Bubble Tea Kit Extra Rich (5 Packs) Bubble Tea Drink, Boba Tapioca Pearl, Straws, Popular Bubble Tea Flavors",2,2,9.99,14.99
amazon,"G Zero Thirst Quencher Powder Packets, 0.10 oz Individual Packets (40 Count) ( Glacier Freeze)",3,3,25.99,34.0
amazon,"G Zero Thirst Quencher Powder Packets, 0.10 oz Individual Packets (40 Count) ( Grape)",2,2,23.99,34.0
amazon,GYMQUEEN Flavs 1000 ml.,2,2,16.99,18.99
amazon,Gevalia Cold Brew Caramel Concentrate Iced Coffee (32 fl oz Bottle),2,2,8.79,10.95
amazon,Gloria Passion fruit ( Maracuya) Fruit Drink 33.8 FL OZ ( 1 Liter ) Shelf Stable Tetra-pack ( Pack of 1),2,2,10.45,12.0
amazon,Go Coco Coconut Water (500ml),2,2,8.49,10.79
amazon,Gusto All Natural Fairtrade Naturally Slim Cola (275ml x 24),2,2,44.95,45.95
amazon,Gusto All Natural Fairtrade Real Cherry Cola (275ml x 12),2,2,34.95,37.2
amazon,Gusto Organic Lemon Energy Drink - 250ml (8.45fl oz),2,2,5.99,15.49
amazon,Gusto Organic Lemon Energy Drink 250ml,2,2,6.36,7.19
amazon,Gusto Original Organic Energy Drink - 250ml (8.45fl oz),2,2,5.99,15.49
amazon,Gusto Original Organic Energy Drink 250ml,3,3,5.29,6.94
amazon,"Gutsy Captain kombucha Zero Calories, Zero Sugar, Organic kombucha Tea, Live Cultures, No Preservants, Unpasteurised, Raw and Vegan, 8 x 1000 ml Zero ( Mix Box)",2,2,32.9,33.9
amazon,"Hal's New York Seltzer Carbonated Black Cherry Flavored Sparkling Water, Zero Sugar, Zero Calorie, Zero Carbs, 20 Fl Oz ( Pack of 24)",2,2,29.99,35.99
amazon,Hampstead Tea | Raspberry Iced Tea - Og | 8 x 330ml,2,2,23.02,30.43
amazon,Harvey Nichols Sparkling Water - 750ml (26.39 fl oz),4,4,14.99,21.19
amazon,Harvey Nichols Sparkling Water 750ml,2,2,3.65,3.8
amazon,Harvey Nichols Still Water - 750ml (26.39 fl oz),4,4,15.59,22.19
amazon,"Hawaiian Springs- Natural Artesian Bottled Water | Volcanic Enhanced Alkaline Electrolytes | Sourced On Big Island, Hawaii | 1L ( Pack of 12)",2,2,34.45,193.32
amazon,Heartsease Farm Sparkling British Blackcurrant Crush 750ml,3,3,6.94,10.99
amazon,Heartsease Farm Sparkling Elderflower Presse 750ml,2,2,4.49,6.85
amazon,Heartsease Farm Sparkling Elderflower Presse 750ml ( Pack of 6),2,2,81.25,84.39
amazon,Heartsease Farm Sparkling Traditional Lemonade - 750ml (25.36fl oz),2,2,18.39,22.49
amazon,Heartsease Farm Sparkling Traditional Lemonade 750ml,4,4,5.9,12.05
amazon,Hildon Sparkling 500ml,2,2,2.09,4.1
amazon,Hitchcock - pack of 3 Premium Lime Juice pure 100% directjuice - Juice from approx. 20 Limes in 0.5 litres Glass Bottle,2,2,13.99,19.95
amazon,House of Broughton Cucumber Natural Syrup 500ml,2,2,11.6,22.89
amazon,House of Broughton Rose Natural Syrup 500ml,2,2,11.6,15.0
amazon,"Immune Support Premium Purified Water 700ml Bottles Pack, 12 Count",2,2,14.89,32.5
amazon,Inca Kola Golden Carbonated Beverage Soda - la kola dorada - 12 oz cans - 24pk,2,2,34.99,35.99
amazon,Indian Summer Apple Juice - 4 pk. - 128 oz.,4,4,33.63,118.9
amazon,"Ingrilli Organic Lemon Squeeze, 4 Fl Oz Bottle ( Pack of 6)",2,2,7.7,20.99
amazon,Ironmaxx 1000ml Low Calories Lemon Lime Sports Drink,2,2,16.21,114.8
amazon,"JUST Water Infused - Cherry Flavored Spring Water - Eco- Friendly and Sustainable, Boxed Bottled Water - Low Calorie Beverage with No Artificial Flavors, 8.0 Alkaline pH - 16.9 fl oz ( Pack of 12)",2,2,22.99,39.72
amazon,Jax Coco Coconut Water - 1L (33.81fl oz),2,2,17.99,21.89
amazon,Jax Coco Coconut Water 1L,5,5,8.37,17.71
amazon,Jax Coco Coconut Water 1L ( Pack of 4),2,2,26.11,48.64
amazon,Jax Coco Coconut Water 330ml,2,2,3.54,8.1
amazon,Jax Coco Coconut Water Screw Cap 330ml,3,3,3.94,7.33
amazon,Jax Coco Sparkling Coconut Water with Lemon & Ginger - 238ml (8.37 fl oz),4,4,12.59,18.19
amazon,Jax Coco Sparkling Coconut Water with Lemon & Ginger 238ml,2,2,6.17,12.08
amazon,Jax Coco Sparkling Coconut Water with Raspberry - 238ml (8.37 fl oz),4,4,12.59,18.19
amazon,Jax Coco Sparkling Coconut Water with Raspberry 238ml,2,2,5.8,12.08
amazon,Jif Lemon Juice 250ml,2,2,1.89,2.51
amazon,Jif Natural Strength Lemon Juice (250ml),2,2,4.65,6.99
amazon,"Jimmy's Iced Coffee 250ml Cans (12 Cans x 250ml, Mocha)",2,2,17.99,24.99
amazon,"Jimmy's Iced Coffee 250ml Cans (24 Cans x 250ml, Caramel)",2,2,34.99,37.95
amazon,"Jose Cuervo The Original Margarita Mix, Classic Lime 59.2 Oz ( Pack of 2)",2,2,23.16,25.94
amazon,Jupina Pineapple Soda 12 oz. Case of 6 Cans,2,2,12.99,22.5
amazon,"Jupina Pineapple Soda, 12oz Jar ( Pack of 18, Total of 218 Oz)",2,2,24.57,38.99
amazon,KA Sparkling Black Grape Flavour Drink 500ml ( Pack of 12 x 500ml),2,2,19.46,22.33
amazon,KA Sparkling Fruit Punch Flavour Drink 500ml ( Pack of 12 x 500ml),2,2,18.97,19.46
amazon,KA Sparkling Karibbean Kola Flavour Drink 500ml ( Pack of 12 x 500ml),2,2,17.9,19.46
amazon,KA Sparkling Pineapple Flavour Drink 330ml ( Pack of 24 x 330ml),2,2,17.01,22.65
amazon,KA Sparkling Pineapple Flavour Drink 500ml ( Pack of 12 x 500ml),2,2,18.99,20.17
amazon,"KA Still Pineapple Juice Drink, 1 Litre",2,2,1.35,2.39
amazon,"Key Nutrients Electrolytes Powder: Zero Calorie Peach Mango / Orange / Watermelon Powder in 40 or 20 Servings Hydration Travel Packets - Made in USA - Keto Electrolytes, Gluten and Carb Free",2,2,19.99,29.99
amazon,Kombucha Wonder Drink Green Tea Lemon (24x8.4 Oz),2,2,72.11,151.8
amazon,Korea Chum Churum Chummy Cool 소주 Drink Mixer 375ml ( Pack of 1),2,2,9.99,12.99
amazon,Korea Chum Churum Chummy Cool 소주 Drink Mixer 375ml ( Pack of 6),2,2,59.94,77.94
amazon,L & P Lemon & Paeroa 355ml ( Pack of 2),2,2,7.69,7.89
amazon,L & P Lemon & Paeroa Soft Drink (355ml) - Pack of 2,2,2,4.99,9.99
amazon,"LIFEWTR Premium Purified Water, 500 mL (55 Count) (500ml 55pk)",2,2,67.79,81.01
amazon,"LIFEWTR Premium Purified Water, pH Balanced with Electrolytes for Taste, 23.7 Fl Oz Flip Cap Bottles, 700 mL",3,3,65.74,79.99
amazon,"LIFEWTR Premium Purified Water, pH Balanced with Electrolytes for Taste, 23.7 Fl Oz Flip Cap Bottles, 700 mL Pack of 24 Count",9,9,51.79,80.0
amazon,"LIFEWTR Premium Purified Water, pH Balanced with Electrolytes for Taste, 23.7 Fl Oz Flip Cap Bottles, 700 mL Pack of 36 Count",5,5,57.17,83.33
amazon,"LIFEWTR Premium Purified Water, pH Balanced with Electrolytes for Taste, 23.7 Fl Oz Flip Cap Bottles, 700 mL Pack of 48 Count",4,4,86.5,129.99
amazon,LILT pineapple and grapefruit 330ml ( pack of 24 x 330ml),2,2,28.37,31.17
amazon,"LMNT Keto Electrolyte Powder Packets | Paleo Hydration Powder | No Sugar, No Artificial Ingredients | Citrus Salt | 30 Stick Packs",2,2,51.48,51.5
amazon,LMNT Zero Sugar Electrolytes - Watermelon Salt | Drink Mix | 30- Count,2,2,45.0,51.49
amazon,"LUV BOX - Variety Adrenaline Shoc Smart Energy Drink 16 oz Cans Pack of 12, Cotton Candy, Shoc Wave, Watermelon, Acai Berry, Fruit Punch, Frozen Ice, Sour Candy, Peach Mango, Orange Freeze, Blue Raspberry,by evaxo",3,3,40.0,55.0
amazon,"LUV BOX- variety Energy drink 16 oz. pack of 12 , Adrenaline Shoc Smart Energy Fruit punch, Bang Frose Rose .BY Evaxo",2,2,62.0,92.0
amazon,"LUV BOX- variety Energy drink 16 oz. pack of 12 , Adrenaline Shoc Smart Energy Watermelon, Bang Frose Rose .BY Evaxo",2,2,82.0,92.0
amazon,Lamb & Watt Cucumber Tonic 4 x 200ml,2,2,6.3,16.05
amazon,"Lavazza Organic Double Shot Oat Milk Cold Brew Coffee, ( Pack of 4 Cans / 8 Fluid Ounce Each) Balanced, Creamy, Dark Roast, 100% Arabica, USDA Certified Organic, Rainforest Alliance Certified",2,2,19.99,25.0
amazon,Levi Roots Caribbean Crush 500ml ( Pack of 12 x 500ml),2,2,18.52,19.99
amazon,Libby's Pumpkin Puree - 425g (0.93 lbs),2,2,11.59,12.49
amazon,Lilt Pineapple & Grapefruit 2 Litre ( Pack of 6 x 2ltr),2,2,25.94,26.94
amazon,Lilt Pineapple & Grapefruit 330ml ( Pack of 24 x 330ml),2,2,19.99,22.48
amazon,Lilt Pineapple & Grapefruit 500ml ( Pack of 24 x 500ml),2,2,25.99,40.41
amazon,Lily Of The Desert Organic Aloe Vera Juice Inner Fillet - 16 fl Oz,2,2,50.01,57.28
amazon,Little Miracles ( Powershot) | Organic Energy Drink - 330ml White Tea / Ginseng / Cherry | 10 x 330ml (UK),2,2,26.12,28.09
amazon,Little Miracles ( Powershot) | Organic Energy Drink - 330ml White Tea / Ginseng / Cherry | 12 x 330ml (UK),2,2,30.51,30.52
amazon,Little Miracles ( Powershot) | Organic Energy Drink - 330ml White Tea / Ginseng / Cherry | 8 x 330ml (UK),2,2,21.72,23.67
amazon,Little Miracles ( Powershot) | Organic Energy Drink - 330ml White Tea / Ginseng / Cherry | 9 x 330ml (UK),2,2,23.93,25.88
amazon,Little Miracles Black Tea Energy Drink - Organic 330 ml,2,2,6.25,18.2
amazon,Little Miracles Organic Black Tea 330ml,2,2,5.25,6.53
amazon,"London Essence Co. Ginger Ale, Premium Cocktail Mixer, Low Calorie, 200 ml, Pack of 4 Bottles",2,2,2.3,9.11
amazon,MAS + By Messi - 4 pack Miami Punch | Sports Drink- 500 ML,2,2,28.88,32.99
amazon,"MAS by Messi Energy Sports Drink Positive Hydration, 4 Pack Combo, Healthy Flavors 16.9 Fl oz ( Pack Of 04)",2,2,19.99,20.99
amazon,Mangajo Goji Berry & Green Tea 250ml,4,4,4.96,54.85
amazon,"Maple 3 Organic Sparkling Maple Water - Original | 100% Natural Hydratation, Straight from a Tree ( Maple Sap), 46 Essential Bioactive Compounds, Electrolytes & Minerals, No Sugar Added, Low in Calories, No flavour added, Eco- Friendly Packaging, Sustainably Sourced, Pack of 12x355ML",2,2,29.89,32.99
amazon,"Maple 3 Organic Sparkling Maple Water - Peach / Mango | 100% Natural Hydratation, Straight from a Tree ( Maple Sap), 46 Essential Bioactive Compounds, Electrolytes & Minerals, No Sugar Added, Low in Calories, Eco- Friendly Packaging, Sustainably Sourced, Pack of 12x355ML",2,2,29.89,32.99
amazon,"Margaritaville Singles To Go Water Drink Mix - Margarita Flavored, Non- Alcoholic Powder Sticks (6 Boxes with 6 Packets Each - 36 Total Servings",2,2,13.5,17.64
amazon,Mighty Brew | Organic Kombucha - Linden 275ML | 5 x 275ml (UK),2,2,19.12,19.14
amazon,Mighty Brew | Organic Kombucha Pu- Erh 275ML | 5 x 275ml (UK),2,2,15.84,20.89
amazon,Mighty Brew | Organic Kombucha Pu- Erh 750ML | 3 x 750ml (UK),2,2,18.35,24.41
amazon,Minor Figures Black Nitro Cold Brew Coffee - 200ml (7.03 fl oz),3,3,11.19,15.49
amazon,"Montmorency Tart Cherry Concentrate - Unsweetened 100% Juice Concentrate | All- Natural, Vegan, ORAC Leader, BPA & Gluten Free",2,2,59.99,385.58
amazon,"Montmorency tart cherry concentrate - Unsweetened 100% Juice Concentrate | All- Natural, Vegan, ORAC Leader, BPA & Gluten Free",2,2,34.99,49.99
amazon,NAYA WATER - 600ML 20,2,2,71.51,72.4
amazon,NAYA Water - 600ML * 20,2,2,81.04,81.72
amazon,NRGY isotonic Iso Sport- Drink Grapefruit lemon deposit free 24 cans,4,4,13.99,39.99
amazon,"Natural Spring Water, 15 Count",2,2,21.99,29.99
amazon,"Naveta Barley Grass Powder, navitas Barley Grass Powder,100 pure & Organic, navitas Organic Barley Grass Juice Powder, Barley Powder Body Detox Healthy Drink",2,2,6.19,7.91
amazon,"Niagara Bottling Purified Drinking Water, 16.9 oz Bottle, 24 / Pack, 2016 / Pallet - 05L24PLT",3,3,599.99,1659.7
amazon,"Niagara Purified Drinking Water - 16.9oz Bottles, 40 bottles per case 48 cases per pallet - Full Pallet - 1920 Bottles delivered by Waterpallets",2,2,399.99,459.99
amazon,"Nutrament Energy and Fitness Drink, Banana, 12 Ounce Cans ( Pack of 12)",2,2,38.3,109.32
amazon,"Nutrament Energy and Fitness Drink, Vanilla, 12 Ounce Cans ( Pack of 12)",2,2,37.49,54.99
amazon,One Water Sparkling Spring Water 750ml,2,2,2.9,3.99
amazon,Organic Birch Juice - 200ml,2,2,84.8,221.5
amazon,Organic Hydrating Energy Drink ( Pack of 14),2,2,50.44,50.91
amazon,Origin Energy Drink 500ml ( Pack of 12 x 500ml),2,2,13.59,20.99
amazon,"P'LIX - THE PLANT FIX Tender Coconut Water Premix Powder Pack of 30 Sachets with Natural Electrolytes for an Instant Energy fix and easy Digestion, Nariyal Paani for Daily Hydration & Healthy Skin",2,2,23.99,31.22
amazon,PLJ Lemon Juice ( Contains Sulphur Dioxide) - 500ml,3,3,8.98,18.57
amazon,"Peace Tea Cans, 23 fl oz, 12 Pack ( Hello Mango)",2,2,31.99,38.99
amazon,"Penta Ultra- Purified Water, Oxygen Infused Natural pH Hydration, Solar- Powered 13 Step Purification Process,16.9 Fl Oz ( Pack of 24)",2,2,34.74,65.97
amazon,"Perfect Hydration 9.5 + ph Alkaline Water | Electrolyte Minerals for Taste | 16.9 oz Recyclable Aluminum Cans, Pack of 12",2,2,23.99,96.51
amazon,"Pibb Xtra Fridge Pack Soda Soft Drinks, 12 fl oz, 12 Pack",2,2,17.97,23.99
amazon,Pip Organic Mango Orange & Apple Fruity Water - 4 x 200ml,2,2,19.79,24.39
amazon,Pip Organic Passionfruit & Mango Spring Water Quencher - 330ml (11.61 fl oz),2,2,11.29,12.09
amazon,Pip Organic Pomegranate & Raspberry Spring Water Quencher - 330ml (11.61 fl oz),4,4,11.29,16.39
amazon,Pip Organic Pomegranate & Raspberry Spring Water Quencher 330ml,3,3,3.74,7.59
amazon,Plenish Boost Organic Raw Cold Pressed Juice Spinach Kale Pear - 250ml (8.79 fl oz),3,3,19.69,29.49
amazon,Plenish Fuel Organic Raw Cold Pressed Juice Spinach Kale - 250ml (8.79 fl oz),3,3,19.69,29.49
amazon,Plenish Kick Organic Raw Cold Pressed Juice Lemon Chilli - 250ml (8.79 fl oz),3,3,19.79,29.59
amazon,Plenish Lift Organic Raw Cold Pressed Juice Kale Pear - 250ml (8.79 fl oz),3,3,19.79,29.59
amazon,Plenish Pump Organic Raw Cold Pressed Juice Beetroot - 250ml (8.79 fl oz),4,4,19.79,26.29
amazon,Pomegranate Juice - 500ml,7,7,39.18,80.41
amazon,"Powershot Little Miracles Organic Green Tea Energy Drink, 330ml",2,2,1.75,8.12
amazon,"Premium Purified Water, 16.9 Fl Oz ( Pack of 12)",6,6,10.59,30.0
amazon,"Premium Purified Water, pH Balanced with Electrolytes For Taste, , 33.8 Fl Oz ( Pack of 6) - Packaging May Vary",4,4,7.19,24.0
amazon,Princes 100% Pure Apple Juice from Concentrate 1 Litre ( Pack of 12 x 1ltr),2,2,20.45,20.49
amazon,Protein Water Co | Mango & Coconut Protein Water | 5 x 500ml (UK),2,2,16.4,19.94
amazon,Protein Water Co | Raspberry & Cranberry Protein Water | 2 x 500ml (UK),2,2,9.19,11.57
amazon,Prunes Juice vital house,2,2,9.15,10.98
amazon,Pumpkin Tree Organics | Blackcurrant & Apple Juice | 2 x 200ml,2,2,3.3,3.31
amazon,Purdey's Edge Multivitamin Fruit Drink - 330ml (11.61 fl oz),2,2,11.59,15.69
amazon,Purdey's Edge Multivitamin Fruit Drink 4 x 330ml,3,3,13.0,19.99
amazon,"Pure Heaven Juice, Red Grapes, 750ml (1, Bottle)",2,2,17.05,17.1
amazon,"Pure Kick Energy Singles To Go Drink Mix, Mango Acai, 6 CT ( Pack of 4)",3,3,10.26,30.09
amazon,"Purified Drinking Water, 16.9 oz Bottle, 24 / Pack, 2016 / Pallet",2,2,431.06,3870.76
amazon,"Purified Drinking Water, 16.9 oz Bottle, 24 / Pack, 2016 / Pallet [ESS]",2,2,875.0,1257.03
amazon,Qcumber with Mint Sparkling Water - 750ml (25.36fl oz),2,2,18.19,19.79
amazon,Qcumber with Mint Sparkling Water 750ml,4,4,5.19,10.85
amazon,Qcumber with Mint Sparkling Water 750ml ( Pack of 4),2,2,28.49,38.99
amazon,Qcumber with Mint Sparkling Water 750ml ( Pack of 6),2,2,58.49,85.65
amazon,R Whites Premium Lemonade (24 x 330ml Cans),2,2,23.95,24.49
amazon,R Whites Traditional Cloudy Lemonade 330ml,3,3,3.48,4.49
amazon,REDMOND Re- Lyte Hydration Electrolyte Mix ( Watermelon Lime),2,2,44.99,59.99
amazon,ROMANTICS Fresh Squeezed Apple and Forest Fruit Juice 250ml Bottle,2,2,19.39,67.73
amazon,Radnor Hills Sparkling Spring Water - Pack Size = 24x500ml,2,2,15.99,75.34
amazon,Radnor Hills Spring Sparkling Water 24 x 500ml,2,2,12.99,13.99
amazon,Radnor Hills Still Water 24x330ml,2,2,10.99,12.98
amazon,Radnor Splash 24 x 500ml ( Orange & Passionfruit),2,2,17.49,18.99
amazon,Radnor Splash Peach Flavoured Water - 24x500ml,2,2,13.99,16.99
amazon,Radnor Splash Still 24x500ml ( Strawberry),2,2,15.29,16.99
amazon,"Real Coconut Water, 16.2- Ounce ( Pack of 12) ( Value Bulk Multi-pack)",2,2,66.07,75.39
amazon,Rebel Kitchen Raw Organic Coconut Water - 250ml (8.79 fl oz),3,3,12.19,22.59
amazon,Rebel Kitchen Raw Organic Coconut Water - 473ml (16.64 fl oz),2,2,22.89,28.79
amazon,Rebel Kitchen Raw Organic Coconut Water - 750ml (26.39 fl oz),3,3,22.69,35.69
amazon,Rejuvenation Water Spanish Orange Amino Acid Enriched Spring Water 500ml,2,2,3.88,8.15
amazon,"Relentless Zero Sugar Raspberry Energy Drink, 500ml, Pack of 12",2,2,14.94,16.99
amazon,Rochester | Rochester Light Ginger Drink | 12 x 725ml (UK),2,2,80.61,87.01
amazon,Rude Health Chilled Organic Coconut Drink - 1L (35.19 fl oz),2,2,16.99,27.3
amazon,SIRACUSE - lemon juice 1l - set of 3,2,2,38.99,39.99
amazon,STEWARTS Diet Root Beer - 1 Unit(s)- Each Unit is 24 X(355ML),2,2,98.04,113.47
amazon,Saka Natural Mineral Water (24 x 500ml),2,2,11.99,12.42
amazon,Scheckter's Organic Green Tea & Mint 250ml,2,2,3.2,3.99
amazon,Scheckter's Organic Lite 4 Pack 4 x 250ml,3,3,12.15,22.89
amazon,Scheckter's Organic Lite 4 Pack 4 x 250ml ( Pack of 2),3,3,23.59,43.79
amazon,Scheckter's Organic Lite 4 Pack 4 x 250ml ( Pack of 4),2,2,43.19,90.59
amazon,Scheckter's Organic Original 4 Pack 4 x 250ml,3,3,12.15,22.89
amazon,Scheckter's Organic Original 4 Pack 4 x 250ml ( Pack of 2),3,3,24.99,43.79
amazon,Scheckter's Organic Original 4 Pack 4 x 250ml ( Pack of 4),3,3,43.19,90.59
amazon,Sibberi Pure Birch Water - 250ml (8.79 fl oz),4,4,11.39,16.39
amazon,Simplee Aloe Aloe Vera Juice With Apple & Mango - 1L (35.19 fl oz),2,2,16.89,17.79
amazon,Simplee Aloe Aloe Vera Juice with Apple & Mango - 1L (35.19 fl oz),2,2,22.89,23.99
amazon,Simplee Aloe Natural & Organic Aloe Vera Juice - 500ml (17.59 fl oz),4,4,35.99,44.99
amazon,Simplee Aloe Natural & Organic Cranberry Aloe Vera Juice - 500ml (17.59 fl oz),2,2,33.59,44.99
amazon,Simplee Aloe Natural & Organic Cranberry Aloe Vera Juice 500ml,2,2,19.94,37.39
amazon,"Skratch Labs Hydration Powder | Sport Drink Mix | Electrolytes Powder for Exercise, Endurance, and Performance | Lemon + Lime | 60 Servings | Non-GMO, Vegan, Kosher",2,2,54.95,99.99
amazon,Slammers Energy Drink 96x0.25 l Tin xxl Package,2,2,77.99,81.99
amazon,Slush Puppie Syrup 500ml Red Cherry ( Dispatched From UK),2,2,14.97,27.09
amazon,Smart Juice Juice Organic Antioxdant Force 33.8 Oz (6 Pack),2,2,46.98,48.3
amazon,Smeraldina - Still ( Non Sparkling) Artesian Water - Glass Bottles 500 mL,2,2,189.7,321.84
amazon,Smeraldina - Still ( Non Sparkling) Artesian Water - Glass Bottles 750 mL,2,2,206.01,317.61
amazon,Soda Press Organic Raspberry Mint Soda Syrup,2,2,13.04,15.82
amazon,Stirrings Pack Lemon Drop Cocktail Mix 750ml Bottle - Real Juice No Preservatives - 90 Calories - Drink Mixer,2,2,14.98,19.98
amazon,Sun Exotic Pineapple & Coconut Juice Drink 1L,2,2,2.9,2.93
amazon,Sun Exotic Sparkling Pineapple & Coconut Exotic Blend 330ml ( Pack of 24 x 330ml),2,2,20.98,23.98
amazon,Sunmagic 100% Pure Orange Juice 500ml ( Pack of 6 x 500ml),2,2,11.7,14.15
amazon,Sunmagic Orange & Carrot Juice Drink from Concentrate 500ml ( Pack of 6 x 500ml),2,2,11.7,19.0
amazon,Sunny D Sunny Delight Florida Style Orange Tangy Original Citrus Punch Juice 16 Oz ( Pack of 12),2,2,36.99,39.99
amazon,Sunpride Cranberry Juice Drink 1 Litre Case of 12,2,2,23.75,34.99
amazon,Sunpride Tomato Juice 1L,2,2,2.94,5.66
amazon,"Sunwink Organic Superfood Powder Pack, Digestion Lemonade for Digestion and Gut Support, Beauty Fruit Punch for Glowing Radiant Skin. Plant Based Drink Mix. No Added Sugar (40 Servings)",2,2,45.88,59.98
amazon,"Taika Oat Milk Latte - Creamy Mushroom Coffee w / Ashwagandha, Lions Mane, & L- Theanine - Ready to Drink Coffee in Cans - ( Oat Milk Latte, 8 Fl Oz ( Pack of 12))",2,2,40.99,203.32
amazon,"Tang Orange Liquid Drink Mix, 48ml / 1.6 fl. oz. ( Shipped from Canada)",2,2,12.99,13.88
amazon,"Tangerine & Wild Strawberry Flavored Mineral Water, 11.15 Fl Oz. Cans (24 Pack)",2,2,18.19,18.79
amazon,"Tangerine & Wild Strawberry Flavored Mineral Water, 11.15 fl oz. Cans (24 Pack)",5,5,14.45,69.99
amazon,Tate & Lyle Hazelnut Syrup 750ml,3,3,6.49,21.49
amazon,Tate & Lyle Mango Syrup - 750ml (25.36fl oz),2,2,17.99,23.3
amazon,Tate & Lyle Mango Syrup 750ml,4,4,9.93,24.28
amazon,Tate & Lyle Raspberry Syrup 750ml,2,2,9.62,11.11
amazon,Tate & Lyle Spiced Chai Syrup 750ml,2,2,11.23,20.43
amazon,Tate & Lyle Strawberry Syrup 750ml,4,4,9.93,21.49
amazon,Tea Zone Strawberry Premium Concentrated Syrup 64 Fl. Oz.,2,2,39.31,95.84
amazon,"Tejava Expect More Premium Black Tea, 12 x 16.9 fl oz",2,2,30.0,32.0
amazon,Tetley Super Squash Berry Burst Boost with Vitamin B6 - 850ml (29.91 fl oz),2,2,21.99,24.93
amazon,Tetley Super Squash Berry Burst boost with Vitamin B6 - 850ml (29.91 fl oz),2,2,7.99,16.19
amazon,"Thai Iced Tea Mix, Traditional Restaurant Style, 16 oz. ( Pack of 4)",2,2,26.95,31.9
amazon,"Thick & Easy Clear Thickened Iced Tea, Nectar Consistency, 46 Ounce ( Pack of 6)",2,2,40.0,58.29
amazon,"Thick- It Aqua Care H2O: Pre- Thickened Apple Juice, Nectar-thick liquid, (1 Case: 24 x 8 oz. Bottles)",2,2,43.9,145.03
amazon,Thickened Beverage Thick- It Aqua CareH2O 8 oz. Cranberry Ready to Use,2,2,62.88,72.66
amazon,Torq Energy Drink - Single Serve Sachets,2,2,1.6,5.02
amazon,Venture Pal Sugar Free Electrolyte Powder Packets - Liquid Daily IV Drink Mix for Rapid Hydration & Party Recovery | 5 Vitamins & 7 Electrolytes| Keto Friendly | Non-GMO | Certified Vegan | 16 Sticks,2,2,15.99,49.6
amazon,Vetrem Nutriorg Certified Organic Rose Water - 250ml,2,2,36.08,59.3
amazon,Virtue Energy Water Berries 250ml ( Pack of 4),2,2,12.94,23.99
amazon,"Vita Organic tea from kombucha organic - green tea sparkling with cultivation of kombucha living nature - fermented drink naturally and 100 % organic - tea drink raw, vegan, without gluten and lactose free",3,3,14.99,48.99
amazon,"Vivaloe Coconut Aloe Drink (16.9 fl. oz., 12 pk.)",3,3,29.98,69.5
amazon,"Volcano Bursts Organic Italian 100% Organic Lemon Juice In Glass Bottle, 33.8 oz | Pack of 1",2,2,17.95,32.22
amazon,"Wellness Flavored Vitamin Water, Orange Mango, 18 Fl Oz ( Pack of 12)",2,2,21.36,49.4
amazon,"Wellsley Farms Apple Juice, 4 pk./ 64 fl. oz.",2,2,14.58,19.99
amazon,"Wellsley Farms Cranberry Juice Cocktail, 4 pk./ 64 oz.",2,2,15.99,19.25
amazon,Wow Hydrate Electrolyte Pro Water Blue Raspberry 12X500ml,2,2,19.39,138.28
amazon,ballygowan Still Water 6 x 500ml,2,2,8.77,12.49
amazon,bio matcha Energy- Drink in cans,2,2,2.19,2.68
amazon,bjorg - pure lemon juice 25 cl - set of 4,2,2,28.99,30.57
amazon,cano Water Sparkling Resealable Spring Water 33cl,2,2,2.41,4.67
amazon,caribbean - Nectar maracuja 75 cl - set of 4,2,2,26.8,30.0
amazon,"cipriani Indian Tonic Water '' harry's'', tonic water italian dry, beverage sparkling for Mixology and preparation Cocktail, Rum Tonic, Spirit, Vodka Tonic, 4 x 200 ml",2,2,14.0,18.0
amazon,courmayeur - mineral water pack of 6x1l - unity,2,2,14.9,16.57
amazon,darbo Blackcurrant Syrup 500ml Bottle,2,2,6.99,15.19
amazon,farm naturelle aloevera Juice Box - 100 % pure & natural - 400 ml (13.52oz),2,2,8.0,8.49
amazon,forest spring - fruit lemon naturally cloudy - 1000 ml,2,2,4.3,4.7
amazon,goji Juice - 500ml,2,2,16.0,19.0
amazon,goldberg tonic water 0.2 L,2,2,3.99,6.99
amazon,"hepar mineral water, 6 x 1l",2,2,14.99,22.76
amazon,hépar Hepar6 mineral water x 1 l,2,2,14.99,26.98
amazon,jax Coco coconut water 1l,2,2,6.87,18.18
amazon,jax Coco coconut water sparkling with 238 Ml lemon and ginger,2,2,7.09,22.96
amazon,"juices pay - drink of fruits orange, carrot and lemon from fruit juice 750ml classics",2,2,2.57,2.7
amazon,lanjarón natural mineral water - carafe 6.25l,2,2,1.0,1.75
amazon,"mautner Markhof 0% syrup raspberries, sugar and without any addition - 0.7l",3,3,18.59,21.9
amazon,mill of valdonne recipe provencal strawberry watermelon citron Melon 70cl (lot of,4,4,8.45,24.55
amazon,mill valdonne lemon concentrate to dilute 70 cl (batch of,3,3,10.97,21.62
amazon,mont roucous natural mineral water - the pack of 6x1l,2,2,3.39,3.49
amazon,moulin de valdonne concentrate de Citron à Diluer 70cl (lot de,3,3,7.61,14.58
amazon,mp3 Drinks - Carb- Charger (12-pack) ( Red Punch - 12 x 500 ml) - sports drink,2,2,24.0,30.0
amazon,mp3 Drinks - Energized (12-pack) ( Punch - 12 x 500 ml),2,2,24.0,30.0
amazon,"perfectly transparent, lemon and lime, 500 ml",3,3,44.05,58.63
amazon,quézac sparkling water natural mineral - the 6 bottles of 1.15l,2,2,3.49,4.45
amazon,raak Gaze- raspberries 12 cans x 25 cl,2,2,21.51,21.63
amazon,simple Aloe | Aloe Original With White Grape | 4 x 1l,2,2,47.48,56.49
amazon,"slimfast Shake Drink Cafe latte 325ml, a taste of coffee soft and silky and contains 1/3 of your nutrients daily…",2,2,19.5,34.2
amazon,"tassoni - cedar Soda, 180 ml ( pack of 6)",2,2,15.99,16.0
amazon,this juicy water Lemon & Limes 420ml,2,2,4.02,5.99
amazon,this juicy water pomegranates & black currants 420ml,2,2,4.49,5.99
amazon,this juicy water raspberries & Apples 1l,2,2,8.69,10.99
amazon,torq Energy Drink 500 g - pack of 2,2,2,24.99,25.71
amazon,"torq Energy Drink, 500 g, 2 pieces",2,2,23.21,34.58
amazon,"torq Energy Drink, 500 g, pack of 2",3,3,24.99,62.16
amazon,tri top drinks syrup Lemon- Lime 600 ml - Low Calorie ( pack of 6),2,2,29.16,30.6
amazon,tri top drinks syrup elderflower 600 ml - Fine Floral Taste - For a Low- Calorie Soft Drink ( pack of 6),2,2,16.55,16.73
amazon,vahine - natural vanilla flavor liquid - 20 ml - set of 4 - fast delivery in france - price per lot,2,2,36.06,38.56
amazon,vit beat drink 6 / 12 x 500 ml Energy Boost Detox Immunitea lean & green perform - 12 x 500ml,2,2,22.68,22.76
amazon,wellwoman Drinks - 250ml,2,2,20.64,22.17
boots,O.R.S. Immune Hydration Tablets Orange 20s,2,2,6.99,9.99
eFarma,lotus flower Chaberton syrup natural to the taste of blueberry biological 500 ml.,2,2,10.4,12.35
eFarma,lotus flower biotta juice of vegetables breuss biological 500 ml,2,2,4.01,5.09
galaxus,Electrolyte Drink (1000ml),2,2,21.3,23.9
galaxus,Fast Hydration,3,3,3.13,3.82
galaxus,coconut water pure,2,2,4.6,9.2
galaxus,lemons syrup with fructose,2,2,5.2,8.35
galaxus,oranges syrup m Fruchtzucke,2,2,5.2,8.35
iHerb,"Atkins, Iced Coffee Protein Shake, Mocha Latte, 4 Shakes, 11 fl oz (325 ml) Each",2,2,15.26,16.29
iHerb,"Atkins, Iced Coffee Protein Shake, Vanilla Latte, 4 Shakes, 11 fl oz (325 ml) Each",3,3,8.95,16.29
iHerb,"BUBS Naturals, Hydrate or Die, Electrolyte Drink Mix, Lemon, 7 Sticks, 0.4 oz (14 g) Each",2,2,10.98,12.34
iHerb,"Orgain, Hydro Boost Rapid Hydration Drink Mix, Orange Tangerine, 8 Stick Packs, 0.45 oz (13 g) Each",2,2,16.17,17.72
iHerb,"RYSE, Hydration, On- The- Go Electrolyte Drink Mix, Lemon Lime, 16 Sticks, 0.24 oz (6.7 g) Each",2,2,20.99,21.21
iHerb,"Sencha Naturals, Matcha Lemonade Iced Tea Mix, 7 oz (200 g)",2,2,9.53,10.76
iHerb,"Stonewall Kitchen, Maple Blueberry Syrup, 8.5 fl oz (250 ml)",2,2,10.11,13.44
iHerb,"Swanson, Simply Hydrate, Electrolyte Hydration Mix, Orange, 8 Stick Packs 0.21 oz (5.84 g) Each",2,2,9.66,9.99
iHerb,"Swanson, Simply Hydrate, Electrolyte Hydration Mix, Sugar Free, Watermelon, 30 Stick Packs, 0.22 oz (6.2 g) Each",2,2,19.3,25.14
iHerb,"Terrasoul Superfoods, Baobab Powder, 12 oz (340 g)",2,2,14.99,15.77
iHerb,"Wilderness Poets, Organic Evaporated Coconut Water Powder, 4 oz (113 g)",2,2,12.47,13.87
jet.com,"Blue Sky Soda, Cream, 12 Fl Oz ( Pack of 24)",2,2,15.52,16.7
jet.com,"Country Club Soda, Raspberry, 67.6 Fl Oz, 1 Ct",2,2,2.62,3.77
jet.com,"Dry Sparkling Soda, Cucumber, 12 Fl Oz, 4 Ct",2,2,7.91,9.95
lookfantastic,Defence Sparkling Vitamin Water ( Sample),2,2,2.99,3.45
lookfantastic,"myvitamins Beauty Collagen Powder ( Stick Pack), Lemon, 12g",2,2,2.45,24.0
lookfantastic,"myvitamins Beauty Collagen Powder ( Stick Pack), Strawberry, 12g",2,2,2.45,24.0
mat.se,Citrus carbonated water incl. Pant,4,4,12.95,59.95
mat.se,Cola Zero Sugar incl. Pant,2,2,8.5,15.5
mat.se,Cola incl. Pant,5,5,6.67,15.5
mat.se,Energy Drink incl. Pant,3,3,10.5,14.95
mat.se,Energy Drink sugar free incl. Pant,2,2,10.5,12.5
mat.se,Juice tropical,2,2,18.95,26.5
mat.se,Melon carbonated water incl. Pant,2,2,13.95,65.95
mat.se,Orange incl. Pant,2,2,9.95,14.95
mat.se,Original carbonated water incl. Pant,4,4,12.95,59.95
mat.se,Original incl. Pant,4,4,7.95,19.5
mat.se,Passion carbonated water incl. Pant,2,2,12.95,13.95
mat.se,Shot ginger,2,2,32.5,41.95
mat.se,Smoothie apple avocado raspberry strawberry cold pressed,2,2,20.5,32.95
mat.se,"Smoothie apple, coconut water, avocado & spinach incl. Pant",2,2,24.95,33.95
mat.se,Smoothie banana / mango passion fruit incl. Pant,2,2,16.95,37.95
mat.se,Smoothie strawberry & banana incl. Pant,2,2,17.95,37.95
mat.se,Tonic Water incl.pant,2,2,14.5,19.95
mat.se,Zero can incl. Pant,2,2,9.5,44.5
mat.se,Zero incl. Pant,4,4,9.5,17.95
mat.se,Zero incl.pant,3,3,9.5,63.95
mat.se,apple juice,4,4,18.95,32.95
mat.se,carbonated water lemon incl. Pant,2,2,7.5,13.5
mat.se,carbonated water pear incl. Pant,2,2,13.95,42.5
mat.se,carbonated water strawberry & rhubarb incl. Pant,2,2,13.95,42.5
mat.se,easter must incl. Pant,2,2,13.5,15.0
mat.se,easter must sugar free incl. Pant,2,2,16.95,89.95
mat.se,elder Lime carbonated water incl. Pant,2,2,12.95,13.95
mat.se,freshly pressed orange incl. Pant,2,2,25.95,39.95
mat.se,fruit drink rose hip,2,2,23.95,28.5
mat.se,incl. Pant,2,2,9.5,44.5
mat.se,julmust Light incl. Pant,2,2,10.0,72.95
mat.se,julmust Original incl. Pant,2,2,14.95,67.95
mat.se,julmust glass bottle,2,2,8.95,11.5
mat.se,julmust incl. Pant,8,8,7.95,85.95
mat.se,julmust sugar free incl. Pant,4,4,7.95,85.95
mat.se,orange Mango with no added sugar fruit drink,2,2,28.5,29.95
mat.se,orange freshly squeezed juice,2,2,24.95,51.95
mat.se,orange juice,4,4,16.95,33.95
mat.se,orange sugar free incl. Pant,2,2,16.5,19.5
mat.se,orginal incl. Pant,3,3,14.95,17.95
mat.se,passion fruit incl. Pant,2,2,8.5,15.95
mat.se,pear incl. Pant,4,4,12.95,59.95
mat.se,pear soda incl. Pant,2,2,8.5,15.95
mat.se,pineapple carbonated water incl. Pant,2,2,12.95,13.95
mat.se,pomegranate carbonated water incl. Pant,3,3,12.95,59.95
mat.se,raspberry soda incl. Pant,3,3,8.5,15.5
mat.se,strawberries berry drink,2,2,6.95,17.95
mat.se,strawberries carbonated water incl. Pant,2,2,15.5,42.5
mat.se,strawberry sugar free incl. Pant,3,3,9.95,19.5
mat.se,table water natural carbonated incl. Pant,2,2,13.95,58.95
mat.se,water natural without carbonation incl. Pant,2,2,6.95,42.5
mat.se,watermelon carbonated water incl. Pant,2,2,12.95,13.95
mcdrogerie,morga lemons syrup with fructose,2,2,6.3,7.0
mcdrogerie,morga passion fruit syrup with fructose,2,2,6.3,8.9
mcdrogerie,sun gate turmeric- lemons syrup BIO,2,2,12.1,73.6
meijer,Reeds Premium Ginger Brew - 4-12 oz,2,2,4.99,5.39
peapod,Affinity's Real Water Alkalized Water Antioxidant,2,2,1.49,2.49
peapod,Harmless Harvest Coconut Water 100% Raw Organic,2,2,3.19,5.49
peapod,Peapod Acadia Spring Water Natural,2,2,1.19,3.29
peapod,Peapod Acadia Spring Water Natural - 12 pk,2,2,2.59,2.99
peapod,Peapod Ginger Ale Diet,2,2,0.89,1.19
peapod,Peapod Original Seltzer Water,2,2,0.79,1.19
peapod,Turkey Hill Green Tea with Ginseng & Honey Refrigerated,2,2,1.89,2.89
peapod,Turkey Hill Lemon Flavored Iced Tea Diet Refrigerated,2,2,1.89,2.89
peapod,Turkey Hill Lemonade Refrigerated,2,2,1.89,2.89
peapod,Turkey Hill Lemonade Tea ( Iced Tea & Lemonade Blend) Refrigerated,2,2,1.89,2.89
peapod,Turkey Hill Sweet Tea Southern Brewed Refrigerated,2,2,1.89,2.89
pingo doce,juice Florida Sunny Delight,2,2,0.96,1.05
pingo doce,sparkling water lemon stones - pack 4,2,2,2.19,2.75
pingo doce,tonic water Signature Royal Bliss,2,2,0.65,1.45
publix,"Publix 100% Juice, Apple",2,2,2.71,2.87
publix,Publix Ginger Ale,3,3,1.15,4.99
publix,"Publix Ginger Ale, Diet",2,2,1.37,4.99
publix,"Publix Tonic Water, with Quinine, Diet",2,2,1.37,4.41
publix,"Starry Zero Sugar Lemon Lime Soda, Caffeine Free",2,2,2.75,10.99
safeway,Harmless Harvest Organic Coconut Water - 16 Fl. Oz.,2,2,4.49,4.99
safeway,Soleil Sparkling Water Mango - 8-12 Fl. Oz.,2,2,0.79,3.0
shop-apotheke,Dr. goerg premium Bio- coconut water,2,2,2.69,5.99
shop-apotheke,kulau Bio- coconut water Pure,2,2,2.6,4.89
shop-apotheke,vital house cranberry juice pure organic,2,2,6.99,8.79
shop-apotheke,vital house cranberry- pure juice BIO,2,2,5.98,9.31
waitrose,Aqua Libra Raspberry & Blackcurrant Sparkling Water,2,2,1.15,2.0
waitrose,Jimmy's Iced Coffee Mocha,2,2,1.0,3.0
waitrose,Jimmy's Iced Coffee Original,4,4,1.0,5.25
waitrose,Mangajo pomegranate & green tea,2,2,1.6,2.35
waitrose,Savse Super Orange,2,2,2.1,4.0
zur Rose,cranberry juice pure organic Vitalhaus-750 ml,2,2,6.39,10.99
zur Rose,cranberry pure juice Bio Vitalhaus-750 ml,2,2,6.75,11.99
