pickup_location_id,dayofweek,pickup_hour,ride_count
1,0,8,1
1,1,18,1
1,2,6,1
1,3,13,1
1,3,15,1
1,3,18,1
1,3,19,1
1,3,23,1
1,4,8,1
1,4,16,1
1,5,14,1
1,6,16,1
2,3,5,1
3,0,3,1
3,0,18,1
3,1,6,2
3,1,8,1
3,1,13,1
3,1,15,1
3,1,18,1
3,2,13,1
3,2,15,1
3,3,8,1
3,3,9,1
3,3,10,1
3,3,16,1
3,4,4,1
3,4,6,1
3,4,8,1
3,4,10,1
3,5,10,1
3,6,10,1
4,0,0,1
4,0,1,3
4,0,2,10
4,0,3,1
4,0,5,1
4,0,7,1
4,0,8,3
4,0,9,1
4,0,10,3
4,0,11,1
4,0,13,1
4,0,14,3
4,0,15,4
4,0,16,3
4,0,17,1
4,0,18,3
4,0,19,3
4,0,21,1
4,0,22,1
4,0,23,5
4,1,0,3
4,1,1,5
4,1,2,7
4,1,4,1
4,1,5,1
4,1,6,2
4,1,7,4
4,1,8,5
4,1,9,5
4,1,10,2
4,1,11,4
4,1,12,3
4,1,13,1
4,1,14,1
4,1,15,3
4,1,16,4
4,1,17,3
4,1,18,2
4,1,19,2
4,1,20,3
4,1,21,4
4,1,22,6
4,2,0,3
4,2,1,1
4,2,6,1
4,2,7,4
4,2,8,9
4,2,9,3
4,2,10,2
4,2,11,3
4,2,12,3
4,2,13,3
4,2,14,3
4,2,15,2
4,2,16,4
4,2,17,2
4,2,18,1
4,2,19,7
4,2,20,3
4,2,21,8
4,2,22,1
4,2,23,7
4,3,0,5
4,3,1,5
4,3,2,1
4,3,4,1
4,3,5,1
4,3,8,4
4,3,9,4
4,3,10,4
4,3,11,5
4,3,12,2
4,3,13,3
4,3,15,6
4,3,16,5
4,3,17,2
4,3,18,3
4,3,19,8
4,3,20,5
4,3,21,5
4,3,22,9
4,3,23,8
4,4,0,9
4,4,1,15
4,4,2,10
4,4,3,1
4,4,7,1
4,4,8,4
4,4,10,6
4,4,11,4
4,4,12,3
4,4,14,4
4,4,15,3
4,4,16,1
4,4,17,3
4,4,18,4
4,4,19,11
4,4,20,4
4,4,21,11
4,4,22,17
4,4,23,34
4,5,0,36
4,5,1,68
4,5,2,62
4,5,3,29
4,5,4,6
4,5,5,1
4,5,7,1
4,5,8,1
4,5,9,1
4,5,10,3
4,5,11,1
4,5,12,3
4,5,13,5
4,5,14,5
4,5,15,5
4,5,16,6
4,5,17,6
4,5,18,10
4,5,19,12
4,5,20,8
4,5,21,14
4,5,22,17
4,5,23,42
4,6,0,58
4,6,1,77
4,6,2,59
4,6,3,37
4,6,4,12
4,6,7,1
4,6,9,1
4,6,10,3
4,6,11,1
4,6,12,3
4,6,13,5
4,6,14,4
4,6,16,3
4,6,17,5
4,6,18,5
4,6,19,6
4,6,20,2
4,6,21,4
4,6,22,3
4,6,23,4
6,1,8,1
7,0,0,1
7,0,1,1
7,0,2,2
7,0,4,1
7,0,5,1
7,0,6,2
7,0,7,2
7,0,8,3
7,0,9,1
7,0,10,4
7,0,11,3
7,0,12,6
7,0,13,2
7,0,14,3
7,0,15,5
7,0,16,2
7,0,17,3
7,0,18,3
7,0,19,1
7,0,20,1
7,0,21,2
7,0,22,1
7,1,2,2
7,1,4,1
7,1,5,1
7,1,6,4
7,1,7,3
7,1,8,3
7,1,9,7
7,1,10,1
7,1,11,7
7,1,12,2
7,1,14,1
7,1,15,5
7,1,16,3
7,1,17,3
7,1,19,3
7,1,20,4
7,1,21,2
7,1,22,2
7,1,23,1
7,2,2,1
7,2,3,1
7,2,5,1
7,2,6,2
7,2,7,6
7,2,8,4
7,2,9,1
7,2,10,5
7,2,11,3
7,2,12,1
7,2,13,5
7,2,14,7
7,2,15,6
7,2,16,4
7,2,17,4
7,2,18,1
7,2,19,1
7,2,20,1
7,2,21,1
7,2,22,1
7,2,23,1
7,3,0,2
7,3,6,2
7,3,7,2
7,3,8,7
7,3,9,2
7,3,10,5
7,3,11,3
7,3,12,3
7,3,13,2
7,3,14,5
7,3,15,5
7,3,16,1
7,3,17,2
7,3,18,2
7,3,19,3
7,3,20,1
7,3,21,2
7,3,22,1
7,4,0,3
7,4,1,1
7,4,2,1
7,4,3,1
7,4,4,1
7,4,5,2
7,4,6,3
7,4,7,2
7,4,8,3
7,4,9,2
7,4,10,3
7,4,11,4
7,4,12,3
7,4,13,3
7,4,14,5
7,4,15,2
7,4,16,2
7,4,17,2
7,4,18,2
7,4,19,5
7,4,21,4
7,4,22,4
7,4,23,4
7,5,0,4
7,5,1,2
7,5,2,2
7,5,4,2
7,5,5,1
7,5,6,1
7,5,7,3
7,5,8,2
7,5,9,9
7,5,10,3
7,5,11,5
7,5,12,2
7,5,14,5
7,5,15,3
7,5,16,5
7,5,17,3
7,5,18,2
7,5,19,2
7,5,20,3
7,5,21,1
7,5,22,1
7,5,23,2
7,6,0,5
7,6,1,2
7,6,2,2
7,6,3,3
7,6,4,3
7,6,5,2
7,6,6,1
7,6,7,1
7,6,8,4
7,6,9,3
7,6,10,3
7,6,11,1
7,6,12,3
7,6,13,1
7,6,14,4
7,6,15,2
7,6,16,3
7,6,17,4
7,6,18,2
7,6,19,5
7,6,20,2
7,6,21,1
7,6,23,1
8,2,18,1
8,6,6,1
9,1,5,1
9,1,10,1
9,2,0,1
9,2,4,1
9,2,14,1
9,3,5,1
9,3,12,1
9,3,13,1
9,4,18,1
10,0,0,1
10,0,3,1
10,0,5,1
10,0,6,3
10,0,7,2
10,0,8,4
10,0,9,2
10,0,11,2
10,0,13,2
10,0,14,4
10,0,15,5
10,0,16,6
10,0,17,3
10,0,18,3
10,0,19,3
10,0,21,2
10,0,22,1
10,0,23,2
10,1,2,1
10,1,3,2
10,1,5,1
10,1,6,1
10,1,7,4
10,1,8,1
10,1,9,2
10,1,10,1
10,1,11,6
10,1,12,2
10,1,14,4
10,1,16,4
10,1,17,3
10,1,18,2
10,1,19,1
10,1,21,2
10,1,23,2
10,2,0,1
10,2,1,1
10,2,5,5
10,2,6,5
10,2,7,1
10,2,8,4
10,2,10,1
10,2,11,2
10,2,12,1
10,2,13,4
10,2,14,2
10,2,16,4
10,2,17,1
10,2,19,4
10,2,20,2
10,2,21,1
10,2,23,1
10,3,5,2
10,3,6,4
10,3,7,2
10,3,9,4
10,3,10,1
10,3,11,1
10,3,12,3
10,3,13,2
10,3,14,1
10,3,15,1
10,3,16,8
10,3,18,1
10,3,19,2
10,3,20,2
10,3,22,1
10,3,23,2
10,4,0,1
10,4,5,2
10,4,6,4
10,4,7,2
10,4,10,3
10,4,11,3
10,4,12,2
10,4,13,1
10,4,14,6
10,4,15,1
10,4,16,9
10,4,17,1
10,4,18,2
10,4,19,1
10,4,20,2
10,4,21,6
10,4,22,2
10,4,23,1
10,5,1,1
10,5,6,3
10,5,7,1
10,5,8,2
10,5,9,1
10,5,10,2
10,5,11,2
10,5,12,1
10,5,13,2
10,5,14,2
10,5,15,2
10,5,16,2
10,5,17,4
10,5,18,3
10,5,19,2
10,5,20,3
10,5,22,2
10,5,23,2
10,6,1,3
10,6,6,2
10,6,7,2
10,6,8,5
10,6,10,3
10,6,11,2
10,6,12,1
10,6,14,1
10,6,15,4
10,6,16,1
10,6,17,3
10,6,18,3
10,6,19,3
10,6,20,5
10,6,21,1
10,6,22,5
10,6,23,1
11,0,5,1
11,0,6,1
11,1,2,1
11,1,18,1
11,2,9,3
11,3,6,1
11,3,9,1
11,3,11,1
11,4,6,1
11,4,7,2
11,4,9,1
11,4,17,1
11,6,3,1
12,0,9,1
12,0,10,3
12,0,11,1
12,0,12,4
12,0,13,4
12,0,14,9
12,0,15,11
12,0,16,10
12,0,17,6
12,0,19,1
12,0,20,1
12,1,9,1
12,1,10,1
12,1,11,2
12,1,12,3
12,1,13,5
12,1,14,9
12,1,15,10
12,1,16,2
12,1,17,4
12,1,18,2
12,1,23,1
12,2,7,1
12,2,8,1
12,2,9,1
12,2,11,3
12,2,12,3
12,2,13,9
12,2,14,5
12,2,15,7
12,2,16,9
12,2,17,3
12,2,18,2
12,2,20,1
12,2,22,3
12,3,0,1
12,3,8,1
12,3,11,3
12,3,12,4
12,3,13,4
12,3,14,6
12,3,15,2
12,3,16,7
12,3,17,5
12,3,18,1
12,3,20,1
12,3,22,1
12,4,8,2
12,4,10,2
12,4,11,2
12,4,12,4
12,4,13,5
12,4,14,2
12,4,15,7
12,4,16,6
12,4,17,3
12,4,18,2
12,4,19,1
12,4,21,3
12,5,10,1
12,5,11,3
12,5,12,7
12,5,13,6
12,5,14,9
12,5,15,15
12,5,16,4
12,5,17,10
12,5,18,3
12,5,19,1
12,5,23,1
12,6,10,1
12,6,11,4
12,6,12,10
12,6,13,12
12,6,14,9
12,6,15,14
12,6,16,4
12,6,17,4
13,0,0,1
13,0,1,1
13,0,4,1
13,0,5,1
13,0,6,5
13,0,7,23
13,0,8,39
13,0,9,28
13,0,10,29
13,0,11,39
13,0,12,38
13,0,13,52
13,0,14,53
13,0,15,52
13,0,16,64
13,0,17,82
13,0,18,61
13,0,19,55
13,0,20,39
13,0,21,25
13,0,22,5
13,0,23,1
13,1,0,1
13,1,1,2
13,1,5,4
13,1,6,15
13,1,7,40
13,1,8,38
13,1,9,49
13,1,10,31
13,1,11,37
13,1,12,48
13,1,13,55
13,1,14,51
13,1,15,45
13,1,16,62
13,1,17,86
13,1,18,98
13,1,19,72
13,1,20,61
13,1,21,35
13,1,22,25
13,1,23,1
13,2,0,2
13,2,1,1
13,2,4,1
13,2,5,5
13,2,6,7
13,2,7,31
13,2,8,36
13,2,9,54
13,2,10,45
13,2,11,46
13,2,12,68
13,2,13,65
13,2,14,80
13,2,15,75
13,2,16,92
13,2,17,88
13,2,18,93
13,2,19,81
13,2,20,63
13,2,21,38
13,2,22,23
13,2,23,7
13,3,0,1
13,3,3,1
13,3,4,1
13,3,5,2
13,3,6,11
13,3,7,35
13,3,8,46
13,3,9,49
13,3,10,42
13,3,11,66
13,3,12,50
13,3,13,74
13,3,14,62
13,3,15,67
13,3,16,89
13,3,17,115
13,3,18,104
13,3,19,128
13,3,20,60
13,3,21,54
13,3,22,28
13,3,23,13
13,4,0,3
13,4,1,2
13,4,3,2
13,4,4,1
13,4,5,4
13,4,6,8
13,4,7,26
13,4,8,39
13,4,9,37
13,4,10,30
13,4,11,48
13,4,12,55
13,4,13,43
13,4,14,56
13,4,15,65
13,4,16,63
13,4,17,86
13,4,18,101
13,4,19,87
13,4,20,32
13,4,21,29
13,4,22,17
13,4,23,5
13,5,0,2
13,5,2,1
13,5,3,1
13,5,4,2
13,5,5,3
13,5,6,3
13,5,7,6
13,5,8,11
13,5,9,18
13,5,10,32
13,5,11,40
13,5,12,50
13,5,13,47
13,5,14,56
13,5,15,54
13,5,16,50
13,5,17,48
13,5,18,49
13,5,19,42
13,5,20,35
13,5,21,29
13,5,22,19
13,5,23,13
13,6,0,6
13,6,1,1
13,6,3,4
13,6,4,3
13,6,5,1
13,6,6,1
13,6,7,3
13,6,8,13
13,6,9,18
13,6,10,30
13,6,11,43
13,6,12,39
13,6,13,36
13,6,14,31
13,6,15,48
13,6,16,41
13,6,17,56
13,6,18,30
13,6,19,26
13,6,20,11
13,6,21,8
13,6,22,2
13,6,23,4
14,0,6,2
14,0,7,3
14,0,8,2
14,0,9,1
14,0,11,2
14,0,12,2
14,0,13,3
14,0,14,2
14,0,18,1
14,1,6,2
14,1,7,3
14,1,9,1
14,1,10,1
14,1,11,3
14,1,12,1
14,1,13,1
14,1,14,1
14,1,15,2
14,1,21,1
14,2,3,1
14,2,4,1
14,2,6,1
14,2,7,7
14,2,8,3
14,2,9,1
14,2,10,2
14,2,11,5
14,2,12,2
14,2,14,3
14,2,15,2
14,2,17,1
14,2,19,1
14,2,22,1
14,3,4,1
14,3,6,2
14,3,7,3
14,3,9,1
14,3,10,1
14,3,11,1
14,3,12,1
14,3,13,1
14,3,15,1
14,3,23,1
14,4,1,1
14,4,3,1
14,4,4,2
14,4,6,2
14,4,7,3
14,4,10,1
14,4,11,1
14,4,16,3
14,4,18,2
14,5,10,1
14,5,15,1
14,5,16,1
14,6,1,1
14,6,3,3
14,6,4,1
14,6,6,1
14,6,10,1
15,0,14,1
15,1,5,1
15,2,12,1
15,2,17,1
15,3,5,1
15,4,8,1
15,4,9,1
15,4,13,2
15,6,14,1
16,0,14,1
16,1,9,1
16,1,12,1
16,2,13,1
16,2,14,3
16,2,15,1
16,2,19,1
16,3,12,1
16,3,13,1
16,3,15,1
16,3,16,2
16,4,18,1
16,5,1,1
16,5,7,1
17,0,1,1
17,0,6,1
17,0,8,1
17,0,9,5
17,0,10,1
17,0,11,1
17,0,12,3
17,0,13,2
17,0,14,1
17,0,16,2
17,0,17,1
17,0,21,1
17,1,1,1
17,1,5,2
17,1,6,1
17,1,7,2
17,1,8,2
17,1,9,4
17,1,10,1
17,1,14,1
17,1,15,2
17,1,16,1
17,1,17,1
17,1,18,2
17,1,20,1
17,2,5,2
17,2,7,3
17,2,8,2
17,2,9,2
17,2,11,1
17,2,12,1
17,2,13,2
17,2,14,1
17,2,15,2
17,2,16,3
17,2,18,1
17,2,19,2
17,2,20,1
17,3,5,2
17,3,6,1
17,3,7,3
17,3,8,2
17,3,9,1
17,3,10,2
17,3,11,4
17,3,12,1
17,3,13,3
17,3,14,2
17,3,17,1
17,3,18,2
17,3,21,1
17,4,0,1
17,4,4,1
17,4,5,1
17,4,6,1
17,4,7,1
17,4,8,5
17,4,9,4
17,4,10,3
17,4,11,2
17,4,12,1
17,4,13,1
17,4,14,1
17,4,16,2
17,4,18,2
17,4,19,1
17,4,20,1
17,5,2,1
17,5,9,2
17,5,10,1
17,5,13,3
17,5,14,1
17,5,20,2
17,5,22,1
17,6,4,1
17,6,8,4
17,6,9,1
17,6,10,1
17,6,11,3
17,6,12,1
17,6,13,2
17,6,15,1
17,6,16,1
17,6,20,1
17,6,21,1
18,0,0,1
18,0,4,1
18,0,5,1
18,0,8,1
18,0,9,1
18,0,10,1
18,0,13,1
18,0,14,1
18,1,4,2
18,1,6,1
18,1,8,2
18,1,9,1
18,1,10,1
18,1,12,1
18,1,14,1
18,1,16,1
18,1,20,1
18,2,7,2
18,2,9,2
18,2,11,1
18,2,12,2
18,2,13,1
18,2,17,1
18,3,7,1
18,3,9,1
18,3,10,1
18,3,11,1
18,3,12,1
18,4,6,1
18,4,10,1
18,4,11,1
18,4,13,1
18,5,19,1
18,6,4,1
18,6,10,1
18,6,12,2
18,6,13,1
19,0,6,1
19,0,11,1
19,1,4,1
19,1,7,1
19,1,14,1
19,2,11,1
19,2,15,1
19,3,15,1
19,5,6,1
19,5,9,1
19,5,19,1
19,5,20,1
19,6,17,3
20,0,6,1
20,0,9,2
20,0,10,1
20,0,11,1
20,0,12,2
20,0,13,1
20,0,16,2
20,1,5,2
20,1,6,1
20,1,12,2
20,2,5,1
20,2,7,1
20,2,9,1
20,2,11,1
20,2,12,1
20,3,5,1
20,3,9,1
20,3,11,3
20,3,12,1
20,3,13,1
20,3,17,1
20,4,5,2
20,4,8,1
20,4,9,1
20,4,11,1
20,4,13,1
20,4,16,1
20,5,8,1
20,5,11,2
20,5,18,1
20,5,19,2
20,6,8,1
21,0,7,1
21,0,9,1
21,0,10,1
21,0,12,2
21,0,13,1
21,1,7,1
21,1,12,1
21,1,14,1
21,1,15,2
21,2,6,1
21,2,7,2
21,2,8,2
21,2,9,2
21,3,8,1
21,3,9,2
21,3,10,1
21,3,12,2
21,3,14,1
21,4,7,1
21,4,8,1
21,4,9,1
21,4,11,1
21,4,13,1
21,5,16,1
21,6,10,1
22,0,9,2
22,0,10,1
22,0,12,1
22,0,15,1
22,0,17,1
22,1,6,2
22,1,7,2
22,1,9,1
22,1,11,2
22,1,12,1
22,1,14,1
22,2,5,1
22,2,7,1
22,2,9,1
22,2,10,1
22,2,11,1
22,2,14,1
22,3,0,1
22,3,4,1
22,3,6,1
22,3,7,2
22,3,8,1
22,3,9,2
22,3,10,1
22,3,12,1
22,3,13,1
22,3,15,1
22,4,7,4
22,4,9,3
22,4,11,1
22,4,15,1
22,4,16,1
22,4,18,1
22,6,6,1
23,1,8,1
24,0,0,3
24,0,1,7
24,0,2,3
24,0,4,2
24,0,6,7
24,0,7,21
24,0,8,25
24,0,9,21
24,0,10,21
24,0,11,19
24,0,12,15
24,0,13,21
24,0,14,21
24,0,15,22
24,0,16,17
24,0,17,11
24,0,18,17
24,0,19,14
24,0,20,6
24,0,21,11
24,0,22,11
24,0,23,3
24,1,0,1
24,1,5,3
24,1,6,7
24,1,7,22
24,1,8,26
24,1,9,34
24,1,10,29
24,1,11,14
24,1,12,17
24,1,13,16
24,1,14,17
24,1,15,25
24,1,16,14
24,1,17,15
24,1,18,24
24,1,19,17
24,1,20,7
24,1,21,12
24,1,22,3
24,1,23,6
24,2,0,3
24,2,1,2
24,2,2,2
24,2,4,1
24,2,5,2
24,2,6,2
24,2,7,26
24,2,8,36
24,2,9,32
24,2,10,12
24,2,11,19
24,2,12,18
24,2,13,22
24,2,14,22
24,2,15,27
24,2,16,16
24,2,17,29
24,2,18,26
24,2,19,16
24,2,20,13
24,2,21,10
24,2,22,10
24,2,23,5
24,3,0,1
24,3,1,1
24,3,2,1
24,3,5,2
24,3,6,2
24,3,7,34
24,3,8,37
24,3,9,29
24,3,10,30
24,3,11,21
24,3,12,23
24,3,13,28
24,3,14,25
24,3,15,31
24,3,16,29
24,3,17,33
24,3,18,18
24,3,19,22
24,3,20,14
24,3,21,17
24,3,22,15
24,3,23,13
24,4,0,4
24,4,1,2
24,4,2,1
24,4,4,1
24,4,5,3
24,4,6,11
24,4,7,25
24,4,8,27
24,4,9,32
24,4,10,32
24,4,11,35
24,4,12,23
24,4,13,16
24,4,14,22
24,4,15,32
24,4,16,28
24,4,17,19
24,4,18,37
24,4,19,24
24,4,20,14
24,4,21,15
24,4,22,12
24,4,23,10
24,5,0,4
24,5,1,1
24,5,2,3
24,5,3,2
24,5,4,2
24,5,5,1
24,5,6,5
24,5,7,10
24,5,8,18
24,5,9,21
24,5,10,23
24,5,11,34
24,5,12,25
24,5,13,15
24,5,14,29
24,5,15,19
24,5,16,18
24,5,17,18
24,5,18,28
24,5,19,24
24,5,20,14
24,5,21,12
24,5,22,14
24,5,23,7
24,6,0,5
24,6,2,1
24,6,3,1
24,6,4,1
24,6,5,3
24,6,6,3
24,6,7,7
24,6,8,17
24,6,9,13
24,6,10,25
24,6,11,17
24,6,12,28
24,6,13,29
24,6,14,21
24,6,15,31
24,6,16,17
24,6,17,23
24,6,18,11
24,6,19,19
24,6,20,11
24,6,21,12
24,6,22,13
24,6,23,5
25,0,1,1
25,0,2,1
25,0,3,1
25,0,6,3
25,0,7,2
25,0,8,2
25,0,9,2
25,0,10,2
25,0,11,1
25,0,12,6
25,0,13,3
25,0,14,2
25,0,15,3
25,0,16,2
25,0,17,2
25,0,18,1
25,0,20,2
25,0,21,2
25,0,22,3
25,1,0,1
25,1,6,1
25,1,7,2
25,1,8,2
25,1,10,3
25,1,11,4
25,1,13,3
25,1,14,1
25,1,15,1
25,1,16,2
25,1,17,4
25,1,18,5
25,1,19,3
25,1,20,3
25,1,22,4
25,2,0,1
25,2,6,2
25,2,7,3
25,2,8,4
25,2,10,2
25,2,11,5
25,2,12,3
25,2,13,5
25,2,14,2
25,2,15,5
25,2,16,2
25,2,17,4
25,2,18,2
25,2,19,3
25,2,20,4
25,2,22,6
25,2,23,6
25,3,0,1
25,3,6,2
25,3,8,1
25,3,9,3
25,3,10,4
25,3,11,4
25,3,12,3
25,3,13,2
25,3,15,1
25,3,16,4
25,3,17,2
25,3,18,4
25,3,19,2
25,3,20,4
25,3,22,3
25,3,23,3
25,4,0,4
25,4,1,1
25,4,6,1
25,4,7,1
25,4,8,3
25,4,10,3
25,4,11,3
25,4,13,1
25,4,15,4
25,4,16,4
25,4,17,6
25,4,18,2
25,4,19,2
25,4,20,1
25,4,21,2
25,4,22,2
25,4,23,3
25,5,0,2
25,5,1,2
25,5,2,2
25,5,6,2
25,5,7,1
25,5,8,2
25,5,9,1
25,5,10,1
25,5,11,1
25,5,12,4
25,5,13,2
25,5,14,1
25,5,15,2
25,5,17,3
25,5,18,3
25,5,19,2
25,5,20,3
25,5,22,1
25,5,23,4
25,6,0,6
25,6,1,1
25,6,2,1
25,6,5,1
25,6,6,1
25,6,7,1
25,6,9,3
25,6,10,4
25,6,11,1
25,6,12,2
25,6,13,3
25,6,14,6
25,6,15,3
25,6,17,4
25,6,18,3
25,6,19,2
25,6,20,3
25,6,21,2
25,6,22,2
25,6,23,1
26,0,6,1
26,0,8,2
26,0,10,1
26,0,12,1
26,0,13,2
26,0,14,2
26,0,15,2
26,0,17,3
26,1,7,1
26,1,8,1
26,1,11,1
26,1,12,6
26,1,13,1
26,1,14,1
26,1,16,1
26,1,18,1
26,1,19,1
26,1,20,1
26,2,7,1
26,2,11,3
26,2,13,3
26,2,16,2
26,2,18,1
26,3,8,1
26,3,9,1
26,3,10,2
26,3,13,2
26,3,14,2
26,4,7,1
26,4,9,1
26,4,10,1
26,4,11,2
26,4,12,2
26,4,13,2
26,4,14,1
28,0,0,2
28,0,6,3
28,0,7,1
28,0,9,1
28,0,11,2
28,0,12,1
28,0,16,2
28,0,19,1
28,0,20,2
28,0,21,1
28,0,23,1
28,1,0,1
28,1,5,1
28,1,6,1
28,1,8,1
28,1,11,1
28,1,13,1
28,1,16,1
28,1,19,1
28,1,21,1
28,1,22,2
28,2,3,1
28,2,6,2
28,2,7,3
28,2,9,2
28,2,13,1
28,2,14,1
28,2,15,2
28,2,16,1
28,2,17,1
28,2,20,1
28,2,23,1
28,3,7,1
28,3,8,3
28,3,10,1
28,3,11,1
28,3,12,3
28,3,13,2
28,3,16,1
28,3,17,1
28,3,21,1
28,3,23,1
28,4,5,1
28,4,8,1
28,4,9,1
28,4,10,1
28,4,11,1
28,4,14,1
28,4,15,1
28,4,16,1
28,4,17,1
28,4,18,1
28,4,23,1
28,5,7,2
28,5,8,2
28,5,10,1
28,5,11,1
28,5,16,3
28,5,18,1
28,5,19,1
28,6,4,2
28,6,6,1
28,6,7,1
28,6,8,1
28,6,9,1
28,6,10,1
28,6,11,2
28,6,12,1
28,6,15,1
28,6,16,1
28,6,17,1
28,6,18,1
28,6,19,2
28,6,23,2
29,0,5,1
29,0,7,2
29,0,9,1
29,0,15,1
29,0,16,2
29,1,5,1
29,1,6,1
29,1,7,1
29,1,8,2
29,1,9,1
29,1,11,1
29,1,12,1
29,1,14,1
29,1,17,1
29,2,5,2
29,2,6,1
29,2,7,6
29,2,8,1
29,2,9,1
29,2,10,1
29,2,11,4
29,2,12,1
29,2,14,1
29,2,15,2
29,3,7,1
29,3,9,1
29,3,10,1
29,3,12,1
29,3,15,3
29,3,17,1
29,3,18,1
29,4,7,1
29,4,8,3
29,4,9,2
29,4,10,1
29,4,12,1
29,4,15,1
29,4,16,1
29,4,17,1
29,5,10,2
29,5,11,1
29,5,14,1
29,6,9,3
29,6,10,1
29,6,12,1
29,6,18,1
30,2,1,1
31,0,8,1
31,1,20,1
31,3,12,1
31,4,9,1
32,0,8,1
32,0,13,1
32,0,16,1
32,1,6,2
32,1,8,1
32,1,9,2
32,1,10,1
32,1,17,1
32,2,5,1
32,2,8,2
32,2,10,1
32,2,12,1
32,2,13,1
32,2,16,1
32,3,6,1
32,3,7,1
32,3,9,2
32,3,10,2
32,3,12,1
32,3,15,1
32,3,16,3
32,3,17,1
32,4,6,1
32,4,9,1
32,4,13,1
32,5,12,1
32,5,14,1
32,6,10,1
32,6,14,1
32,6,16,2
33,0,0,1
33,0,1,1
33,0,2,1
33,0,6,1
33,0,7,3
33,0,8,3
33,0,9,1
33,0,10,2
33,0,11,2
33,0,12,1
33,0,13,1
33,0,14,4
33,0,15,7
33,0,16,4
33,0,17,3
33,0,18,2
33,0,19,1
33,0,20,2
33,0,21,1
33,0,22,3
33,1,5,1
33,1,6,4
33,1,7,2
33,1,8,9
33,1,9,2
33,1,10,3
33,1,11,4
33,1,13,2
33,1,15,8
33,1,16,4
33,1,17,2
33,1,18,6
33,1,19,2
33,1,20,1
33,1,21,1
33,1,22,2
33,1,23,1
33,2,0,1
33,2,6,4
33,2,7,3
33,2,8,3
33,2,9,5
33,2,10,1
33,2,11,1
33,2,12,5
33,2,13,3
33,2,15,1
33,2,16,3
33,2,17,3
33,2,18,4
33,2,19,1
33,2,20,2
33,2,21,4
33,2,22,1
33,3,0,1
33,3,6,2
33,3,7,3
33,3,8,3
33,3,9,6
33,3,10,4
33,3,11,5
33,3,12,3
33,3,13,4
33,3,14,1
33,3,15,1
33,3,16,3
33,3,17,2
33,3,18,3
33,3,19,4
33,3,20,1
33,3,21,3
33,3,22,2
33,3,23,1
33,4,2,1
33,4,6,1
33,4,7,4
33,4,8,4
33,4,9,4
33,4,10,3
33,4,12,4
33,4,13,2
33,4,14,1
33,4,15,2
33,4,16,3
33,4,17,4
33,4,18,4
33,4,20,2
33,4,21,3
33,4,22,5
33,4,23,1
33,5,0,2
33,5,2,1
33,5,4,1
33,5,8,3
33,5,9,2
33,5,11,1
33,5,12,1
33,5,13,2
33,5,14,2
33,5,15,2
33,5,16,1
33,5,17,2
33,5,18,3
33,5,20,5
33,5,21,1
33,5,22,1
33,5,23,3
33,6,0,4
33,6,1,1
33,6,3,1
33,6,7,1
33,6,10,2
33,6,11,1
33,6,12,2
33,6,13,2
33,6,14,1
33,6,15,2
33,6,16,1
33,6,17,3
33,6,18,2
33,6,20,1
33,6,21,1
33,6,23,2
34,0,15,1
34,2,13,1
34,3,12,1
34,4,7,1
34,4,16,1
34,4,17,1
34,4,18,1
34,5,5,1
34,5,11,1
34,6,12,1
35,0,5,1
35,0,6,2
35,0,7,1
35,0,8,4
35,0,9,5
35,0,10,1
35,0,11,1
35,0,12,5
35,0,13,2
35,0,14,2
35,0,15,1
35,0,16,1
35,0,17,2
35,1,4,1
35,1,5,1
35,1,6,1
35,1,7,4
35,1,8,2
35,1,9,5
35,1,10,1
35,1,11,1
35,1,12,1
35,1,15,1
35,1,16,1
35,1,18,1
35,2,5,2
35,2,6,2
35,2,7,2
35,2,8,6
35,2,9,2
35,2,10,1
35,2,11,2
35,2,12,1
35,2,13,2
35,2,15,2
35,2,17,1
35,2,18,2
35,2,19,2
35,2,21,1
35,3,5,2
35,3,6,3
35,3,7,5
35,3,8,10
35,3,9,4
35,3,10,2
35,3,12,3
35,3,13,3
35,3,14,2
35,3,15,1
35,3,16,1
35,3,18,1
35,4,5,1
35,4,7,4
35,4,8,2
35,4,9,2
35,4,10,3
35,4,11,2
35,4,12,3
35,4,14,3
35,4,15,2
35,4,17,1
35,4,18,2
35,4,19,1
35,4,20,1
35,5,7,1
35,5,8,2
35,5,10,3
35,5,11,1
35,5,12,1
35,5,13,2
35,5,14,1
35,6,7,2
35,6,8,2
35,6,9,3
35,6,10,2
35,6,11,1
35,6,12,4
35,6,13,1
35,6,14,1
35,6,15,1
35,6,19,1
36,0,1,1
36,0,8,2
36,0,10,1
36,0,11,1
36,0,19,1
36,1,8,1
36,1,11,1
36,1,13,1
36,1,17,1
36,1,20,1
36,2,8,1
36,2,13,1
36,3,0,1
36,3,4,1
36,3,8,1
36,3,16,1
36,4,3,1
36,4,6,2
36,4,13,1
36,4,17,1
36,4,19,1
36,4,22,1
36,4,23,1
36,5,1,1
36,5,2,2
36,5,9,1
36,5,11,1
36,6,1,1
36,6,3,1
36,6,4,1
36,6,5,1
36,6,6,1
36,6,23,1
37,0,2,1
37,0,8,2
37,0,9,1
37,0,11,1
37,0,13,4
37,0,14,2
37,0,15,1
37,0,19,2
37,0,22,1
37,1,1,1
37,1,7,1
37,1,8,2
37,1,9,1
37,1,11,2
37,1,12,2
37,1,13,1
37,1,14,1
37,1,15,2
37,1,16,1
37,1,19,1
37,2,5,2
37,2,6,1
37,2,8,1
37,2,9,4
37,2,10,1
37,2,11,3
37,2,12,2
37,2,14,2
37,2,15,1
37,2,16,1
37,2,17,1
37,2,18,1
37,3,2,1
37,3,6,3
37,3,8,2
37,3,9,1
37,3,11,1
37,3,12,2
37,3,15,1
37,3,16,1
37,3,17,2
37,3,18,2
37,3,19,1
37,3,20,1
37,4,4,2
37,4,5,1
37,4,6,1
37,4,7,4
37,4,8,1
37,4,9,2
37,4,15,2
37,4,16,4
37,4,23,1
37,5,1,1
37,5,2,1
37,5,5,2
37,5,9,2
37,5,13,1
37,5,17,1
37,5,20,1
37,5,22,1
37,6,3,1
37,6,5,1
37,6,10,1
37,6,12,1
37,6,13,2
38,0,4,1
38,0,5,1
38,0,6,2
38,0,12,1
38,0,13,1
38,1,4,1
38,1,10,3
38,1,12,1
38,2,5,1
38,2,6,1
38,2,10,1
38,2,11,3
38,2,12,2
38,2,22,1
38,3,5,3
38,3,7,1
38,3,8,2
38,4,5,2
38,4,6,3
38,4,7,1
38,4,11,1
38,4,12,1
38,4,15,1
38,4,16,3
38,5,4,1
38,5,8,2
38,5,10,2
38,5,13,1
38,5,17,1
38,6,5,1
38,6,9,1
39,0,4,1
39,0,5,3
39,0,6,7
39,0,7,1
39,0,8,3
39,0,9,2
39,0,10,2
39,0,12,1
39,0,13,3
39,0,14,1
39,0,16,1
39,0,17,2
39,1,4,1
39,1,5,3
39,1,6,6
39,1,7,3
39,1,8,7
39,1,9,6
39,1,10,3
39,1,11,1
39,1,12,2
39,1,13,2
39,1,16,1
39,1,17,1
39,2,5,2
39,2,6,5
39,2,7,9
39,2,8,4
39,2,9,6
39,2,10,2
39,2,12,3
39,2,13,3
39,2,15,1
39,2,17,1
39,2,18,1
39,2,19,1
39,2,21,1
39,3,5,3
39,3,6,1
39,3,7,5
39,3,8,6
39,3,9,2
39,3,10,4
39,3,11,1
39,3,12,3
39,3,13,3
39,3,14,2
39,3,16,2
39,3,17,1
39,3,18,1
39,3,19,1
39,3,20,1
39,4,4,1
39,4,6,8
39,4,7,3
39,4,8,5
39,4,9,6
39,4,10,3
39,4,11,2
39,4,12,3
39,4,14,2
39,4,16,2
39,4,17,1
39,4,18,1
39,5,5,1
39,5,9,4
39,5,15,1
39,6,6,1
39,6,7,4
39,6,8,2
39,6,9,1
39,6,10,1
39,6,13,1
39,6,14,3
40,0,5,1
40,0,6,2
40,0,7,4
40,0,8,3
40,0,9,1
40,0,10,1
40,0,11,4
40,0,12,1
40,0,13,1
40,0,18,2
40,0,20,1
40,1,6,1
40,1,7,1
40,1,8,4
40,1,9,3
40,1,10,1
40,1,11,2
40,1,13,1
40,1,17,2
40,1,18,1
40,2,1,1
40,2,5,1
40,2,6,3
40,2,7,2
40,2,8,3
40,2,9,1
40,2,10,2
40,2,12,3
40,2,16,2
40,2,20,2
40,2,23,1
40,3,0,1
40,3,6,1
40,3,7,3
40,3,8,2
40,3,9,1
40,3,11,2
40,3,12,1
40,3,14,2
40,3,22,1
40,4,7,2
40,4,8,1
40,4,10,1
40,4,18,1
40,4,19,1
40,4,22,1
40,4,23,1
40,5,9,1
40,5,11,1
40,5,17,1
40,5,20,2
40,6,2,1
40,6,8,1
40,6,9,1
40,6,13,2
40,6,16,2
40,6,17,3
40,6,18,1
40,6,19,1
40,6,20,1
40,6,22,1
41,0,0,8
41,0,1,7
41,0,2,2
41,0,3,2
41,0,4,1
41,0,6,9
41,0,7,14
41,0,8,20
41,0,9,16
41,0,10,10
41,0,11,21
41,0,12,7
41,0,13,10
41,0,14,12
41,0,15,16
41,0,16,12
41,0,17,23
41,0,18,11
41,0,19,8
41,0,20,8
41,0,21,7
41,0,22,6
41,0,23,2
41,1,0,3
41,1,2,1
41,1,3,2
41,1,4,1
41,1,5,1
41,1,6,13
41,1,7,17
41,1,8,22
41,1,9,18
41,1,10,14
41,1,11,14
41,1,12,13
41,1,13,17
41,1,14,18
41,1,15,9
41,1,16,11
41,1,17,16
41,1,18,11
41,1,19,14
41,1,20,11
41,1,21,4
41,1,22,7
41,1,23,1
41,2,0,6
41,2,2,1
41,2,3,1
41,2,4,1
41,2,5,2
41,2,6,7
41,2,7,27
41,2,8,30
41,2,9,21
41,2,10,14
41,2,11,13
41,2,12,15
41,2,13,17
41,2,14,21
41,2,15,25
41,2,16,21
41,2,17,17
41,2,18,16
41,2,19,8
41,2,20,11
41,2,21,5
41,2,22,5
41,2,23,7
41,3,0,1
41,3,1,2
41,3,3,1
41,3,6,11
41,3,7,25
41,3,8,27
41,3,9,25
41,3,10,16
41,3,11,22
41,3,12,22
41,3,13,12
41,3,14,17
41,3,15,17
41,3,16,16
41,3,17,15
41,3,18,19
41,3,19,22
41,3,20,10
41,3,21,11
41,3,22,3
41,3,23,6
41,4,0,3
41,4,1,4
41,4,2,1
41,4,4,1
41,4,5,2
41,4,6,18
41,4,7,22
41,4,8,36
41,4,9,22
41,4,10,18
41,4,11,26
41,4,12,18
41,4,13,22
41,4,14,15
41,4,15,24
41,4,16,23
41,4,17,31
41,4,18,24
41,4,19,13
41,4,20,12
41,4,21,11
41,4,22,13
41,4,23,8
41,5,0,4
41,5,1,6
41,5,2,2
41,5,3,2
41,5,4,2
41,5,5,1
41,5,6,1
41,5,7,5
41,5,8,10
41,5,9,17
41,5,10,19
41,5,11,16
41,5,12,26
41,5,13,21
41,5,14,18
41,5,15,21
41,5,16,25
41,5,17,9
41,5,18,19
41,5,19,18
41,5,20,9
41,5,21,10
41,5,22,17
41,5,23,8
41,6,0,9
41,6,1,6
41,6,2,6
41,6,3,4
41,6,4,2
41,6,5,3
41,6,6,3
41,6,7,8
41,6,8,15
41,6,9,15
41,6,10,19
41,6,11,22
41,6,12,21
41,6,13,14
41,6,14,20
41,6,15,20
41,6,16,16
41,6,17,15
41,6,18,15
41,6,19,6
41,6,20,10
41,6,21,8
41,6,22,6
41,6,23,9
42,0,0,2
42,0,1,1
42,0,4,4
42,0,6,4
42,0,7,10
42,0,8,12
42,0,9,5
42,0,10,9
42,0,11,10
42,0,12,7
42,0,13,5
42,0,14,6
42,0,15,4
42,0,16,5
42,0,17,6
42,0,18,5
42,0,19,2
42,0,21,1
42,0,22,4
42,0,23,2
42,1,0,2
42,1,2,1
42,1,4,1
42,1,5,2
42,1,6,5
42,1,7,15
42,1,8,12
42,1,9,7
42,1,10,5
42,1,11,5
42,1,12,6
42,1,13,5
42,1,14,5
42,1,15,7
42,1,16,5
42,1,17,2
42,1,18,3
42,1,19,1
42,1,20,5
42,1,21,1
42,1,22,1
42,1,23,2
42,2,4,2
42,2,5,1
42,2,6,5
42,2,7,16
42,2,8,17
42,2,9,12
42,2,10,11
42,2,11,10
42,2,12,8
42,2,13,10
42,2,14,7
42,2,15,7
42,2,16,4
42,2,17,4
42,2,18,2
42,2,19,2
42,2,20,3
42,2,21,1
42,2,22,2
42,2,23,2
42,3,1,2
42,3,2,1
42,3,3,1
42,3,4,1
42,3,5,2
42,3,6,4
42,3,7,18
42,3,8,11
42,3,9,11
42,3,10,6
42,3,11,7
42,3,12,10
42,3,13,7
42,3,14,13
42,3,15,5
42,3,16,13
42,3,17,3
42,3,18,7
42,3,19,6
42,3,20,5
42,3,21,5
42,3,22,7
42,3,23,1
42,4,0,1
42,4,1,1
42,4,4,2
42,4,5,2
42,4,6,2
42,4,7,13
42,4,8,2
42,4,9,7
42,4,10,7
42,4,11,7
42,4,12,7
42,4,13,7
42,4,14,8
42,4,15,15
42,4,16,10
42,4,17,6
42,4,18,3
42,4,19,5
42,4,20,3
42,4,21,3
42,4,22,3
42,4,23,4
42,5,0,3
42,5,1,1
42,5,2,1
42,5,3,3
42,5,4,4
42,5,5,1
42,5,6,1
42,5,7,8
42,5,8,5
42,5,9,6
42,5,10,6
42,5,11,2
42,5,12,3
42,5,13,6
42,5,14,6
42,5,15,2
42,5,16,2
42,5,17,2
42,5,18,5
42,5,19,5
42,5,20,5
42,5,21,2
42,5,22,1
42,5,23,3
42,6,0,7
42,6,1,2
42,6,2,2
42,6,3,4
42,6,5,3
42,6,6,2
42,6,7,3
42,6,8,3
42,6,9,9
42,6,10,4
42,6,11,6
42,6,12,2
42,6,13,6
42,6,14,5
42,6,15,4
42,6,16,1
42,6,17,2
42,6,18,2
42,6,19,4
42,6,20,4
42,6,21,6
42,6,22,1
42,6,23,1
43,0,0,14
43,0,1,11
43,0,2,4
43,0,3,3
43,0,5,3
43,0,6,12
43,0,7,40
43,0,8,71
43,0,9,90
43,0,10,126
43,0,11,145
43,0,12,122
43,0,13,157
43,0,14,166
43,0,15,204
43,0,16,204
43,0,17,162
43,0,18,112
43,0,19,93
43,0,20,91
43,0,21,54
43,0,22,26
43,0,23,18
43,1,0,7
43,1,5,2
43,1,6,19
43,1,7,62
43,1,8,85
43,1,9,94
43,1,10,128
43,1,11,140
43,1,12,158
43,1,13,167
43,1,14,186
43,1,15,209
43,1,16,222
43,1,17,188
43,1,18,162
43,1,19,133
43,1,20,101
43,1,21,71
43,1,22,50
43,1,23,28
43,2,0,10
43,2,1,2
43,2,2,3
43,2,4,2
43,2,5,5
43,2,6,14
43,2,7,63
43,2,8,93
43,2,9,110
43,2,10,126
43,2,11,164
43,2,12,153
43,2,13,158
43,2,14,157
43,2,15,169
43,2,16,161
43,2,17,175
43,2,18,137
43,2,19,103
43,2,20,95
43,2,21,68
43,2,22,53
43,2,23,23
43,3,0,10
43,3,1,6
43,3,2,2
43,3,4,3
43,3,5,1
43,3,6,14
43,3,7,49
43,3,8,95
43,3,9,109
43,3,10,147
43,3,11,188
43,3,12,188
43,3,13,220
43,3,14,231
43,3,15,231
43,3,16,262
43,3,17,192
43,3,18,142
43,3,19,134
43,3,20,110
43,3,21,90
43,3,22,80
43,3,23,43
43,4,0,14
43,4,1,2
43,4,2,2
43,4,3,2
43,4,4,3
43,4,5,6
43,4,6,21
43,4,7,60
43,4,8,60
43,4,9,103
43,4,10,123
43,4,11,144
43,4,12,173
43,4,13,175
43,4,14,219
43,4,15,259
43,4,16,243
43,4,17,246
43,4,18,197
43,4,19,156
43,4,20,128
43,4,21,106
43,4,22,62
43,4,23,25
43,5,0,18
43,5,1,5
43,5,3,2
43,5,4,2
43,5,5,2
43,5,6,6
43,5,7,26
43,5,8,48
43,5,9,57
43,5,10,100
43,5,11,153
43,5,12,199
43,5,13,210
43,5,14,253
43,5,15,277
43,5,16,310
43,5,17,257
43,5,18,206
43,5,19,197
43,5,20,150
43,5,21,98
43,5,22,66
43,5,23,47
43,6,0,15
43,6,1,7
43,6,2,4
43,6,3,4
43,6,4,2
43,6,5,3
43,6,6,10
43,6,7,21
43,6,8,32
43,6,9,65
43,6,10,93
43,6,11,160
43,6,12,210
43,6,13,236
43,6,14,218
43,6,15,226
43,6,16,267
43,6,17,191
43,6,18,104
43,6,19,70
43,6,20,51
43,6,21,37
43,6,22,23
43,6,23,15
45,0,0,2
45,0,1,3
45,0,2,5
45,0,3,2
45,0,4,1
45,0,6,1
45,0,7,2
45,0,8,2
45,0,9,4
45,0,10,8
45,0,11,6
45,0,12,16
45,0,13,13
45,0,14,11
45,0,15,11
45,0,16,13
45,0,17,11
45,0,18,10
45,0,19,8
45,0,20,6
45,0,21,7
45,0,22,1
45,0,23,1
45,1,0,3
45,1,1,1
45,1,5,2
45,1,6,4
45,1,7,2
45,1,8,5
45,1,9,10
45,1,10,10
45,1,11,13
45,1,12,10
45,1,13,7
45,1,14,15
45,1,15,13
45,1,16,6
45,1,17,9
45,1,18,11
45,1,19,7
45,1,20,14
45,1,21,10
45,1,22,8
45,1,23,3
45,2,0,4
45,2,1,2
45,2,4,1
45,2,7,1
45,2,8,2
45,2,9,3
45,2,10,6
45,2,11,5
45,2,12,7
45,2,13,11
45,2,14,15
45,2,15,16
45,2,16,11
45,2,17,7
45,2,18,13
45,2,19,13
45,2,20,11
45,2,21,12
45,2,22,4
45,2,23,10
45,3,0,4
45,3,1,2
45,3,2,1
45,3,7,1
45,3,8,3
45,3,9,5
45,3,10,4
45,3,11,4
45,3,12,16
45,3,13,12
45,3,14,14
45,3,15,12
45,3,16,14
45,3,17,8
45,3,18,12
45,3,19,13
45,3,20,16
45,3,21,21
45,3,22,7
45,3,23,6
45,4,0,4
45,4,1,5
45,4,2,2
45,4,5,1
45,4,8,4
45,4,9,4
45,4,10,8
45,4,11,6
45,4,12,5
45,4,13,14
45,4,14,5
45,4,15,18
45,4,16,18
45,4,17,14
45,4,18,18
45,4,19,10
45,4,20,18
45,4,21,15
45,4,22,11
45,4,23,14
45,5,0,24
45,5,1,16
45,5,2,3
45,5,4,2
45,5,5,2
45,5,6,1
45,5,8,1
45,5,9,3
45,5,10,6
45,5,11,2
45,5,12,7
45,5,13,10
45,5,14,5
45,5,15,16
45,5,16,11
45,5,17,11
45,5,18,14
45,5,19,21
45,5,20,14
45,5,21,17
45,5,22,12
45,5,23,17
45,6,0,20
45,6,1,14
45,6,2,5
45,6,3,6
45,6,4,2
45,6,6,1
45,6,7,1
45,6,9,3
45,6,10,2
45,6,11,8
45,6,12,13
45,6,13,13
45,6,14,8
45,6,15,9
45,6,16,12
45,6,17,18
45,6,18,13
45,6,19,10
45,6,20,16
45,6,21,9
45,6,22,4
45,6,23,8
46,0,14,1
46,3,11,1
46,6,15,1
47,0,0,1
47,0,6,1
47,0,7,1
47,0,8,2
47,0,9,1
47,0,10,1
47,0,11,1
47,0,14,2
47,0,18,1
47,1,7,2
47,1,9,2
47,1,11,1
47,2,4,1
47,2,6,1
47,2,10,2
47,3,6,1
47,3,7,1
47,3,8,1
47,3,9,1
47,3,11,1
47,3,13,2
47,4,4,2
47,4,7,1
47,4,8,1
47,4,9,2
47,4,11,1
47,5,7,1
47,5,8,1
47,5,9,2
47,5,10,2
47,5,13,1
47,5,14,1
47,5,16,1
47,5,20,1
47,6,8,2
47,6,9,1
47,6,10,1
47,6,11,1
47,6,13,2
47,6,16,1
47,6,20,1
48,0,0,86
48,0,1,73
48,0,2,65
48,0,3,57
48,0,4,41
48,0,5,67
48,0,6,99
48,0,7,121
48,0,8,154
48,0,9,136
48,0,10,119
48,0,11,135
48,0,12,108
48,0,13,134
48,0,14,128
48,0,15,132
48,0,16,140
48,0,17,151
48,0,18,159
48,0,19,161
48,0,20,157
48,0,21,147
48,0,22,144
48,0,23,96
48,1,0,64
48,1,1,40
48,1,2,20
48,1,3,16
48,1,4,16
48,1,5,49
48,1,6,113
48,1,7,146
48,1,8,161
48,1,9,144
48,1,10,142
48,1,11,157
48,1,12,108
48,1,13,124
48,1,14,141
48,1,15,115
48,1,16,133
48,1,17,179
48,1,18,219
48,1,19,199
48,1,20,196
48,1,21,278
48,1,22,261
48,1,23,158
48,2,0,77
48,2,1,39
48,2,2,31
48,2,3,31
48,2,4,14
48,2,5,54
48,2,6,109
48,2,7,180
48,2,8,167
48,2,9,175
48,2,10,132
48,2,11,153
48,2,12,121
48,2,13,112
48,2,14,144
48,2,15,151
48,2,16,187
48,2,17,201
48,2,18,234
48,2,19,213
48,2,20,195
48,2,21,275
48,2,22,368
48,2,23,192
48,3,0,97
48,3,1,61
48,3,2,35
48,3,3,28
48,3,4,27
48,3,5,69
48,3,6,97
48,3,7,158
48,3,8,182
48,3,9,173
48,3,10,167
48,3,11,130
48,3,12,147
48,3,13,141
48,3,14,153
48,3,15,173
48,3,16,174
48,3,17,195
48,3,18,245
48,3,19,238
48,3,20,275
48,3,21,336
48,3,22,365
48,3,23,264
48,4,0,153
48,4,1,100
48,4,2,56
48,4,3,52
48,4,4,40
48,4,5,52
48,4,6,99
48,4,7,97
48,4,8,126
48,4,9,137
48,4,10,151
48,4,11,134
48,4,12,140
48,4,13,122
48,4,14,137
48,4,15,131
48,4,16,162
48,4,17,176
48,4,18,225
48,4,19,226
48,4,20,229
48,4,21,328
48,4,22,398
48,4,23,353
48,5,0,301
48,5,1,246
48,5,2,161
48,5,3,126
48,5,4,85
48,5,5,28
48,5,6,45
48,5,7,64
48,5,8,88
48,5,9,150
48,5,10,158
48,5,11,156
48,5,12,175
48,5,13,183
48,5,14,139
48,5,15,181
48,5,16,258
48,5,17,266
48,5,18,255
48,5,19,273
48,5,20,237
48,5,21,264
48,5,22,429
48,5,23,372
48,6,0,308
48,6,1,245
48,6,2,187
48,6,3,152
48,6,4,109
48,6,5,39
48,6,6,48
48,6,7,65
48,6,8,74
48,6,9,131
48,6,10,174
48,6,11,161
48,6,12,159
48,6,13,157
48,6,14,159
48,6,15,137
48,6,16,180
48,6,17,258
48,6,18,240
48,6,19,219
48,6,20,187
48,6,21,198
48,6,22,190
48,6,23,108
49,0,2,2
49,0,8,2
49,0,9,1
49,0,10,2
49,0,13,1
49,0,14,2
49,0,15,1
49,0,16,1
49,0,17,3
49,0,22,1
49,0,23,1
49,1,4,2
49,1,6,1
49,1,7,2
49,1,8,4
49,1,9,2
49,1,11,1
49,1,12,2
49,1,14,1
49,1,15,1
49,1,16,3
49,1,17,1
49,1,18,1
49,1,20,1
49,2,6,3
49,2,9,2
49,2,10,1
49,2,11,1
49,2,12,1
49,2,13,1
49,2,15,1
49,2,16,4
49,2,17,3
49,2,18,1
49,2,21,2
49,3,8,4
49,3,9,1
49,3,10,2
49,3,11,2
49,3,12,2
49,3,13,3
49,3,14,1
49,3,15,1
49,3,16,1
49,3,17,1
49,3,19,1
49,4,1,1
49,4,7,1
49,4,8,2
49,4,9,1
49,4,10,1
49,4,11,4
49,4,14,1
49,4,15,1
49,4,17,1
49,4,18,2
49,4,20,2
49,4,22,2
49,5,8,1
49,5,20,1
49,5,21,2
49,6,1,2
49,6,3,1
49,6,8,1
49,6,11,2
49,6,12,3
49,6,13,3
49,6,17,1
49,6,19,1
49,6,23,1
50,0,0,9
50,0,1,21
50,0,2,15
50,0,3,5
50,0,4,5
50,0,5,2
50,0,6,10
50,0,7,26
50,0,8,48
50,0,9,58
50,0,10,50
50,0,11,31
50,0,12,40
50,0,13,23
50,0,14,40
50,0,15,35
50,0,16,31
50,0,17,48
50,0,18,32
50,0,19,33
50,0,20,24
50,0,21,37
50,0,22,23
50,0,23,19
50,1,0,7
50,1,1,4
50,1,3,2
50,1,4,3
50,1,5,4
50,1,6,5
50,1,7,32
50,1,8,62
50,1,9,61
50,1,10,60
50,1,11,40
50,1,12,43
50,1,13,45
50,1,14,49
50,1,15,39
50,1,16,30
50,1,17,38
50,1,18,44
50,1,19,46
50,1,20,28
50,1,21,41
50,1,22,24
50,1,23,20
50,2,0,10
50,2,1,5
50,2,2,2
50,2,3,2
50,2,4,3
50,2,5,1
50,2,6,8
50,2,7,35
50,2,8,50
50,2,9,48
50,2,10,51
50,2,11,47
50,2,12,34
50,2,13,43
50,2,14,34
50,2,15,47
50,2,16,28
50,2,17,50
50,2,18,68
50,2,19,39
50,2,20,37
50,2,21,28
50,2,22,33
50,2,23,19
50,3,0,9
50,3,1,2
50,3,2,4
50,3,3,2
50,3,4,6
50,3,5,2
50,3,6,4
50,3,7,25
50,3,8,43
50,3,9,43
50,3,10,48
50,3,11,41
50,3,12,36
50,3,13,38
50,3,14,36
50,3,15,32
50,3,16,46
50,3,17,52
50,3,18,55
50,3,19,46
50,3,20,45
50,3,21,57
50,3,22,49
50,3,23,23
50,4,0,22
50,4,1,11
50,4,2,6
50,4,4,3
50,4,5,3
50,4,6,7
50,4,7,37
50,4,8,60
50,4,9,68
50,4,10,43
50,4,11,50
50,4,12,46
50,4,13,42
50,4,14,38
50,4,15,41
50,4,16,52
50,4,17,38
50,4,18,52
50,4,19,43
50,4,20,37
50,4,21,51
50,4,22,45
50,4,23,45
50,5,0,31
50,5,1,32
50,5,2,23
50,5,3,14
50,5,4,13
50,5,5,3
50,5,6,3
50,5,7,7
50,5,8,27
50,5,9,27
50,5,10,43
50,5,11,58
50,5,12,57
50,5,13,45
50,5,14,47
50,5,15,54
50,5,16,45
50,5,17,43
50,5,18,50
50,5,19,49
50,5,20,52
50,5,21,44
50,5,22,59
50,5,23,48
50,6,0,43
50,6,1,27
50,6,2,19
50,6,3,17
50,6,4,5
50,6,5,2
50,6,6,5
50,6,7,19
50,6,8,45
50,6,9,54
50,6,10,43
50,6,11,58
50,6,12,46
50,6,13,53
50,6,14,39
50,6,15,38
50,6,16,30
50,6,17,35
50,6,18,35
50,6,19,21
50,6,20,21
50,6,21,26
50,6,22,18
50,6,23,10
51,0,5,3
51,0,6,4
51,0,8,3
51,0,10,2
51,0,11,2
51,0,12,2
51,0,13,1
51,0,15,2
51,0,17,2
51,1,4,1
51,1,5,1
51,1,6,6
51,1,7,1
51,1,8,2
51,1,9,2
51,1,10,2
51,1,11,1
51,1,12,2
51,1,13,1
51,1,16,1
51,1,17,1
51,1,19,1
51,2,4,3
51,2,5,2
51,2,6,5
51,2,7,3
51,2,8,2
51,2,9,1
51,2,10,1
51,2,13,1
51,2,14,1
51,3,4,1
51,3,5,2
51,3,6,3
51,3,7,2
51,3,8,3
51,3,9,1
51,3,10,1
51,3,11,1
51,3,12,3
51,3,15,1
51,3,20,1
51,4,4,3
51,4,5,2
51,4,6,6
51,4,8,1
51,4,9,1
51,4,10,3
51,4,11,3
51,4,12,1
51,4,14,1
51,4,15,1
51,4,16,2
51,5,8,1
51,5,9,2
51,5,10,1
51,5,13,3
51,5,14,1
51,5,18,1
51,6,7,2
51,6,9,1
51,6,15,1
51,6,18,1
51,6,19,1
52,0,6,1
52,0,7,4
52,0,8,2
52,0,9,2
52,0,10,2
52,0,11,2
52,0,12,2
52,0,16,2
52,0,17,5
52,0,18,1
52,0,20,2
52,0,21,1
52,1,6,2
52,1,7,3
52,1,8,6
52,1,9,1
52,1,10,2
52,1,11,1
52,1,12,1
52,1,14,2
52,1,16,2
52,1,18,3
52,1,20,1
52,1,22,1
52,2,5,1
52,2,7,4
52,2,8,6
52,2,9,4
52,2,10,4
52,2,11,1
52,2,12,1
52,2,13,1
52,2,16,1
52,2,17,2
52,2,18,1
52,2,21,2
52,3,0,1
52,3,6,2
52,3,7,2
52,3,8,4
52,3,11,2
52,3,12,2
52,3,15,2
52,3,18,2
52,3,22,2
52,4,7,1
52,4,8,3
52,4,9,1
52,4,11,2
52,4,13,2
52,4,15,1
52,4,16,1
52,4,17,1
52,4,18,1
52,4,21,1
52,5,8,1
52,5,9,1
52,5,10,3
52,5,11,2
52,5,12,1
52,5,13,2
52,5,14,1
52,5,15,4
52,5,17,2
52,5,19,2
52,5,21,1
52,5,22,2
52,5,23,1
52,6,0,1
52,6,9,2
52,6,10,1
52,6,13,2
52,6,14,1
52,6,16,2
52,6,19,1
53,1,10,1
53,1,15,1
53,2,8,1
53,2,11,1
53,2,16,1
53,3,6,1
53,3,9,1
53,3,23,1
53,5,9,1
53,5,11,1
53,6,13,1
54,1,9,1
54,2,22,1
54,3,14,2
54,6,4,1
54,6,9,2
54,6,12,1
55,0,4,1
55,0,5,1
55,0,6,3
55,0,7,2
55,0,8,1
55,0,11,1
55,0,12,2
55,0,15,1
55,0,18,1
55,1,5,1
55,1,7,2
55,1,8,5
55,1,9,2
55,1,11,1
55,1,12,3
55,1,15,1
55,1,16,1
55,1,17,2
55,1,18,2
55,2,4,1
55,2,5,3
55,2,7,4
55,2,8,2
55,2,10,2
55,2,11,2
55,2,13,2
55,2,14,3
55,2,16,3
55,2,18,1
55,3,6,2
55,3,7,5
55,3,8,2
55,3,10,3
55,3,11,1
55,3,12,3
55,3,14,1
55,3,15,1
55,3,17,3
55,4,5,3
55,4,6,3
55,4,7,1
55,4,8,3
55,4,9,2
55,4,10,1
55,4,12,1
55,4,15,2
55,4,17,1
55,5,4,1
55,5,7,1
55,5,8,1
55,5,9,2
55,5,16,1
55,6,8,2
55,6,9,1
55,6,10,2
55,6,12,1
55,6,16,1
55,6,18,1
56,0,0,1
56,0,6,1
56,0,7,1
56,0,9,1
56,0,13,1
56,0,16,1
56,0,17,1
56,0,18,1
56,1,6,1
56,1,7,2
56,1,11,1
56,1,12,1
56,1,14,1
56,1,16,1
56,1,20,1
56,1,22,1
56,2,7,1
56,2,8,1
56,2,11,2
56,2,14,1
56,2,15,1
56,2,18,1
56,2,22,1
56,2,23,1
56,3,3,1
56,3,5,1
56,3,6,2
56,3,7,3
56,3,8,2
56,3,10,2
56,3,17,1
56,3,21,1
56,3,22,1
56,4,7,1
56,4,10,1
56,4,14,1
56,4,21,1
56,5,0,1
56,5,5,1
56,5,7,2
56,5,10,1
56,5,11,1
56,6,5,1
56,6,6,1
56,6,7,3
56,6,8,1
56,6,9,2
56,6,11,1
56,6,14,1
56,6,15,1
56,6,21,2
57,6,14,1
58,2,0,1
58,5,23,1
59,4,9,1
60,0,5,1
60,0,15,1
60,1,4,1
60,1,9,1
60,1,10,1
60,1,16,1
60,2,4,1
60,2,8,1
60,2,9,1
60,2,10,1
60,2,13,1
60,2,14,1
60,3,6,3
60,3,9,1
60,3,10,1
60,3,11,1
60,3,13,2
60,4,5,1
60,4,6,1
60,4,8,1
60,4,9,1
60,4,11,1
60,4,16,1
60,5,9,1
60,5,10,1
60,5,13,1
60,6,8,1
60,6,11,1
60,6,13,1
61,0,5,3
61,0,6,5
61,0,7,6
61,0,8,3
61,0,9,6
61,0,10,5
61,0,11,5
61,0,12,1
61,0,13,6
61,0,14,4
61,0,15,1
61,0,16,5
61,0,17,2
61,0,18,2
61,0,23,1
61,1,5,3
61,1,6,3
61,1,7,4
61,1,8,10
61,1,9,2
61,1,10,3
61,1,11,2
61,1,12,4
61,1,13,5
61,1,14,4
61,1,15,2
61,1,16,2
61,1,18,2
61,1,20,1
61,2,5,8
61,2,6,2
61,2,7,3
61,2,8,4
61,2,9,2
61,2,10,6
61,2,11,6
61,2,12,1
61,2,13,4
61,2,14,5
61,2,15,1
61,2,18,1
61,2,19,1
61,3,2,1
61,3,4,2
61,3,5,4
61,3,6,4
61,3,7,4
61,3,8,4
61,3,9,3
61,3,10,10
61,3,11,2
61,3,12,2
61,3,13,10
61,3,14,1
61,3,15,1
61,3,16,1
61,3,18,5
61,3,19,1
61,3,21,1
61,3,23,2
61,4,0,1
61,4,4,3
61,4,5,2
61,4,6,3
61,4,7,5
61,4,8,4
61,4,9,6
61,4,10,5
61,4,11,4
61,4,12,4
61,4,13,2
61,4,14,5
61,4,15,2
61,4,16,4
61,4,17,3
61,4,19,1
61,4,20,1
61,5,6,1
61,5,8,2
61,5,9,1
61,5,10,3
61,5,11,1
61,5,14,1
61,5,15,1
61,5,19,1
61,5,23,1
61,6,7,2
61,6,8,2
61,6,9,3
61,6,10,2
61,6,11,2
61,6,12,1
61,6,13,3
61,6,14,2
61,6,15,3
61,6,16,1
61,6,18,1
62,0,5,1
62,0,6,3
62,0,8,1
62,0,9,2
62,0,10,4
62,0,12,1
62,0,13,1
62,0,15,1
62,0,21,1
62,1,6,2
62,1,10,1
62,1,13,3
62,1,14,1
62,1,15,1
62,1,16,1
62,1,21,1
62,2,5,1
62,2,6,5
62,2,7,5
62,2,8,2
62,2,10,1
62,2,12,1
62,2,13,1
62,2,14,2
62,2,15,1
62,2,16,1
62,2,17,1
62,2,18,1
62,3,7,1
62,3,8,5
62,3,9,3
62,3,10,1
62,3,12,1
62,3,13,2
62,3,15,1
62,3,16,1
62,3,17,2
62,4,4,2
62,4,5,1
62,4,6,3
62,4,7,1
62,4,8,4
62,4,9,3
62,4,10,2
62,4,11,1
62,4,13,2
62,4,15,1
62,4,16,1
62,5,5,1
62,5,11,1
62,5,13,2
62,5,14,1
62,5,16,1
62,5,22,1
62,6,7,2
62,6,10,1
62,6,12,3
62,6,17,1
63,0,7,1
63,0,14,1
63,0,15,1
63,0,16,1
63,0,17,1
63,0,19,1
63,1,7,1
63,1,8,1
63,1,9,2
63,1,10,1
63,1,12,3
63,1,13,1
63,1,17,1
63,2,7,1
63,2,8,2
63,2,9,1
63,2,10,1
63,2,11,1
63,2,12,1
63,2,18,1
63,3,3,1
63,3,7,1
63,3,10,2
63,3,13,1
63,3,14,1
63,3,20,1
63,4,6,2
63,4,9,2
63,4,12,1
63,4,15,1
63,4,22,1
63,5,11,1
63,5,15,1
63,6,6,2
63,6,8,1
63,6,14,1
63,6,17,1
63,6,19,1
64,0,0,1
64,0,9,1
64,1,0,1
64,1,11,1
64,1,12,1
64,2,11,1
64,2,16,1
64,2,17,1
64,2,20,1
64,3,8,1
64,3,22,1
64,4,18,1
64,5,7,1
64,6,22,1
65,0,0,2
65,0,2,1
65,0,3,1
65,0,4,1
65,0,6,3
65,0,7,5
65,0,8,3
65,0,9,2
65,0,11,4
65,0,12,4
65,0,13,5
65,0,14,3
65,0,15,7
65,0,16,4
65,0,17,5
65,0,18,2
65,0,19,2
65,0,21,4
65,0,22,1
65,1,7,4
65,1,8,4
65,1,9,8
65,1,10,1
65,1,11,6
65,1,12,3
65,1,13,7
65,1,14,2
65,1,15,4
65,1,16,2
65,1,17,7
65,1,18,4
65,1,19,6
65,1,20,4
65,1,21,4
65,1,22,2
65,1,23,2
65,2,5,1
65,2,7,5
65,2,8,4
65,2,9,4
65,2,10,2
65,2,11,3
65,2,12,3
65,2,13,4
65,2,14,3
65,2,15,2
65,2,16,2
65,2,17,7
65,2,18,4
65,2,19,8
65,2,21,2
65,2,22,2
65,2,23,1
65,3,0,2
65,3,5,2
65,3,6,1
65,3,7,5
65,3,8,4
65,3,9,3
65,3,10,1
65,3,11,6
65,3,12,4
65,3,13,2
65,3,14,8
65,3,15,8
65,3,16,2
65,3,17,9
65,3,18,2
65,3,19,3
65,3,20,7
65,3,21,8
65,3,22,2
65,3,23,4
65,4,0,5
65,4,1,1
65,4,6,1
65,4,7,6
65,4,8,2
65,4,9,6
65,4,10,2
65,4,11,4
65,4,12,8
65,4,13,3
65,4,14,7
65,4,15,2
65,4,16,4
65,4,17,7
65,4,18,2
65,4,19,5
65,4,20,2
65,4,21,1
65,4,22,2
65,4,23,4
65,5,0,2
65,5,3,1
65,5,5,1
65,5,6,1
65,5,7,1
65,5,8,2
65,5,9,1
65,5,10,1
65,5,11,1
65,5,12,2
65,5,13,5
65,5,16,2
65,5,17,5
65,5,18,3
65,5,19,3
65,5,20,3
65,5,21,4
65,5,22,3
65,5,23,3
65,6,0,3
65,6,1,1
65,6,2,2
65,6,3,1
65,6,7,1
65,6,8,3
65,6,9,3
65,6,10,6
65,6,11,6
65,6,12,5
65,6,13,2
65,6,14,3
65,6,15,6
65,6,16,7
65,6,17,5
65,6,18,7
65,6,19,1
65,6,20,4
65,6,22,3
66,0,0,1
66,0,1,1
66,0,5,1
66,0,6,1
66,0,7,2
66,0,10,1
66,0,11,3
66,0,12,1
66,0,13,1
66,0,16,2
66,0,17,1
66,0,18,3
66,0,19,1
66,0,21,1
66,1,8,2
66,1,9,2
66,1,12,3
66,1,13,4
66,1,14,2
66,1,15,1
66,1,17,1
66,1,18,2
66,1,19,3
66,1,21,2
66,2,1,1
66,2,6,2
66,2,7,2
66,2,8,2
66,2,10,1
66,2,13,1
66,2,15,1
66,2,17,1
66,2,18,1
66,2,19,2
66,2,20,2
66,2,21,2
66,2,23,1
66,3,0,1
66,3,6,1
66,3,8,1
66,3,9,2
66,3,13,1
66,3,14,1
66,3,15,1
66,3,16,3
66,3,17,1
66,3,18,1
66,3,19,1
66,3,21,2
66,3,22,1
66,4,0,1
66,4,7,1
66,4,8,1
66,4,10,2
66,4,11,1
66,4,12,1
66,4,13,2
66,4,14,3
66,4,15,3
66,4,16,5
66,4,17,1
66,4,18,6
66,4,19,1
66,4,20,1
66,4,21,1
66,4,22,1
66,4,23,1
66,5,2,1
66,5,3,1
66,5,4,1
66,5,11,1
66,5,12,2
66,5,13,1
66,5,14,2
66,5,15,2
66,5,16,4
66,5,18,3
66,5,19,1
66,5,20,3
66,5,21,5
66,5,23,1
66,6,0,1
66,6,7,1
66,6,10,1
66,6,11,2
66,6,12,1
66,6,13,1
66,6,14,4
66,6,15,2
66,6,16,2
66,6,17,4
66,6,18,3
66,6,19,3
66,6,21,1
66,6,22,1
66,6,23,1
67,0,16,1
67,1,5,1
67,1,6,3
67,1,11,2
67,1,17,1
67,1,20,1
67,2,6,2
67,2,7,2
67,2,12,1
67,3,6,2
67,3,8,1
67,3,12,1
67,3,20,1
67,4,6,1
67,5,2,1
68,0,0,70
68,0,1,39
68,0,2,35
68,0,3,23
68,0,4,16
68,0,5,17
68,0,6,30
68,0,7,61
68,0,8,122
68,0,9,163
68,0,10,147
68,0,11,184
68,0,12,156
68,0,13,189
68,0,14,162
68,0,15,203
68,0,16,191
68,0,17,239
68,0,18,257
68,0,19,209
68,0,20,211
68,0,21,180
68,0,22,165
68,0,23,85
68,1,0,55
68,1,1,27
68,1,2,17
68,1,3,10
68,1,4,5
68,1,5,12
68,1,6,32
68,1,7,69
68,1,8,152
68,1,9,167
68,1,10,201
68,1,11,187
68,1,12,203
68,1,13,182
68,1,14,218
68,1,15,197
68,1,16,206
68,1,17,282
68,1,18,297
68,1,19,232
68,1,20,260
68,1,21,245
68,1,22,196
68,1,23,95
68,2,0,62
68,2,1,14
68,2,2,4
68,2,3,3
68,2,4,7
68,2,5,19
68,2,6,29
68,2,7,79
68,2,8,147
68,2,9,161
68,2,10,180
68,2,11,187
68,2,12,234
68,2,13,221
68,2,14,233
68,2,15,217
68,2,16,224
68,2,17,314
68,2,18,328
68,2,19,274
68,2,20,282
68,2,21,262
68,2,22,198
68,2,23,161
68,3,0,83
68,3,1,28
68,3,2,24
68,3,3,22
68,3,4,10
68,3,5,8
68,3,6,27
68,3,7,98
68,3,8,190
68,3,9,189
68,3,10,200
68,3,11,197
68,3,12,197
68,3,13,242
68,3,14,236
68,3,15,259
68,3,16,251
68,3,17,299
68,3,18,368
68,3,19,340
68,3,20,304
68,3,21,298
68,3,22,260
68,3,23,176
68,4,0,107
68,4,1,87
68,4,2,46
68,4,3,30
68,4,4,17
68,4,5,17
68,4,6,22
68,4,7,71
68,4,8,130
68,4,9,156
68,4,10,172
68,4,11,204
68,4,12,182
68,4,13,219
68,4,14,228
68,4,15,220
68,4,16,240
68,4,17,296
68,4,18,292
68,4,19,306
68,4,20,244
68,4,21,273
68,4,22,240
68,4,23,197
68,5,0,162
68,5,1,136
68,5,2,88
68,5,3,81
68,5,4,62
68,5,5,15
68,5,6,17
68,5,7,31
68,5,8,57
68,5,9,92
68,5,10,153
68,5,11,205
68,5,12,249
68,5,13,257
68,5,14,255
68,5,15,245
68,5,16,296
68,5,17,286
68,5,18,325
68,5,19,248
68,5,20,209
68,5,21,240
68,5,22,193
68,5,23,236
68,6,0,185
68,6,1,108
68,6,2,122
68,6,3,80
68,6,4,74
68,6,5,12
68,6,6,22
68,6,7,29
68,6,8,48
68,6,9,96
68,6,10,143
68,6,11,189
68,6,12,171
68,6,13,216
68,6,14,230
68,6,15,208
68,6,16,217
68,6,17,274
68,6,18,242
68,6,19,210
68,6,20,183
68,6,21,174
68,6,22,136
68,6,23,100
69,0,5,1
69,0,7,3
69,0,8,2
69,0,9,3
69,0,10,1
69,0,11,2
69,0,12,1
69,0,14,1
69,0,16,1
69,0,17,1
69,0,19,1
69,1,4,1
69,1,8,2
69,1,9,1
69,1,10,2
69,1,11,2
69,1,13,1
69,1,18,1
69,2,6,2
69,2,7,1
69,2,8,1
69,2,9,1
69,2,10,1
69,2,11,3
69,2,16,1
69,2,18,1
69,3,5,1
69,3,6,1
69,3,7,3
69,3,9,1
69,3,10,2
69,3,11,2
69,3,13,1
69,3,15,1
69,3,17,1
69,3,18,1
69,3,19,1
69,4,4,1
69,4,6,2
69,4,7,2
69,4,8,2
69,4,9,2
69,4,10,7
69,4,11,1
69,4,13,4
69,4,15,1
69,4,16,1
69,4,22,1
69,5,10,2
69,5,11,1
69,5,14,2
69,5,19,2
69,6,1,2
69,6,2,1
69,6,8,1
69,6,9,1
69,6,10,1
69,6,11,1
69,6,14,3
69,6,17,1
69,6,18,1
69,6,23,1
70,0,0,31
70,0,1,5
70,0,2,4
70,0,3,3
70,0,4,1
70,0,7,7
70,0,8,11
70,0,9,38
70,0,10,40
70,0,11,21
70,0,12,70
70,0,13,52
70,0,14,34
70,0,15,40
70,0,16,34
70,0,17,43
70,0,18,38
70,0,19,34
70,0,20,36
70,0,21,42
70,0,22,49
70,0,23,42
70,1,0,26
70,1,1,6
70,1,5,2
70,1,6,1
70,1,7,12
70,1,8,19
70,1,9,32
70,1,10,30
70,1,11,29
70,1,12,41
70,1,13,53
70,1,14,45
70,1,15,37
70,1,16,44
70,1,17,31
70,1,18,34
70,1,19,39
70,1,20,40
70,1,21,30
70,1,22,38
70,1,23,33
70,2,0,15
70,2,1,4
70,2,2,5
70,2,5,2
70,2,7,9
70,2,8,14
70,2,9,30
70,2,10,38
70,2,11,30
70,2,12,43
70,2,13,47
70,2,14,35
70,2,15,41
70,2,16,51
70,2,17,31
70,2,18,43
70,2,19,31
70,2,20,27
70,2,21,28
70,2,22,34
70,2,23,34
70,3,0,15
70,3,2,2
70,3,6,1
70,3,7,11
70,3,8,17
70,3,9,33
70,3,10,30
70,3,11,35
70,3,12,44
70,3,13,56
70,3,14,38
70,3,15,39
70,3,16,41
70,3,17,33
70,3,18,37
70,3,19,46
70,3,20,41
70,3,21,34
70,3,22,34
70,3,23,37
70,4,0,21
70,4,1,2
70,4,2,1
70,4,3,1
70,4,6,1
70,4,7,7
70,4,8,14
70,4,9,40
70,4,10,34
70,4,11,37
70,4,12,49
70,4,13,48
70,4,14,36
70,4,15,42
70,4,16,44
70,4,17,38
70,4,18,22
70,4,19,53
70,4,20,30
70,4,21,34
70,4,22,21
70,4,23,36
70,5,0,13
70,5,1,1
70,5,7,3
70,5,8,7
70,5,9,26
70,5,10,12
70,5,11,15
70,5,12,19
70,5,13,31
70,5,14,28
70,5,15,26
70,5,16,45
70,5,17,18
70,5,18,24
70,5,19,29
70,5,20,34
70,5,21,20
70,5,22,20
70,5,23,30
70,6,0,16
70,6,1,5
70,6,2,2
70,6,6,1
70,6,7,2
70,6,8,6
70,6,9,21
70,6,10,26
70,6,11,24
70,6,12,39
70,6,13,38
70,6,14,36
70,6,15,45
70,6,16,42
70,6,17,39
70,6,18,42
70,6,19,48
70,6,20,41
70,6,21,40
70,6,22,61
70,6,23,46
71,0,4,1
71,0,6,3
71,0,7,1
71,0,9,1
71,0,10,2
71,0,11,1
71,0,15,2
71,0,16,3
71,0,18,1
71,1,5,2
71,1,6,2
71,1,7,1
71,1,8,1
71,1,9,2
71,1,11,3
71,1,12,2
71,1,13,1
71,1,14,2
71,1,15,3
71,1,18,1
71,1,19,2
71,2,4,1
71,2,5,3
71,2,6,2
71,2,7,3
71,2,8,2
71,2,9,2
71,2,10,1
71,2,11,1
71,2,12,2
71,2,13,3
71,2,15,1
71,2,16,1
71,2,18,1
71,2,20,1
71,3,5,2
71,3,6,2
71,3,7,3
71,3,8,2
71,3,9,2
71,3,10,3
71,3,12,3
71,3,14,2
71,3,16,2
71,3,19,1
71,4,5,2
71,4,6,1
71,4,7,2
71,4,8,1
71,4,9,2
71,4,10,1
71,4,11,1
71,4,12,3
71,4,13,2
71,4,17,1
71,4,18,1
71,4,22,1
71,5,6,1
71,5,7,1
71,5,8,2
71,5,9,1
71,5,11,1
71,5,12,2
71,5,13,1
71,6,5,1
71,6,9,5
71,6,10,1
71,6,12,2
71,6,13,1
72,0,5,2
72,0,6,2
72,0,8,4
72,0,9,2
72,0,10,1
72,0,12,6
72,0,13,2
72,0,14,1
72,0,16,1
72,0,17,1
72,1,4,1
72,1,5,1
72,1,7,2
72,1,8,2
72,1,10,3
72,1,11,1
72,1,13,2
72,1,14,2
72,1,18,1
72,2,4,1
72,2,6,3
72,2,7,2
72,2,8,1
72,2,9,9
72,2,10,4
72,2,11,1
72,2,12,1
72,2,13,2
72,2,14,1
72,2,15,2
72,2,19,1
72,2,20,1
72,3,5,2
72,3,6,1
72,3,7,1
72,3,8,3
72,3,9,1
72,3,10,2
72,3,11,2
72,3,12,3
72,3,13,2
72,3,14,2
72,3,17,1
72,3,18,1
72,3,19,1
72,4,4,1
72,4,5,2
72,4,6,3
72,4,7,2
72,4,8,7
72,4,9,4
72,4,12,2
72,4,13,2
72,4,14,1
72,4,15,3
72,4,16,1
72,4,19,1
72,5,8,1
72,5,19,1
72,6,5,1
72,6,8,1
72,6,9,1
72,6,11,1
72,6,13,1
73,0,15,1
73,1,5,1
73,2,5,1
73,2,16,1
73,3,5,1
73,3,7,1
73,4,6,1
73,4,15,1
73,5,19,1
74,0,0,4
74,0,1,3
74,0,2,1
74,0,3,2
74,0,4,4
74,0,5,5
74,0,6,7
74,0,7,20
74,0,8,24
74,0,9,14
74,0,10,12
74,0,11,10
74,0,12,12
74,0,13,12
74,0,14,14
74,0,15,16
74,0,16,16
74,0,17,10
74,0,18,19
74,0,19,18
74,0,20,3
74,0,21,5
74,0,22,9
74,0,23,4
74,1,0,3
74,1,3,1
74,1,4,1
74,1,5,5
74,1,6,6
74,1,7,26
74,1,8,20
74,1,9,12
74,1,10,12
74,1,11,15
74,1,12,11
74,1,13,13
74,1,14,24
74,1,15,10
74,1,16,10
74,1,17,11
74,1,18,16
74,1,19,13
74,1,20,10
74,1,21,8
74,1,22,8
74,1,23,3
74,2,2,1
74,2,3,2
74,2,4,3
74,2,5,4
74,2,6,5
74,2,7,16
74,2,8,19
74,2,9,18
74,2,10,19
74,2,11,14
74,2,12,20
74,2,13,11
74,2,14,15
74,2,15,22
74,2,16,14
74,2,17,15
74,2,18,15
74,2,19,11
74,2,20,12
74,2,21,5
74,2,22,7
74,2,23,3
74,3,0,2
74,3,2,2
74,3,3,1
74,3,4,5
74,3,5,6
74,3,6,15
74,3,7,23
74,3,8,12
74,3,9,13
74,3,10,27
74,3,11,14
74,3,12,14
74,3,13,18
74,3,14,21
74,3,15,16
74,3,16,14
74,3,17,19
74,3,18,16
74,3,19,7
74,3,20,7
74,3,21,4
74,3,22,5
74,3,23,3
74,4,0,3
74,4,3,1
74,4,4,4
74,4,5,2
74,4,6,18
74,4,7,19
74,4,8,28
74,4,9,14
74,4,10,18
74,4,11,19
74,4,12,23
74,4,13,25
74,4,14,19
74,4,15,36
74,4,16,25
74,4,17,22
74,4,18,21
74,4,19,14
74,4,20,7
74,4,21,15
74,4,22,7
74,4,23,7
74,5,0,5
74,5,1,4
74,5,2,3
74,5,3,2
74,5,4,1
74,5,5,7
74,5,6,7
74,5,7,6
74,5,8,11
74,5,9,14
74,5,10,18
74,5,11,18
74,5,12,18
74,5,13,14
74,5,14,18
74,5,15,15
74,5,16,13
74,5,17,15
74,5,18,14
74,5,19,15
74,5,20,19
74,5,21,4
74,5,22,10
74,5,23,7
74,6,0,3
74,6,1,7
74,6,2,2
74,6,3,4
74,6,4,2
74,6,5,2
74,6,6,11
74,6,7,13
74,6,8,8
74,6,9,21
74,6,10,13
74,6,11,15
74,6,12,26
74,6,13,14
74,6,14,16
74,6,15,10
74,6,16,10
74,6,17,16
74,6,18,14
74,6,19,11
74,6,20,7
74,6,21,3
74,6,22,6
74,6,23,8
75,0,0,5
75,0,1,6
75,0,2,4
75,0,3,2
75,0,4,3
75,0,5,4
75,0,6,15
75,0,7,41
75,0,8,31
75,0,9,43
75,0,10,38
75,0,11,62
75,0,12,43
75,0,13,59
75,0,14,54
75,0,15,53
75,0,16,46
75,0,17,50
75,0,18,49
75,0,19,42
75,0,20,18
75,0,21,13
75,0,22,9
75,0,23,12
75,1,0,3
75,1,1,3
75,1,3,2
75,1,4,4
75,1,5,5
75,1,6,11
75,1,7,42
75,1,8,45
75,1,9,52
75,1,10,58
75,1,11,64
75,1,12,56
75,1,13,57
75,1,14,73
75,1,15,82
75,1,16,68
75,1,17,62
75,1,18,45
75,1,19,33
75,1,20,30
75,1,21,19
75,1,22,23
75,1,23,11
75,2,0,5
75,2,1,1
75,2,3,1
75,2,5,3
75,2,6,17
75,2,7,50
75,2,8,55
75,2,9,76
75,2,10,54
75,2,11,56
75,2,12,52
75,2,13,59
75,2,14,78
75,2,15,83
75,2,16,66
75,2,17,76
75,2,18,62
75,2,19,47
75,2,20,33
75,2,21,21
75,2,22,13
75,2,23,7
75,3,0,10
75,3,1,2
75,3,3,5
75,3,4,2
75,3,5,5
75,3,6,19
75,3,7,54
75,3,8,54
75,3,9,62
75,3,10,72
75,3,11,68
75,3,12,87
75,3,13,68
75,3,14,81
75,3,15,86
75,3,16,63
75,3,17,79
75,3,18,76
75,3,19,46
75,3,20,30
75,3,21,31
75,3,22,9
75,3,23,16
75,4,0,9
75,4,1,2
75,4,2,2
75,4,3,3
75,4,4,2
75,4,5,7
75,4,6,14
75,4,7,41
75,4,8,58
75,4,9,48
75,4,10,54
75,4,11,71
75,4,12,71
75,4,13,68
75,4,14,72
75,4,15,76
75,4,16,71
75,4,17,58
75,4,18,50
75,4,19,45
75,4,20,31
75,4,21,18
75,4,22,16
75,4,23,9
75,5,0,17
75,5,1,6
75,5,2,5
75,5,3,4
75,5,4,6
75,5,5,2
75,5,6,14
75,5,7,19
75,5,8,26
75,5,9,51
75,5,10,45
75,5,11,47
75,5,12,52
75,5,13,53
75,5,14,56
75,5,15,43
75,5,16,58
75,5,17,61
75,5,18,42
75,5,19,39
75,5,20,27
75,5,21,16
75,5,22,23
75,5,23,20
75,6,0,10
75,6,1,9
75,6,2,4
75,6,3,5
75,6,4,7
75,6,5,4
75,6,6,11
75,6,7,20
75,6,8,30
75,6,9,39
75,6,10,59
75,6,11,51
75,6,12,40
75,6,13,44
75,6,14,46
75,6,15,39
75,6,16,41
75,6,17,28
75,6,18,39
75,6,19,29
75,6,20,18
75,6,21,16
75,6,22,9
75,6,23,15
76,0,4,1
76,0,6,1
76,0,7,9
76,0,8,4
76,0,9,2
76,0,10,5
76,0,11,6
76,0,12,2
76,0,13,2
76,0,14,2
76,0,15,1
76,0,17,2
76,0,18,1
76,1,0,1
76,1,4,3
76,1,5,3
76,1,6,8
76,1,7,11
76,1,8,4
76,1,9,7
76,1,10,5
76,1,11,4
76,1,12,5
76,1,13,1
76,1,14,1
76,1,16,1
76,1,22,1
76,2,4,3
76,2,5,2
76,2,6,4
76,2,7,5
76,2,8,8
76,2,9,5
76,2,10,3
76,2,11,4
76,2,12,1
76,2,13,3
76,2,14,2
76,2,20,2
76,2,22,1
76,2,23,1
76,3,4,2
76,3,5,2
76,3,6,10
76,3,7,7
76,3,8,8
76,3,9,3
76,3,10,4
76,3,11,2
76,3,12,7
76,3,13,4
76,3,14,5
76,3,15,1
76,3,16,1
76,3,17,1
76,3,19,6
76,3,20,1
76,3,21,1
76,4,3,1
76,4,4,4
76,4,6,1
76,4,7,4
76,4,8,6
76,4,9,6
76,4,10,3
76,4,11,2
76,4,12,2
76,4,13,3
76,4,14,6
76,4,15,2
76,4,16,4
76,4,17,6
76,4,18,3
76,4,20,1
76,5,6,1
76,5,7,1
76,5,8,1
76,5,10,2
76,5,12,1
76,5,13,1
76,5,14,1
76,5,15,1
76,5,18,1
76,6,7,3
76,6,8,3
76,6,9,3
76,6,10,1
76,6,12,1
76,6,13,1
76,6,14,2
76,6,19,1
77,0,5,1
77,0,6,2
77,0,8,5
77,0,9,3
77,0,13,2
77,1,6,3
77,1,7,3
77,1,8,3
77,1,9,1
77,1,14,2
77,1,16,1
77,2,6,2
77,2,7,1
77,2,8,1
77,2,9,1
77,2,10,3
77,2,11,1
77,2,12,1
77,3,4,1
77,3,10,1
77,3,15,2
77,4,4,1
77,4,6,1
77,4,7,1
77,4,8,2
77,4,11,2
77,4,15,1
77,4,17,1
77,4,22,1
77,5,8,1
77,6,7,1
77,6,8,2
77,6,10,2
77,6,13,1
78,0,6,1
78,0,7,2
78,0,8,1
78,0,9,1
78,0,10,2
78,0,11,2
78,0,13,1
78,0,16,1
78,1,8,1
78,1,9,1
78,1,10,1
78,1,12,1
78,1,13,1
78,1,14,1
78,1,15,2
78,2,4,1
78,2,7,3
78,2,9,1
78,2,10,1
78,2,12,1
78,2,16,1
78,3,4,1
78,3,9,1
78,3,10,3
78,3,12,1
78,3,15,1
78,3,17,2
78,3,18,1
78,4,7,1
78,4,8,2
78,4,9,3
78,4,10,3
78,5,6,1
78,5,8,2
78,5,9,1
78,5,10,1
78,5,12,2
78,5,14,1
78,5,16,1
78,5,22,1
78,6,8,1
78,6,10,1
78,6,11,1
78,6,13,1
78,6,14,1
79,0,0,88
79,0,1,83
79,0,2,81
79,0,3,51
79,0,4,35
79,0,5,15
79,0,6,21
79,0,7,38
79,0,8,55
79,0,9,69
79,0,10,65
79,0,11,69
79,0,12,71
79,0,13,66
79,0,14,71
79,0,15,81
79,0,16,82
79,0,17,79
79,0,18,94
79,0,19,99
79,0,20,129
79,0,21,134
79,0,22,142
79,0,23,73
79,1,0,56
79,1,1,28
79,1,2,20
79,1,3,12
79,1,4,7
79,1,5,9
79,1,6,29
79,1,7,53
79,1,8,85
79,1,9,105
79,1,10,63
79,1,11,62
79,1,12,63
79,1,13,59
79,1,14,83
79,1,15,73
79,1,16,68
79,1,17,87
79,1,18,124
79,1,19,116
79,1,20,158
79,1,21,172
79,1,22,176
79,1,23,98
79,2,0,56
79,2,1,32
79,2,2,29
79,2,3,23
79,2,4,18
79,2,5,10
79,2,6,27
79,2,7,61
79,2,8,84
79,2,9,81
79,2,10,78
79,2,11,78
79,2,12,76
79,2,13,97
79,2,14,82
79,2,15,87
79,2,16,65
79,2,17,103
79,2,18,146
79,2,19,156
79,2,20,184
79,2,21,256
79,2,22,250
79,2,23,142
79,3,0,98
79,3,1,52
79,3,2,42
79,3,3,19
79,3,4,18
79,3,5,13
79,3,6,20
79,3,7,57
79,3,8,87
79,3,9,87
79,3,10,81
79,3,11,75
79,3,12,87
79,3,13,107
79,3,14,78
79,3,15,85
79,3,16,85
79,3,17,94
79,3,18,124
79,3,19,175
79,3,20,232
79,3,21,297
79,3,22,357
79,3,23,276
79,4,0,224
79,4,1,146
79,4,2,94
79,4,3,68
79,4,4,26
79,4,5,11
79,4,6,18
79,4,7,48
79,4,8,66
79,4,9,76
79,4,10,88
79,4,11,83
79,4,12,92
79,4,13,102
79,4,14,100
79,4,15,102
79,4,16,112
79,4,17,131
79,4,18,179
79,4,19,236
79,4,20,270
79,4,21,336
79,4,22,420
79,4,23,536
79,5,0,698
79,5,1,719
79,5,2,531
79,5,3,341
79,5,4,124
79,5,5,21
79,5,6,24
79,5,7,33
79,5,8,35
79,5,9,78
79,5,10,97
79,5,11,109
79,5,12,136
79,5,13,180
79,5,14,157
79,5,15,169
79,5,16,209
79,5,17,232
79,5,18,262
79,5,19,298
79,5,20,315
79,5,21,371
79,5,22,479
79,5,23,570
79,6,0,664
79,6,1,693
79,6,2,512
79,6,3,381
79,6,4,149
79,6,5,19
79,6,6,13
79,6,7,22
79,6,8,29
79,6,9,50
79,6,10,87
79,6,11,113
79,6,12,101
79,6,13,146
79,6,14,121
79,6,15,154
79,6,16,135
79,6,17,140
79,6,18,179
79,6,19,156
79,6,20,174
79,6,21,156
79,6,22,134
79,6,23,121
80,0,1,2
80,0,2,2
80,0,3,2
80,0,5,1
80,0,7,1
80,0,9,2
80,0,10,1
80,0,12,1
80,0,15,1
80,0,21,1
80,0,23,1
80,1,0,2
80,1,1,2
80,1,5,1
80,1,10,1
80,1,15,3
80,1,21,1
80,1,23,1
80,2,0,1
80,2,1,1
80,2,8,3
80,2,9,1
80,2,12,2
80,2,16,1
80,2,21,1
80,2,23,2
80,3,0,2
80,3,1,2
80,3,6,1
80,3,12,2
80,3,16,1
80,3,17,1
80,3,23,3
80,4,4,1
80,4,6,1
80,4,8,3
80,4,13,1
80,4,14,1
80,4,17,1
80,4,21,1
80,4,22,1
80,4,23,2
80,5,0,3
80,5,1,3
80,5,2,2
80,5,3,3
80,5,4,3
80,5,8,1
80,5,12,1
80,5,13,1
80,5,15,1
80,5,23,1
80,6,0,2
80,6,1,2
80,6,2,4
80,6,3,2
80,6,5,3
80,6,8,1
80,6,10,1
80,6,15,1
80,6,16,1
80,6,18,1
80,6,20,1
80,6,23,2
81,0,6,1
81,0,7,1
81,0,8,1
81,0,10,2
81,0,13,2
81,0,15,1
81,1,10,1
81,1,11,2
81,1,13,1
81,1,15,1
81,1,17,1
81,2,8,1
81,2,13,1
81,3,6,1
81,3,7,1
81,3,8,1
81,3,9,2
81,3,13,1
81,3,15,1
81,4,7,1
81,4,8,2
81,4,10,1
81,4,12,2
81,4,17,1
81,5,9,1
81,5,10,1
81,6,4,1
81,6,6,1
81,6,8,1
81,6,10,1
81,6,11,1
81,6,12,1
81,6,14,2
81,6,15,1
81,6,17,2
82,0,1,1
82,0,2,1
82,0,7,1
82,0,8,1
82,0,9,1
82,0,11,1
82,0,12,1
82,0,13,1
82,0,14,1
82,0,15,3
82,0,16,1
82,0,20,1
82,0,21,1
82,0,22,2
82,1,6,1
82,1,8,1
82,1,9,1
82,1,10,4
82,1,12,1
82,1,13,1
82,1,15,1
82,1,17,1
82,1,22,1
82,1,23,1
82,2,0,2
82,2,4,2
82,2,6,2
82,2,8,3
82,2,9,1
82,2,11,2
82,2,12,2
82,2,15,1
82,2,18,1
82,2,19,1
82,2,21,1
82,3,5,1
82,3,7,1
82,3,8,1
82,3,9,1
82,3,10,1
82,3,12,1
82,3,13,1
82,3,14,1
82,3,17,1
82,3,18,1
82,3,20,3
82,3,21,2
82,3,22,1
82,3,23,2
82,4,1,2
82,4,2,1
82,4,6,1
82,4,8,1
82,4,9,1
82,4,13,2
82,4,14,1
82,4,15,1
82,4,16,1
82,4,18,1
82,4,20,1
82,4,22,1
82,4,23,2
82,5,0,1
82,5,2,1
82,5,3,3
82,5,4,1
82,5,8,3
82,5,9,3
82,5,11,1
82,5,13,3
82,5,15,1
82,5,16,3
82,5,21,3
82,5,23,1
82,6,0,2
82,6,1,1
82,6,2,1
82,6,3,1
82,6,6,2
82,6,7,2
82,6,9,1
82,6,10,1
82,6,13,2
82,6,18,1
82,6,19,2
82,6,20,1
82,6,23,1
83,0,4,1
83,0,11,1
83,0,12,1
83,0,17,1
83,1,4,1
83,1,5,1
83,1,7,1
83,1,8,2
83,1,10,1
83,1,18,1
83,1,19,1
83,2,2,1
83,2,5,1
83,2,8,1
83,2,12,1
83,2,13,3
83,2,16,2
83,3,4,1
83,3,6,1
83,3,11,1
83,3,18,1
83,4,4,1
83,4,5,1
83,4,10,1
83,4,11,1
83,4,14,1
83,4,17,1
83,5,2,1
83,5,4,1
83,5,16,1
83,5,18,1
83,6,1,2
83,6,13,1
85,0,6,1
85,0,7,1
85,0,8,2
85,0,10,1
85,0,14,1
85,0,22,1
85,1,6,1
85,1,7,1
85,1,9,5
85,1,11,1
85,1,12,1
85,1,13,1
85,1,14,1
85,1,15,1
85,2,6,1
85,2,8,2
85,2,9,1
85,2,10,2
85,2,15,1
85,3,4,2
85,3,6,1
85,3,7,2
85,3,8,1
85,3,9,1
85,3,10,1
85,3,11,2
85,3,12,3
85,3,13,1
85,4,4,1
85,4,5,1
85,4,6,2
85,4,7,2
85,4,8,1
85,4,10,1
85,4,13,2
85,4,15,1
85,4,18,1
85,5,1,1
85,5,5,1
85,5,8,2
85,5,11,2
85,5,14,1
85,6,7,1
85,6,10,1
85,6,11,1
85,6,15,1
86,0,6,1
86,0,7,1
86,0,8,1
86,0,9,1
86,0,11,1
86,0,13,1
86,0,15,2
86,0,16,1
86,0,19,1
86,1,5,1
86,1,6,3
86,1,7,2
86,1,9,2
86,1,11,1
86,1,12,2
86,1,13,3
86,1,14,1
86,1,17,1
86,1,20,1
86,1,21,1
86,2,4,1
86,2,5,2
86,2,6,2
86,2,7,1
86,2,8,2
86,2,9,1
86,2,10,1
86,2,14,2
86,2,16,1
86,3,4,1
86,3,5,3
86,3,7,3
86,3,8,2
86,3,9,1
86,3,10,1
86,3,11,1
86,3,12,1
86,3,13,2
86,3,16,1
86,4,5,1
86,4,6,1
86,4,7,1
86,4,8,3
86,4,9,2
86,4,10,1
86,4,12,1
86,4,13,2
86,4,17,2
86,5,7,1
86,5,8,3
86,5,9,1
86,5,10,1
86,5,11,1
86,5,12,2
86,5,13,3
86,6,6,1
86,6,7,1
86,6,8,1
86,6,9,1
86,6,16,1
86,6,17,1
87,0,0,5
87,0,1,17
87,0,2,8
87,0,3,6
87,0,4,1
87,0,5,1
87,0,6,6
87,0,7,6
87,0,8,11
87,0,9,18
87,0,10,13
87,0,11,23
87,0,12,23
87,0,13,31
87,0,14,28
87,0,15,28
87,0,16,30
87,0,17,49
87,0,18,44
87,0,19,25
87,0,20,31
87,0,21,30
87,0,22,17
87,0,23,10
87,1,0,2
87,1,1,4
87,1,2,2
87,1,4,1
87,1,5,2
87,1,6,3
87,1,7,11
87,1,8,22
87,1,9,34
87,1,10,18
87,1,11,33
87,1,12,25
87,1,13,26
87,1,14,34
87,1,15,35
87,1,16,33
87,1,17,59
87,1,18,59
87,1,19,47
87,1,20,44
87,1,21,35
87,1,22,24
87,1,23,8
87,2,0,5
87,2,1,2
87,2,2,1
87,2,5,1
87,2,6,2
87,2,7,14
87,2,8,28
87,2,9,36
87,2,10,26
87,2,11,35
87,2,12,32
87,2,13,37
87,2,14,40
87,2,15,33
87,2,16,66
87,2,17,74
87,2,18,60
87,2,19,49
87,2,20,50
87,2,21,39
87,2,22,29
87,2,23,14
87,3,0,10
87,3,1,4
87,3,3,1
87,3,4,4
87,3,5,2
87,3,6,3
87,3,7,13
87,3,8,28
87,3,9,29
87,3,10,21
87,3,11,47
87,3,12,39
87,3,13,36
87,3,14,37
87,3,15,46
87,3,16,41
87,3,17,76
87,3,18,78
87,3,19,81
87,3,20,49
87,3,21,48
87,3,22,43
87,3,23,34
87,4,0,20
87,4,1,8
87,4,2,4
87,4,3,1
87,4,4,4
87,4,5,1
87,4,6,8
87,4,7,10
87,4,8,19
87,4,9,16
87,4,10,30
87,4,11,22
87,4,12,36
87,4,13,33
87,4,14,46
87,4,15,48
87,4,16,36
87,4,17,43
87,4,18,64
87,4,19,69
87,4,20,45
87,4,21,34
87,4,22,39
87,4,23,27
87,5,0,35
87,5,1,15
87,5,2,13
87,5,3,4
87,5,4,5
87,5,5,6
87,5,6,1
87,5,7,4
87,5,8,9
87,5,9,12
87,5,10,27
87,5,11,26
87,5,12,29
87,5,13,30
87,5,14,37
87,5,15,41
87,5,16,37
87,5,17,51
87,5,18,43
87,5,19,38
87,5,20,42
87,5,21,42
87,5,22,33
87,5,23,52
87,6,0,37
87,6,1,21
87,6,2,13
87,6,3,5
87,6,4,3
87,6,5,2
87,6,6,7
87,6,7,1
87,6,8,8
87,6,9,17
87,6,10,15
87,6,11,21
87,6,12,27
87,6,13,25
87,6,14,22
87,6,15,35
87,6,16,28
87,6,17,40
87,6,18,21
87,6,19,27
87,6,20,15
87,6,21,12
87,6,22,13
87,6,23,11
88,0,0,3
88,0,1,2
88,0,2,5
88,0,3,1
88,0,6,1
88,0,7,6
88,0,8,7
88,0,9,8
88,0,10,3
88,0,11,8
88,0,12,10
88,0,13,23
88,0,14,23
88,0,15,13
88,0,16,30
88,0,17,20
88,0,18,36
88,0,19,13
88,0,20,23
88,0,21,13
88,0,22,6
88,0,23,4
88,1,0,1
88,1,2,1
88,1,6,1
88,1,7,4
88,1,8,6
88,1,9,8
88,1,10,7
88,1,11,16
88,1,12,9
88,1,13,29
88,1,14,31
88,1,15,24
88,1,16,30
88,1,17,44
88,1,18,31
88,1,19,29
88,1,20,24
88,1,21,22
88,1,22,14
88,1,23,9
88,2,0,5
88,2,1,2
88,2,3,1
88,2,6,1
88,2,7,6
88,2,8,8
88,2,9,16
88,2,10,17
88,2,11,12
88,2,12,30
88,2,13,17
88,2,14,20
88,2,15,29
88,2,16,37
88,2,17,50
88,2,18,33
88,2,19,30
88,2,20,27
88,2,21,20
88,2,22,24
88,2,23,13
88,3,0,5
88,3,1,5
88,3,2,1
88,3,4,1
88,3,6,1
88,3,7,7
88,3,8,9
88,3,9,9
88,3,10,17
88,3,11,19
88,3,12,11
88,3,13,25
88,3,14,27
88,3,15,36
88,3,16,32
88,3,17,45
88,3,18,39
88,3,19,30
88,3,20,32
88,3,21,29
88,3,22,19
88,3,23,27
88,4,0,11
88,4,1,5
88,4,2,2
88,4,6,2
88,4,7,2
88,4,8,7
88,4,9,10
88,4,10,15
88,4,11,9
88,4,12,10
88,4,13,18
88,4,14,29
88,4,15,39
88,4,16,22
88,4,17,28
88,4,18,36
88,4,19,16
88,4,20,24
88,4,21,20
88,4,22,15
88,4,23,21
88,5,0,17
88,5,1,14
88,5,2,7
88,5,3,3
88,5,4,4
88,5,5,1
88,5,7,2
88,5,8,2
88,5,9,2
88,5,10,8
88,5,11,10
88,5,12,18
88,5,13,23
88,5,14,22
88,5,15,27
88,5,16,28
88,5,17,20
88,5,18,18
88,5,19,18
88,5,20,16
88,5,21,18
88,5,22,23
88,5,23,20
88,6,0,21
88,6,1,17
88,6,2,15
88,6,3,4
88,6,5,1
88,6,6,1
88,6,8,1
88,6,9,5
88,6,10,10
88,6,11,8
88,6,12,16
88,6,13,18
88,6,14,14
88,6,15,20
88,6,16,26
88,6,17,18
88,6,18,14
88,6,19,7
88,6,20,8
88,6,21,14
88,6,22,6
88,6,23,10
89,0,6,4
89,0,7,2
89,0,8,1
89,0,9,6
89,0,10,5
89,0,11,5
89,0,12,3
89,0,13,4
89,0,14,2
89,0,15,1
89,0,17,1
89,0,18,1
89,1,4,1
89,1,5,1
89,1,6,2
89,1,7,2
89,1,8,1
89,1,9,1
89,1,10,1
89,1,11,4
89,1,12,3
89,1,13,4
89,1,14,1
89,1,15,1
89,1,16,1
89,1,18,1
89,1,20,1
89,2,4,3
89,2,6,5
89,2,7,5
89,2,8,6
89,2,9,6
89,2,10,5
89,2,11,2
89,2,12,2
89,2,13,3
89,2,14,2
89,2,15,3
89,2,16,1
89,2,17,1
89,2,18,3
89,2,22,1
89,3,6,2
89,3,7,3
89,3,8,8
89,3,9,3
89,3,10,3
89,3,11,3
89,3,12,2
89,3,13,3
89,3,14,1
89,3,15,2
89,3,16,1
89,3,17,1
89,3,18,2
89,4,4,2
89,4,5,1
89,4,6,1
89,4,7,4
89,4,8,6
89,4,9,3
89,4,10,6
89,4,11,4
89,4,12,1
89,4,13,1
89,4,14,2
89,4,15,2
89,4,16,1
89,4,17,2
89,4,18,1
89,4,23,1
89,5,9,2
89,5,10,1
89,5,14,1
89,5,15,1
89,6,7,1
89,6,8,1
89,6,9,1
89,6,11,1
89,6,15,1
89,6,22,1
90,0,0,51
90,0,1,28
90,0,2,22
90,0,3,20
90,0,4,18
90,0,5,20
90,0,6,18
90,0,7,41
90,0,8,80
90,0,9,87
90,0,10,83
90,0,11,83
90,0,12,91
90,0,13,98
90,0,14,109
90,0,15,103
90,0,16,88
90,0,17,108
90,0,18,139
90,0,19,93
90,0,20,121
90,0,21,105
90,0,22,75
90,0,23,54
90,1,0,31
90,1,1,9
90,1,2,6
90,1,3,4
90,1,4,5
90,1,5,7
90,1,6,13
90,1,7,50
90,1,8,89
90,1,9,109
90,1,10,112
90,1,11,107
90,1,12,105
90,1,13,76
90,1,14,108
90,1,15,107
90,1,16,133
90,1,17,134
90,1,18,164
90,1,19,137
90,1,20,144
90,1,21,154
90,1,22,105
90,1,23,48
90,2,0,23
90,2,1,19
90,2,2,12
90,2,3,11
90,2,4,6
90,2,5,9
90,2,6,15
90,2,7,42
90,2,8,94
90,2,9,117
90,2,10,109
90,2,11,86
90,2,12,110
90,2,13,135
90,2,14,144
90,2,15,134
90,2,16,112
90,2,17,150
90,2,18,181
90,2,19,169
90,2,20,152
90,2,21,170
90,2,22,146
90,2,23,100
90,3,0,34
90,3,1,30
90,3,2,4
90,3,3,6
90,3,4,9
90,3,5,4
90,3,6,27
90,3,7,48
90,3,8,91
90,3,9,123
90,3,10,107
90,3,11,122
90,3,12,102
90,3,13,114
90,3,14,114
90,3,15,127
90,3,16,143
90,3,17,200
90,3,18,193
90,3,19,219
90,3,20,193
90,3,21,185
90,3,22,173
90,3,23,126
90,4,0,77
90,4,1,38
90,4,2,39
90,4,3,14
90,4,4,13
90,4,5,5
90,4,6,19
90,4,7,54
90,4,8,85
90,4,9,110
90,4,10,100
90,4,11,108
90,4,12,91
90,4,13,121
90,4,14,139
90,4,15,126
90,4,16,135
90,4,17,185
90,4,18,184
90,4,19,191
90,4,20,156
90,4,21,179
90,4,22,161
90,4,23,163
90,5,0,156
90,5,1,159
90,5,2,80
90,5,3,44
90,5,4,30
90,5,5,13
90,5,6,11
90,5,7,17
90,5,8,36
90,5,9,84
90,5,10,117
90,5,11,121
90,5,12,157
90,5,13,168
90,5,14,175
90,5,15,184
90,5,16,176
90,5,17,184
90,5,18,223
90,5,19,220
90,5,20,181
90,5,21,170
90,5,22,176
90,5,23,190
90,6,0,155
90,6,1,122
90,6,2,90
90,6,3,56
90,6,4,29
90,6,5,15
90,6,6,12
90,6,7,10
90,6,8,46
90,6,9,59
90,6,10,78
90,6,11,134
90,6,12,132
90,6,13,135
90,6,14,149
90,6,15,137
90,6,16,121
90,6,17,119
90,6,18,142
90,6,19,99
90,6,20,89
90,6,21,91
90,6,22,66
90,6,23,57
91,0,5,2
91,0,6,4
91,0,7,3
91,0,8,1
91,0,9,2
91,0,10,1
91,0,11,1
91,0,12,3
91,0,14,1
91,0,18,1
91,0,21,2
91,1,4,4
91,1,5,1
91,1,6,4
91,1,7,2
91,1,8,1
91,1,9,1
91,1,10,1
91,1,11,1
91,1,12,5
91,1,13,3
91,1,14,2
91,1,15,2
91,1,21,1
91,2,5,1
91,2,6,7
91,2,7,4
91,2,8,2
91,2,9,1
91,2,10,1
91,2,12,2
91,2,14,1
91,2,17,1
91,3,5,3
91,3,6,4
91,3,7,5
91,3,8,3
91,3,9,2
91,3,10,2
91,3,11,1
91,3,14,1
91,3,15,5
91,3,18,1
91,4,5,2
91,4,6,4
91,4,7,6
91,4,8,2
91,4,9,2
91,4,10,4
91,4,13,1
91,4,15,1
91,4,16,1
91,4,17,1
91,4,18,2
91,4,20,1
91,5,9,2
91,5,11,3
91,5,12,2
91,5,13,1
91,5,20,1
91,5,21,1
91,6,6,1
91,6,7,1
91,6,8,2
91,6,10,1
91,6,13,1
91,6,14,1
92,0,6,1
92,0,9,1
92,0,12,3
92,0,18,1
92,1,5,2
92,1,7,2
92,1,8,1
92,1,11,3
92,1,20,1
92,2,11,2
92,2,12,1
92,2,13,1
92,3,7,2
92,3,8,1
92,3,11,1
92,3,14,2
92,3,15,2
92,3,16,2
92,3,17,2
92,4,8,1
92,4,9,1
92,4,10,1
92,4,13,2
92,4,16,1
92,5,0,1
92,5,5,1
92,5,13,2
92,5,15,2
92,5,16,2
92,6,9,1
92,6,12,1
92,6,13,1
92,6,15,2
92,6,16,1
92,6,19,1
93,0,0,3
93,0,2,1
93,0,4,1
93,0,7,1
93,0,8,1
93,0,11,2
93,0,12,1
93,0,13,1
93,0,16,1
93,0,17,1
93,0,18,1
93,0,19,2
93,0,21,2
93,0,22,2
93,0,23,1
93,1,0,1
93,1,5,1
93,1,6,1
93,1,12,1
93,1,13,1
93,1,15,1
93,1,16,1
93,1,17,1
93,1,20,1
93,1,21,2
93,1,22,1
93,1,23,1
93,2,2,1
93,2,6,2
93,2,8,1
93,2,10,1
93,2,11,1
93,2,13,1
93,2,14,1
93,2,15,2
93,2,16,5
93,2,17,1
93,2,18,1
93,2,21,3
93,2,23,2
93,3,0,1
93,3,3,1
93,3,8,2
93,3,9,1
93,3,14,2
93,3,15,4
93,3,16,1
93,3,19,3
93,3,21,1
93,3,22,4
93,4,0,1
93,4,17,1
93,4,20,2
93,4,23,2
93,5,0,2
93,5,2,2
93,5,3,1
93,5,4,1
93,5,6,2
93,5,7,1
93,5,8,2
93,5,9,2
93,5,10,2
93,5,14,2
93,5,16,2
93,5,17,4
93,5,18,1
93,5,19,1
93,5,21,3
93,5,22,3
93,5,23,3
93,6,5,2
93,6,6,4
93,6,7,3
93,6,8,1
93,6,9,2
93,6,12,2
93,6,13,2
93,6,15,4
93,6,16,3
93,6,17,1
93,6,18,4
93,6,19,1
93,6,21,3
93,6,23,2
94,0,8,1
94,1,6,1
94,1,7,2
94,1,12,1
94,1,14,1
94,2,4,1
94,2,5,1
94,2,6,1
94,2,9,1
94,2,12,1
94,2,13,1
94,2,17,1
94,3,6,1
94,3,11,1
94,3,14,2
94,3,17,1
94,4,6,1
94,4,10,1
94,4,11,2
94,4,16,1
94,4,19,1
94,5,10,1
94,5,11,2
94,5,17,1
94,6,7,1
94,6,12,1
94,6,14,1
95,0,5,1
95,0,6,3
95,0,8,1
95,0,9,2
95,0,10,3
95,0,11,1
95,0,12,2
95,0,13,2
95,0,15,1
95,0,16,3
95,0,19,1
95,0,21,1
95,1,4,1
95,1,6,1
95,1,7,2
95,1,9,2
95,1,10,1
95,1,11,2
95,1,12,4
95,1,13,2
95,1,14,2
95,1,15,2
95,1,16,1
95,1,21,1
95,1,22,1
95,2,4,1
95,2,6,3
95,2,7,2
95,2,8,4
95,2,9,2
95,2,11,3
95,2,12,3
95,2,13,5
95,2,14,1
95,2,15,1
95,2,16,2
95,2,17,1
95,2,18,1
95,2,19,1
95,2,21,1
95,2,22,1
95,3,6,3
95,3,9,3
95,3,10,1
95,3,11,3
95,3,14,1
95,3,15,1
95,3,16,1
95,3,18,1
95,3,21,2
95,3,22,1
95,4,0,1
95,4,5,1
95,4,6,1
95,4,7,3
95,4,9,1
95,4,10,2
95,4,11,1
95,4,12,3
95,4,14,2
95,4,15,1
95,4,17,2
95,4,18,2
95,4,22,1
95,5,11,1
95,5,19,1
95,5,23,2
95,6,1,1
95,6,13,2
95,6,14,1
95,6,15,1
95,6,17,1
95,6,19,1
96,0,18,1
97,0,0,1
97,0,2,1
97,0,3,1
97,0,4,1
97,0,5,1
97,0,7,2
97,0,9,5
97,0,10,1
97,0,11,3
97,0,12,1
97,0,13,3
97,0,14,3
97,0,15,2
97,0,16,1
97,0,17,2
97,0,18,1
97,0,19,1
97,0,20,1
97,0,21,3
97,0,22,1
97,0,23,3
97,1,0,2
97,1,6,3
97,1,7,3
97,1,8,1
97,1,9,6
97,1,10,2
97,1,11,1
97,1,12,3
97,1,13,3
97,1,14,2
97,1,15,3
97,1,16,4
97,1,18,1
97,1,19,3
97,1,20,3
97,1,21,6
97,1,22,6
97,1,23,2
97,2,0,2
97,2,7,4
97,2,9,1
97,2,11,4
97,2,12,2
97,2,13,2
97,2,14,1
97,2,15,1
97,2,16,4
97,2,17,3
97,2,19,3
97,2,20,3
97,2,22,3
97,2,23,7
97,3,0,2
97,3,5,1
97,3,7,2
97,3,8,1
97,3,9,5
97,3,10,3
97,3,11,3
97,3,12,3
97,3,13,1
97,3,14,6
97,3,15,2
97,3,16,3
97,3,17,2
97,3,18,5
97,3,19,2
97,3,20,2
97,3,21,1
97,3,22,4
97,3,23,1
97,4,0,2
97,4,7,3
97,4,8,1
97,4,9,4
97,4,10,2
97,4,11,2
97,4,12,4
97,4,13,1
97,4,14,3
97,4,15,4
97,4,16,2
97,4,17,3
97,4,18,3
97,4,19,5
97,4,20,2
97,4,21,5
97,4,22,3
97,4,23,5
97,5,0,3
97,5,1,3
97,5,2,1
97,5,9,2
97,5,10,1
97,5,12,2
97,5,14,2
97,5,15,2
97,5,16,4
97,5,18,2
97,5,19,2
97,5,20,2
97,5,21,1
97,5,22,2
97,5,23,2
97,6,0,5
97,6,1,2
97,6,2,2
97,6,3,1
97,6,4,2
97,6,5,1
97,6,8,2
97,6,9,1
97,6,10,1
97,6,11,2
97,6,12,2
97,6,13,5
97,6,14,3
97,6,15,4
97,6,16,2
97,6,17,3
97,6,19,1
97,6,20,3
97,6,22,1
97,6,23,6
98,0,10,1
98,0,11,1
98,0,13,1
98,0,18,1
98,1,8,1
98,1,13,1
98,1,15,1
98,3,11,1
98,3,13,1
98,3,17,1
98,4,6,1
98,4,9,1
98,4,10,1
98,4,13,1
98,5,8,1
98,5,9,1
98,5,12,1
98,6,5,1
98,6,12,1
98,6,15,1
100,0,0,31
100,0,1,18
100,0,2,12
100,0,3,8
100,0,4,15
100,0,5,58
100,0,6,127
100,0,7,96
100,0,8,111
100,0,9,99
100,0,10,109
100,0,11,81
100,0,12,92
100,0,13,105
100,0,14,114
100,0,15,121
100,0,16,126
100,0,17,131
100,0,18,167
100,0,19,95
100,0,20,116
100,0,21,92
100,0,22,96
100,0,23,50
100,1,0,48
100,1,1,22
100,1,2,5
100,1,3,6
100,1,4,6
100,1,5,61
100,1,6,131
100,1,7,121
100,1,8,111
100,1,9,99
100,1,10,112
100,1,11,123
100,1,12,106
100,1,13,130
100,1,14,123
100,1,15,124
100,1,16,144
100,1,17,174
100,1,18,163
100,1,19,169
100,1,20,124
100,1,21,136
100,1,22,122
100,1,23,63
100,2,0,39
100,2,1,18
100,2,2,14
100,2,3,16
100,2,4,11
100,2,5,73
100,2,6,141
100,2,7,134
100,2,8,104
100,2,9,119
100,2,10,90
100,2,11,125
100,2,12,116
100,2,13,124
100,2,14,145
100,2,15,134
100,2,16,164
100,2,17,174
100,2,18,194
100,2,19,178
100,2,20,158
100,2,21,144
100,2,22,118
100,2,23,84
100,3,0,47
100,3,1,16
100,3,2,8
100,3,3,5
100,3,4,11
100,3,5,57
100,3,6,163
100,3,7,128
100,3,8,117
100,3,9,130
100,3,10,98
100,3,11,105
100,3,12,129
100,3,13,118
100,3,14,129
100,3,15,133
100,3,16,152
100,3,17,194
100,3,18,233
100,3,19,191
100,3,20,158
100,3,21,154
100,3,22,152
100,3,23,99
100,4,0,68
100,4,1,31
100,4,2,23
100,4,3,14
100,4,4,13
100,4,5,61
100,4,6,107
100,4,7,91
100,4,8,81
100,4,9,102
100,4,10,79
100,4,11,97
100,4,12,94
100,4,13,104
100,4,14,120
100,4,15,139
100,4,16,128
100,4,17,159
100,4,18,149
100,4,19,132
100,4,20,116
100,4,21,116
100,4,22,156
100,4,23,101
100,5,0,78
100,5,1,58
100,5,2,35
100,5,3,29
100,5,4,20
100,5,5,20
100,5,6,46
100,5,7,32
100,5,8,41
100,5,9,85
100,5,10,105
100,5,11,101
100,5,12,127
100,5,13,145
100,5,14,140
100,5,15,141
100,5,16,160
100,5,17,182
100,5,18,145
100,5,19,118
100,5,20,97
100,5,21,118
100,5,22,126
100,5,23,136
100,6,0,103
100,6,1,70
100,6,2,39
100,6,3,42
100,6,4,24
100,6,5,21
100,6,6,23
100,6,7,34
100,6,8,47
100,6,9,61
100,6,10,90
100,6,11,93
100,6,12,99
100,6,13,111
100,6,14,105
100,6,15,111
100,6,16,107
100,6,17,95
100,6,18,110
100,6,19,98
100,6,20,85
100,6,21,68
100,6,22,64
100,6,23,37
101,1,6,1
101,1,14,1
101,2,7,1
101,2,18,1
101,3,8,2
101,3,13,1
101,3,14,1
101,4,8,1
101,5,7,1
101,5,8,2
101,5,19,1
101,6,4,1
102,0,13,1
102,1,6,1
102,1,7,1
102,2,5,1
102,2,7,2
102,2,9,1
102,2,13,1
102,3,5,1
102,3,13,1
102,3,17,1
102,4,6,2
102,4,7,1
102,5,6,1
102,5,10,1
105,1,15,1
106,0,10,1
106,0,17,1
106,1,7,1
106,1,11,1
106,1,14,1
106,1,17,1
106,2,0,1
106,2,5,1
106,2,10,1
106,2,14,1
106,2,15,1
106,2,18,1
106,3,11,1
106,3,12,1
106,3,14,1
106,3,16,1
106,3,20,1
106,3,23,1
106,4,5,1
106,4,14,1
106,4,16,1
106,5,11,3
106,5,14,1
106,5,20,1
106,5,21,1
106,5,22,1
106,6,0,1
106,6,4,1
106,6,10,1
106,6,13,1
106,6,17,1
106,6,19,1
107,0,0,43
107,0,1,26
107,0,2,53
107,0,3,31
107,0,4,18
107,0,5,12
107,0,6,53
107,0,7,87
107,0,8,132
107,0,9,102
107,0,10,138
107,0,11,102
107,0,12,121
107,0,13,110
107,0,14,125
107,0,15,130
107,0,16,121
107,0,17,123
107,0,18,173
107,0,19,139
107,0,20,126
107,0,21,120
107,0,22,86
107,0,23,50
107,1,0,25
107,1,1,10
107,1,2,4
107,1,3,4
107,1,4,3
107,1,5,14
107,1,6,46
107,1,7,113
107,1,8,168
107,1,9,167
107,1,10,136
107,1,11,124
107,1,12,124
107,1,13,142
107,1,14,151
107,1,15,133
107,1,16,128
107,1,17,154
107,1,18,166
107,1,19,171
107,1,20,165
107,1,21,165
107,1,22,118
107,1,23,74
107,2,0,38
107,2,1,16
107,2,2,5
107,2,3,9
107,2,4,4
107,2,5,14
107,2,6,57
107,2,7,131
107,2,8,176
107,2,9,196
107,2,10,150
107,2,11,130
107,2,12,154
107,2,13,155
107,2,14,183
107,2,15,179
107,2,16,179
107,2,17,164
107,2,18,234
107,2,19,199
107,2,20,211
107,2,21,203
107,2,22,178
107,2,23,101
107,3,0,54
107,3,1,13
107,3,2,15
107,3,3,6
107,3,4,13
107,3,5,10
107,3,6,52
107,3,7,125
107,3,8,171
107,3,9,202
107,3,10,150
107,3,11,140
107,3,12,136
107,3,13,164
107,3,14,155
107,3,15,152
107,3,16,173
107,3,17,180
107,3,18,212
107,3,19,231
107,3,20,212
107,3,21,186
107,3,22,243
107,3,23,162
107,4,0,76
107,4,1,45
107,4,2,28
107,4,3,6
107,4,4,14
107,4,5,12
107,4,6,47
107,4,7,95
107,4,8,148
107,4,9,143
107,4,10,133
107,4,11,135
107,4,12,116
107,4,13,126
107,4,14,178
107,4,15,142
107,4,16,147
107,4,17,189
107,4,18,223
107,4,19,236
107,4,20,209
107,4,21,192
107,4,22,225
107,4,23,196
107,5,0,197
107,5,1,167
107,5,2,113
107,5,3,74
107,5,4,27
107,5,5,23
107,5,6,25
107,5,7,50
107,5,8,64
107,5,9,102
107,5,10,132
107,5,11,180
107,5,12,197
107,5,13,178
107,5,14,162
107,5,15,169
107,5,16,178
107,5,17,189
107,5,18,215
107,5,19,211
107,5,20,189
107,5,21,200
107,5,22,225
107,5,23,241
107,6,0,197
107,6,1,197
107,6,2,133
107,6,3,75
107,6,4,38
107,6,5,22
107,6,6,22
107,6,7,32
107,6,8,45
107,6,9,86
107,6,10,106
107,6,11,146
107,6,12,125
107,6,13,171
107,6,14,158
107,6,15,136
107,6,16,122
107,6,17,131
107,6,18,156
107,6,19,114
107,6,20,105
107,6,21,97
107,6,22,91
107,6,23,85
108,0,7,1
108,0,8,1
108,0,13,1
108,0,17,1
108,1,6,2
108,1,7,1
108,1,8,1
108,1,9,1
108,1,11,3
108,1,15,2
108,1,18,1
108,2,7,2
108,2,8,2
108,2,10,1
108,2,13,1
108,2,17,1
108,3,5,1
108,3,6,1
108,3,7,1
108,3,8,1
108,3,9,2
108,3,10,1
108,3,13,1
108,3,15,1
108,4,6,1
108,4,7,1
108,4,8,1
108,4,9,1
108,4,11,1
108,4,12,2
108,4,15,1
108,5,14,1
108,5,19,1
108,6,4,1
108,6,8,2
111,6,10,1
112,0,0,1
112,0,1,1
112,0,2,3
112,0,5,1
112,0,9,1
112,0,11,1
112,0,13,1
112,0,20,1
112,0,23,1
112,1,8,1
112,1,11,1
112,1,12,1
112,1,14,2
112,1,16,1
112,1,23,1
112,2,0,3
112,2,1,1
112,2,12,1
112,2,13,1
112,2,19,1
112,2,21,1
112,2,22,2
112,2,23,1
112,3,2,1
112,3,9,1
112,3,10,2
112,3,11,1
112,3,12,1
112,3,14,1
112,3,16,1
112,3,21,2
112,3,22,4
112,3,23,1
112,4,0,1
112,4,2,1
112,4,6,2
112,4,8,1
112,4,11,2
112,4,13,1
112,4,14,2
112,4,15,1
112,4,18,1
112,4,20,2
112,4,21,1
112,4,23,1
112,5,0,6
112,5,1,3
112,5,2,4
112,5,4,2
112,5,12,1
112,5,13,1
112,5,14,1
112,5,16,3
112,5,17,1
112,5,20,1
112,5,23,3
112,6,0,1
112,6,1,1
112,6,2,1
112,6,7,1
112,6,8,1
112,6,11,1
112,6,13,1
112,6,15,1
112,6,16,1
112,6,17,1
112,6,19,1
112,6,21,1
112,6,23,1
113,0,0,23
113,0,1,9
113,0,2,13
113,0,3,16
113,0,4,1
113,0,5,4
113,0,6,11
113,0,7,42
113,0,8,67
113,0,9,79
113,0,10,68
113,0,11,78
113,0,12,79
113,0,13,71
113,0,14,105
113,0,15,119
113,0,16,101
113,0,17,124
113,0,18,102
113,0,19,94
113,0,20,118
113,0,21,108
113,0,22,77
113,0,23,25
113,1,0,15
113,1,1,6
113,1,2,1
113,1,6,10
113,1,7,51
113,1,8,79
113,1,9,87
113,1,10,93
113,1,11,79
113,1,12,95
113,1,13,99
113,1,14,98
113,1,15,115
113,1,16,107
113,1,17,124
113,1,18,144
113,1,19,109
113,1,20,141
113,1,21,143
113,1,22,110
113,1,23,55
113,2,0,20
113,2,1,12
113,2,2,2
113,2,3,2
113,2,4,1
113,2,5,4
113,2,6,10
113,2,7,53
113,2,8,100
113,2,9,80
113,2,10,93
113,2,11,105
113,2,12,88
113,2,13,105
113,2,14,121
113,2,15,88
113,2,16,127
113,2,17,114
113,2,18,142
113,2,19,149
113,2,20,183
113,2,21,159
113,2,22,131
113,2,23,74
113,3,0,34
113,3,1,19
113,3,2,6
113,3,3,4
113,3,4,2
113,3,5,3
113,3,6,15
113,3,7,50
113,3,8,84
113,3,9,110
113,3,10,73
113,3,11,111
113,3,12,112
113,3,13,117
113,3,14,116
113,3,15,133
113,3,16,122
113,3,17,129
113,3,18,164
113,3,19,153
113,3,20,151
113,3,21,170
113,3,22,157
113,3,23,101
113,4,0,69
113,4,1,36
113,4,2,13
113,4,3,8
113,4,5,2
113,4,6,11
113,4,7,31
113,4,8,68
113,4,9,92
113,4,10,88
113,4,11,102
113,4,12,87
113,4,13,105
113,4,14,115
113,4,15,139
113,4,16,115
113,4,17,146
113,4,18,130
113,4,19,139
113,4,20,149
113,4,21,135
113,4,22,194
113,4,23,171
113,5,0,172
113,5,1,139
113,5,2,110
113,5,3,53
113,5,4,18
113,5,5,5
113,5,6,9
113,5,7,7
113,5,8,26
113,5,9,54
113,5,10,79
113,5,11,120
113,5,12,125
113,5,13,160
113,5,14,149
113,5,15,162
113,5,16,157
113,5,17,160
113,5,18,173
113,5,19,172
113,5,20,183
113,5,21,175
113,5,22,186
113,5,23,176
113,6,0,151
113,6,1,170
113,6,2,110
113,6,3,72
113,6,4,11
113,6,6,4
113,6,7,9
113,6,8,18
113,6,9,44
113,6,10,57
113,6,11,92
113,6,12,106
113,6,13,128
113,6,14,117
113,6,15,121
113,6,16,120
113,6,17,141
113,6,18,116
113,6,19,89
113,6,20,94
113,6,21,89
113,6,22,73
113,6,23,39
114,0,0,89
114,0,1,41
114,0,2,40
114,0,3,26
114,0,4,8
114,0,5,2
114,0,6,9
114,0,7,17
114,0,8,21
114,0,9,21
114,0,10,28
114,0,11,29
114,0,12,42
114,0,13,44
114,0,14,49
114,0,15,49
114,0,16,50
114,0,17,50
114,0,18,62
114,0,19,69
114,0,20,104
114,0,21,100
114,0,22,83
114,0,23,73
114,1,0,53
114,1,1,28
114,1,2,12
114,1,3,6
114,1,6,3
114,1,7,15
114,1,8,25
114,1,9,35
114,1,10,43
114,1,11,42
114,1,12,42
114,1,13,40
114,1,14,51
114,1,15,53
114,1,16,63
114,1,17,66
114,1,18,79
114,1,19,84
114,1,20,95
114,1,21,160
114,1,22,119
114,1,23,110
114,2,0,61
114,2,1,31
114,2,2,20
114,2,3,5
114,2,4,2
114,2,5,4
114,2,6,5
114,2,7,20
114,2,8,23
114,2,9,42
114,2,10,31
114,2,11,40
114,2,12,44
114,2,13,59
114,2,14,49
114,2,15,60
114,2,16,69
114,2,17,75
114,2,18,102
114,2,19,106
114,2,20,133
114,2,21,158
114,2,22,159
114,2,23,117
114,3,0,106
114,3,1,37
114,3,2,21
114,3,3,5
114,3,4,9
114,3,5,2
114,3,6,7
114,3,7,19
114,3,8,40
114,3,9,36
114,3,10,35
114,3,11,44
114,3,12,38
114,3,13,70
114,3,14,63
114,3,15,66
114,3,16,76
114,3,17,90
114,3,18,120
114,3,19,99
114,3,20,159
114,3,21,168
114,3,22,195
114,3,23,227
114,4,0,166
114,4,1,125
114,4,2,68
114,4,3,16
114,4,4,9
114,4,6,7
114,4,7,8
114,4,8,13
114,4,9,31
114,4,10,28
114,4,11,50
114,4,12,55
114,4,13,59
114,4,14,72
114,4,15,66
114,4,16,69
114,4,17,92
114,4,18,106
114,4,19,130
114,4,20,137
114,4,21,199
114,4,22,247
114,4,23,348
114,5,0,425
114,5,1,514
114,5,2,386
114,5,3,204
114,5,4,35
114,5,5,4
114,5,6,6
114,5,7,5
114,5,8,14
114,5,9,21
114,5,10,35
114,5,11,43
114,5,12,75
114,5,13,83
114,5,14,83
114,5,15,123
114,5,16,137
114,5,17,129
114,5,18,179
114,5,19,198
114,5,20,200
114,5,21,253
114,5,22,283
114,5,23,341
114,6,0,428
114,6,1,464
114,6,2,361
114,6,3,206
114,6,4,48
114,6,5,1
114,6,6,5
114,6,7,7
114,6,8,6
114,6,9,15
114,6,10,17
114,6,11,36
114,6,12,53
114,6,13,61
114,6,14,91
114,6,15,77
114,6,16,110
114,6,17,102
114,6,18,99
114,6,19,80
114,6,20,95
114,6,21,107
114,6,22,90
114,6,23,90
115,4,9,1
116,0,1,5
116,0,2,1
116,0,3,3
116,0,4,1
116,0,5,2
116,0,6,3
116,0,7,9
116,0,8,9
116,0,9,6
116,0,10,4
116,0,11,5
116,0,12,3
116,0,13,2
116,0,14,1
116,0,15,1
116,0,16,2
116,0,17,3
116,0,18,2
116,0,19,2
116,0,21,1
116,0,22,2
116,1,5,3
116,1,6,2
116,1,7,13
116,1,8,9
116,1,9,3
116,1,10,3
116,1,11,9
116,1,12,4
116,1,13,3
116,1,14,7
116,1,15,2
116,1,16,3
116,1,17,4
116,1,18,3
116,1,19,2
116,1,21,2
116,1,22,3
116,1,23,2
116,2,1,1
116,2,2,2
116,2,5,1
116,2,6,4
116,2,7,10
116,2,8,10
116,2,9,9
116,2,10,5
116,2,11,8
116,2,12,6
116,2,13,2
116,2,14,5
116,2,15,4
116,2,16,4
116,2,17,5
116,2,18,1
116,2,19,1
116,2,20,3
116,2,21,1
116,2,22,2
116,2,23,1
116,3,4,1
116,3,5,1
116,3,6,3
116,3,7,12
116,3,8,12
116,3,9,4
116,3,10,5
116,3,11,3
116,3,12,6
116,3,13,7
116,3,14,3
116,3,15,6
116,3,16,5
116,3,17,7
116,3,18,8
116,3,19,1
116,3,20,1
116,3,21,2
116,3,22,4
116,3,23,2
116,4,0,2
116,4,5,4
116,4,6,5
116,4,7,15
116,4,8,12
116,4,9,7
116,4,10,7
116,4,11,2
116,4,12,5
116,4,13,5
116,4,14,2
116,4,15,10
116,4,16,5
116,4,17,5
116,4,18,6
116,4,19,3
116,4,20,3
116,4,23,1
116,5,0,1
116,5,2,2
116,5,4,1
116,5,6,2
116,5,7,3
116,5,8,6
116,5,9,5
116,5,10,6
116,5,11,8
116,5,12,4
116,5,13,6
116,5,14,5
116,5,15,4
116,5,16,6
116,5,17,4
116,5,18,4
116,5,19,2
116,5,20,1
116,5,23,5
116,6,0,8
116,6,1,1
116,6,2,1
116,6,3,2
116,6,4,3
116,6,5,4
116,6,6,3
116,6,7,2
116,6,8,4
116,6,9,5
116,6,10,4
116,6,11,3
116,6,12,6
116,6,13,6
116,6,14,5
116,6,15,2
116,6,16,5
116,6,17,3
116,6,18,4
116,6,19,4
116,6,20,1
116,6,22,3
116,6,23,3
117,0,4,1
117,0,5,1
117,0,6,1
117,0,7,3
117,0,8,3
117,0,9,1
117,0,11,2
117,0,13,1
117,0,14,1
117,0,16,1
117,1,6,3
117,1,7,1
117,1,8,1
117,1,9,2
117,1,10,1
117,1,11,1
117,2,5,2
117,2,6,2
117,2,7,6
117,2,13,1
117,2,16,1
117,3,6,1
117,3,7,1
117,3,8,2
117,3,10,1
117,3,11,1
117,3,13,1
117,4,4,2
117,4,6,1
117,4,7,5
117,4,8,1
117,4,9,1
117,4,10,2
117,4,12,2
117,4,13,2
117,5,5,1
117,5,8,2
117,5,9,2
117,5,11,1
117,5,13,1
117,5,14,1
117,6,6,1
117,6,11,1
117,6,12,3
117,6,15,1
118,0,4,1
119,0,7,2
119,0,9,4
119,0,12,3
119,0,19,1
119,1,5,1
119,1,7,2
119,1,8,1
119,1,9,1
119,1,10,1
119,1,12,1
119,1,13,2
119,1,17,1
119,2,4,2
119,2,5,1
119,2,6,1
119,2,8,1
119,2,9,1
119,2,11,2
119,2,12,1
119,3,0,1
119,3,9,2
119,3,10,1
119,3,12,2
119,3,18,1
119,4,9,3
119,4,11,3
119,4,15,1
119,4,23,1
119,5,8,1
119,5,10,1
119,5,12,2
119,5,23,1
119,6,10,1
119,6,11,2
119,6,12,1
119,6,13,1
119,6,15,1
120,1,16,1
120,2,14,1
120,3,12,1
120,5,11,1
121,0,6,1
121,0,7,4
121,0,10,1
121,0,13,1
121,0,16,1
121,0,19,1
121,1,7,1
121,1,11,1
121,1,12,1
121,1,13,2
121,1,14,1
121,1,15,1
121,1,16,1
121,1,17,2
121,2,7,3
121,2,8,1
121,2,10,1
121,2,11,4
121,2,12,5
121,2,14,2
121,2,15,1
121,2,18,1
121,3,4,1
121,3,5,2
121,3,8,1
121,3,11,2
121,3,12,1
121,3,15,1
121,3,17,1
121,4,4,1
121,4,7,1
121,4,8,2
121,4,9,1
121,4,10,1
121,4,11,1
121,4,12,2
121,4,13,1
121,4,14,2
121,4,17,2
121,5,9,1
121,5,10,1
121,5,13,1
121,5,15,1
121,5,19,1
121,5,20,1
121,6,16,1
121,6,17,1
122,0,6,1
122,0,10,1
122,0,14,1
122,2,8,1
122,2,9,1
122,2,12,1
122,2,14,1
122,3,6,3
122,3,13,1
122,3,15,1
122,4,0,1
122,4,5,1
122,4,6,1
122,4,12,1
122,5,6,1
122,5,19,1
122,6,7,1
122,6,13,1
122,6,15,1
123,0,8,1
123,0,11,1
123,0,12,1
123,0,18,1
123,0,20,1
123,1,5,1
123,1,8,2
123,1,11,2
123,1,12,2
123,1,14,1
123,1,15,1
123,1,18,1
123,1,23,1
123,2,5,2
123,2,8,2
123,2,11,1
123,2,12,1
123,2,15,2
123,2,16,1
123,2,20,1
123,3,6,1
123,3,7,1
123,3,8,2
123,3,9,1
123,3,11,1
123,3,12,1
123,3,14,1
123,3,15,1
123,3,19,1
123,3,20,1
123,4,4,1
123,4,8,1
123,4,9,1
123,4,10,3
123,4,12,1
123,4,13,1
123,4,15,1
123,5,13,1
124,0,5,2
124,0,6,1
124,0,12,1
124,1,6,2
124,1,8,1
124,1,10,1
124,1,12,1
124,1,17,1
124,1,23,1
124,2,9,1
124,3,7,2
124,3,14,1
124,3,16,1
124,3,19,1
124,3,20,1
124,4,1,1
124,4,10,1
124,4,12,1
124,4,15,1
124,4,16,2
124,4,17,1
124,5,7,1
124,5,13,1
124,5,14,1
124,5,15,1
124,5,18,1
124,6,9,1
124,6,18,1
124,6,21,1
124,6,22,1
125,0,0,11
125,0,1,7
125,0,2,15
125,0,3,14
125,0,4,8
125,0,5,3
125,0,6,5
125,0,7,20
125,0,8,24
125,0,9,24
125,0,10,18
125,0,11,23
125,0,12,30
125,0,13,30
125,0,14,34
125,0,15,39
125,0,16,33
125,0,17,35
125,0,18,34
125,0,19,29
125,0,20,30
125,0,21,34
125,0,22,26
125,0,23,8
125,1,0,4
125,1,1,2
125,1,2,2
125,1,4,1
125,1,5,2
125,1,6,4
125,1,7,22
125,1,8,35
125,1,9,26
125,1,10,33
125,1,11,28
125,1,12,41
125,1,13,37
125,1,14,31
125,1,15,39
125,1,16,34
125,1,17,50
125,1,18,38
125,1,19,48
125,1,20,36
125,1,21,37
125,1,22,39
125,1,23,19
125,2,0,9
125,2,1,3
125,2,2,1
125,2,4,1
125,2,6,2
125,2,7,23
125,2,8,31
125,2,9,36
125,2,10,29
125,2,11,33
125,2,12,26
125,2,13,27
125,2,14,45
125,2,15,36
125,2,16,42
125,2,17,38
125,2,18,59
125,2,19,37
125,2,20,50
125,2,21,40
125,2,22,60
125,2,23,23
125,3,0,14
125,3,1,15
125,3,2,17
125,3,3,7
125,3,4,8
125,3,6,4
125,3,7,23
125,3,8,23
125,3,9,37
125,3,10,39
125,3,11,29
125,3,12,29
125,3,13,36
125,3,14,38
125,3,15,40
125,3,16,38
125,3,17,49
125,3,18,68
125,3,19,66
125,3,20,61
125,3,21,57
125,3,22,69
125,3,23,40
125,4,0,22
125,4,1,20
125,4,2,20
125,4,3,14
125,4,4,8
125,4,6,7
125,4,7,20
125,4,8,33
125,4,9,32
125,4,10,23
125,4,11,26
125,4,12,29
125,4,13,27
125,4,14,33
125,4,15,33
125,4,16,31
125,4,17,41
125,4,18,39
125,4,19,38
125,4,20,46
125,4,21,44
125,4,22,60
125,4,23,37
125,5,0,51
125,5,1,52
125,5,2,37
125,5,3,38
125,5,4,21
125,5,5,5
125,5,6,6
125,5,7,4
125,5,8,15
125,5,9,22
125,5,10,25
125,5,11,30
125,5,12,32
125,5,13,40
125,5,14,41
125,5,15,55
125,5,16,54
125,5,17,52
125,5,18,54
125,5,19,42
125,5,20,53
125,5,21,49
125,5,22,62
125,5,23,46
125,6,0,52
125,6,1,48
125,6,2,34
125,6,3,39
125,6,4,22
125,6,5,2
125,6,6,1
125,6,7,4
125,6,8,9
125,6,9,12
125,6,10,19
125,6,11,33
125,6,12,40
125,6,13,49
125,6,14,43
125,6,15,35
125,6,16,37
125,6,17,37
125,6,18,34
125,6,19,22
125,6,20,20
125,6,21,26
125,6,22,19
125,6,23,13
126,0,11,1
126,0,12,1
126,1,6,1
126,1,9,1
126,1,11,1
126,2,5,1
126,2,7,1
126,2,9,1
126,2,11,1
126,2,12,2
126,2,14,2
126,2,15,2
126,3,9,1
126,3,13,1
126,4,6,1
126,4,7,1
126,4,11,1
126,5,15,2
126,6,9,2
126,6,11,1
126,6,13,1
127,0,8,2
127,0,9,1
127,0,10,1
127,0,14,2
127,0,15,1
127,1,7,2
127,1,9,2
127,1,10,2
127,1,12,1
127,1,14,2
127,1,15,1
127,1,16,1
127,1,19,1
127,2,5,1
127,2,11,2
127,2,12,1
127,2,14,1
127,2,15,1
127,2,22,1
127,2,23,2
127,3,8,1
127,3,10,1
127,3,11,1
127,3,13,1
127,3,15,1
127,3,20,1
127,4,9,1
127,4,10,1
127,4,12,1
127,4,14,2
127,4,16,1
127,4,17,1
127,5,0,1
127,5,1,1
127,5,12,1
127,5,18,1
127,6,4,1
127,6,7,1
127,6,8,1
127,6,12,1
127,6,13,1
127,6,14,1
127,6,15,1
128,1,8,1
128,1,14,1
128,2,12,1
128,4,17,1
129,0,3,1
129,0,7,1
129,0,8,2
129,0,9,1
129,0,10,1
129,0,11,5
129,0,12,1
129,0,13,3
129,0,14,2
129,0,22,1
129,0,23,2
129,1,0,1
129,1,4,1
129,1,7,1
129,1,8,1
129,1,9,1
129,1,10,3
129,1,11,2
129,1,15,4
129,1,18,1
129,1,19,1
129,1,21,1
129,2,3,2
129,2,7,1
129,2,8,2
129,2,10,3
129,2,11,2
129,2,12,1
129,2,13,2
129,2,14,4
129,2,15,2
129,2,16,1
129,2,17,2
129,2,18,2
129,2,19,2
129,2,21,2
129,2,23,3
129,3,0,2
129,3,4,1
129,3,5,2
129,3,7,3
129,3,8,3
129,3,9,2
129,3,10,3
129,3,11,5
129,3,12,2
129,3,13,1
129,3,14,3
129,3,16,1
129,3,17,2
129,3,18,1
129,3,22,1
129,3,23,1
129,4,2,1
129,4,5,1
129,4,7,2
129,4,8,3
129,4,9,2
129,4,10,2
129,4,11,4
129,4,12,1
129,4,13,3
129,4,14,3
129,4,15,4
129,4,18,1
129,4,21,2
129,4,22,1
129,4,23,3
129,5,0,2
129,5,2,1
129,5,3,3
129,5,5,1
129,5,6,1
129,5,8,1
129,5,9,2
129,5,10,2
129,5,11,1
129,5,12,3
129,5,14,1
129,5,15,1
129,5,17,2
129,5,22,1
129,5,23,1
129,6,1,1
129,6,2,3
129,6,4,3
129,6,5,2
129,6,9,2
129,6,10,2
129,6,12,1
129,6,15,1
129,6,16,2
129,6,18,1
129,6,21,1
129,6,22,2
129,6,23,1
130,0,0,1
130,0,5,1
130,0,6,4
130,0,9,1
130,0,10,2
130,0,11,1
130,0,12,3
130,0,13,1
130,0,14,2
130,0,15,1
130,0,16,3
130,0,17,1
130,0,18,2
130,0,19,2
130,0,20,1
130,0,21,4
130,0,22,1
130,1,0,2
130,1,1,2
130,1,8,1
130,1,9,1
130,1,11,1
130,1,12,2
130,1,13,1
130,1,15,1
130,1,16,2
130,1,17,1
130,1,18,1
130,1,20,1
130,1,21,1
130,1,22,2
130,1,23,2
130,2,0,2
130,2,1,1
130,2,3,1
130,2,5,2
130,2,6,3
130,2,7,2
130,2,8,2
130,2,10,1
130,2,11,2
130,2,12,2
130,2,13,2
130,2,16,5
130,2,17,2
130,2,18,1
130,2,19,2
130,2,20,1
130,2,21,1
130,2,22,1
130,3,0,2
130,3,1,2
130,3,4,2
130,3,5,1
130,3,6,2
130,3,7,2
130,3,8,1
130,3,9,2
130,3,10,2
130,3,12,1
130,3,14,1
130,3,15,1
130,3,16,5
130,3,17,1
130,3,19,1
130,3,21,2
130,3,23,1
130,4,0,1
130,4,4,1
130,4,5,1
130,4,6,1
130,4,7,1
130,4,8,1
130,4,9,2
130,4,11,1
130,4,12,2
130,4,13,4
130,4,14,5
130,4,15,3
130,4,16,1
130,4,18,3
130,4,19,1
130,5,7,2
130,5,8,3
130,5,9,3
130,5,10,2
130,5,11,2
130,5,12,1
130,5,13,1
130,5,14,1
130,5,15,5
130,5,17,3
130,5,19,1
130,5,20,1
130,5,21,1
130,5,22,1
130,5,23,2
130,6,0,2
130,6,1,2
130,6,3,1
130,6,5,1
130,6,6,2
130,6,8,6
130,6,9,3
130,6,10,1
130,6,11,6
130,6,12,3
130,6,13,2
130,6,14,2
130,6,16,2
130,6,17,1
130,6,18,1
130,6,19,1
130,6,21,3
130,6,23,1
131,0,6,1
131,0,8,1
131,0,12,2
131,0,13,2
131,0,14,1
131,0,15,1
131,1,6,2
131,1,7,2
131,1,9,1
131,1,12,3
131,1,13,2
131,2,6,2
131,2,7,2
131,2,10,2
131,2,11,2
131,2,15,1
131,3,9,1
131,3,13,2
131,3,14,2
131,3,15,1
131,4,5,1
131,4,6,1
131,4,7,1
131,4,8,1
131,4,9,2
131,4,10,1
131,4,11,1
131,4,13,2
131,4,14,1
131,4,15,1
131,5,2,1
131,5,8,1
131,5,11,1
131,5,19,1
131,6,7,2
131,6,9,1
131,6,14,1
132,0,0,293
132,0,1,167
132,0,2,65
132,0,3,34
132,0,4,40
132,0,5,96
132,0,6,284
132,0,7,317
132,0,8,190
132,0,9,205
132,0,10,211
132,0,11,186
132,0,12,245
132,0,13,335
132,0,14,467
132,0,15,509
132,0,16,587
132,0,17,467
132,0,18,476
132,0,19,515
132,0,20,478
132,0,21,527
132,0,22,500
132,0,23,511
132,1,0,352
132,1,1,129
132,1,2,56
132,1,3,24
132,1,4,34
132,1,5,105
132,1,6,247
132,1,7,279
132,1,8,195
132,1,9,182
132,1,10,193
132,1,11,169
132,1,12,201
132,1,13,341
132,1,14,370
132,1,15,414
132,1,16,485
132,1,17,460
132,1,18,363
132,1,19,380
132,1,20,398
132,1,21,420
132,1,22,409
132,1,23,357
132,2,0,290
132,2,1,77
132,2,2,48
132,2,3,34
132,2,4,29
132,2,5,114
132,2,6,207
132,2,7,210
132,2,8,144
132,2,9,136
132,2,10,171
132,2,11,164
132,2,12,188
132,2,13,313
132,2,14,359
132,2,15,412
132,2,16,492
132,2,17,466
132,2,18,385
132,2,19,408
132,2,20,392
132,2,21,406
132,2,22,433
132,2,23,377
132,3,0,283
132,3,1,68
132,3,2,20
132,3,3,19
132,3,4,19
132,3,5,100
132,3,6,185
132,3,7,222
132,3,8,167
132,3,9,152
132,3,10,214
132,3,11,150
132,3,12,238
132,3,13,280
132,3,14,353
132,3,15,456
132,3,16,492
132,3,17,439
132,3,18,388
132,3,19,419
132,3,20,455
132,3,21,428
132,3,22,470
132,3,23,386
132,4,0,274
132,4,1,112
132,4,2,26
132,4,3,22
132,4,4,15
132,4,5,73
132,4,6,220
132,4,7,253
132,4,8,197
132,4,9,164
132,4,10,178
132,4,11,157
132,4,12,205
132,4,13,289
132,4,14,345
132,4,15,445
132,4,16,500
132,4,17,438
132,4,18,412
132,4,19,383
132,4,20,400
132,4,21,397
132,4,22,416
132,4,23,383
132,5,0,240
132,5,1,82
132,5,2,20
132,5,3,25
132,5,4,22
132,5,5,64
132,5,6,148
132,5,7,204
132,5,8,169
132,5,9,157
132,5,10,152
132,5,11,149
132,5,12,162
132,5,13,243
132,5,14,363
132,5,15,402
132,5,16,425
132,5,17,375
132,5,18,367
132,5,19,475
132,5,20,379
132,5,21,381
132,5,22,449
132,5,23,414
132,6,0,244
132,6,1,126
132,6,2,32
132,6,3,27
132,6,4,27
132,6,5,87
132,6,6,181
132,6,7,187
132,6,8,166
132,6,9,191
132,6,10,231
132,6,11,181
132,6,12,262
132,6,13,351
132,6,14,410
132,6,15,508
132,6,16,580
132,6,17,486
132,6,18,463
132,6,19,586
132,6,20,499
132,6,21,554
132,6,22,615
132,6,23,582
133,0,8,1
133,0,10,1
133,0,11,2
133,1,6,1
133,1,7,1
133,1,10,1
133,1,11,1
133,1,12,1
133,1,14,1
133,1,21,1
133,2,8,1
133,2,12,2
133,2,14,1
133,2,21,1
133,3,10,1
133,3,13,1
133,4,6,1
133,4,7,1
133,4,9,1
133,4,13,1
133,5,11,1
133,5,17,1
133,5,18,1
133,6,4,1
133,6,6,1
133,6,7,1
134,0,4,2
134,0,6,1
134,0,7,2
134,0,9,2
134,0,10,1
134,0,11,1
134,0,13,5
134,0,14,1
134,0,19,1
134,0,21,1
134,1,6,2
134,1,11,1
134,1,12,2
134,1,14,1
134,1,15,1
134,1,16,1
134,1,20,1
134,2,7,1
134,2,8,1
134,2,10,1
134,2,11,2
134,2,12,3
134,2,15,1
134,2,16,1
134,2,17,1
134,2,18,1
134,2,19,1
134,3,3,1
134,3,4,1
134,3,7,2
134,3,9,1
134,3,11,3
134,3,12,2
134,3,15,1
134,3,16,1
134,3,18,1
134,3,22,2
134,4,6,1
134,4,8,1
134,4,9,2
134,4,11,1
134,4,14,1
134,4,15,1
134,4,16,1
134,4,17,1
134,4,23,1
134,5,1,1
134,5,5,1
134,5,6,1
134,5,7,1
134,5,9,1
134,5,12,1
134,5,16,2
134,5,17,2
134,6,0,1
134,6,6,1
134,6,7,1
134,6,11,1
134,6,13,1
134,6,14,2
134,6,17,1
134,6,18,1
134,6,20,1
134,6,21,2
134,6,23,1
135,0,6,1
135,0,7,1
135,0,8,2
135,0,9,1
135,0,10,1
135,0,11,1
135,0,14,2
135,0,18,1
135,1,11,1
135,1,13,1
135,1,16,1
135,2,5,1
135,2,8,2
135,2,10,2
135,2,11,1
135,2,12,1
135,2,13,3
135,2,14,1
135,2,23,1
135,3,5,2
135,3,8,1
135,3,10,2
135,3,11,1
135,3,14,1
135,3,22,1
135,4,12,1
135,5,8,1
135,5,9,1
135,6,5,1
135,6,8,1
135,6,15,1
135,6,16,1
135,6,22,1
136,0,6,1
136,0,7,1
136,0,8,1
136,0,9,1
136,0,10,1
136,0,11,2
136,1,11,1
136,2,9,1
136,2,11,1
136,2,13,1
136,2,15,1
136,3,7,1
136,3,9,1
136,3,11,1
136,3,12,2
136,3,15,1
136,3,16,1
136,3,17,1
136,3,18,1
136,4,11,1
136,4,15,1
136,5,11,1
136,5,15,1
136,6,7,1
136,6,8,2
137,0,0,26
137,0,1,22
137,0,2,11
137,0,3,11
137,0,4,7
137,0,5,5
137,0,6,18
137,0,7,43
137,0,8,64
137,0,9,54
137,0,10,73
137,0,11,91
137,0,12,74
137,0,13,96
137,0,14,89
137,0,15,88
137,0,16,90
137,0,17,91
137,0,18,92
137,0,19,73
137,0,20,51
137,0,21,40
137,0,22,48
137,0,23,27
137,1,0,17
137,1,1,7
137,1,2,3
137,1,3,5
137,1,4,5
137,1,5,4
137,1,6,24
137,1,7,64
137,1,8,67
137,1,9,78
137,1,10,86
137,1,11,81
137,1,12,90
137,1,13,81
137,1,14,99
137,1,15,132
137,1,16,110
137,1,17,126
137,1,18,140
137,1,19,90
137,1,20,72
137,1,21,64
137,1,22,56
137,1,23,28
137,2,0,18
137,2,1,10
137,2,2,9
137,2,3,2
137,2,4,4
137,2,5,8
137,2,6,25
137,2,7,57
137,2,8,103
137,2,9,105
137,2,10,108
137,2,11,92
137,2,12,105
137,2,13,107
137,2,14,112
137,2,15,131
137,2,16,140
137,2,17,130
137,2,18,138
137,2,19,115
137,2,20,84
137,2,21,51
137,2,22,66
137,2,23,45
137,3,0,26
137,3,1,10
137,3,2,11
137,3,3,5
137,3,4,11
137,3,5,7
137,3,6,31
137,3,7,48
137,3,8,82
137,3,9,79
137,3,10,95
137,3,11,75
137,3,12,83
137,3,13,115
137,3,14,93
137,3,15,85
137,3,16,112
137,3,17,137
137,3,18,126
137,3,19,142
137,3,20,100
137,3,21,86
137,3,22,76
137,3,23,66
137,4,0,46
137,4,1,21
137,4,2,14
137,4,3,10
137,4,4,5
137,4,5,6
137,4,6,19
137,4,7,39
137,4,8,58
137,4,9,77
137,4,10,74
137,4,11,98
137,4,12,95
137,4,13,96
137,4,14,122
137,4,15,129
137,4,16,125
137,4,17,116
137,4,18,121
137,4,19,130
137,4,20,97
137,4,21,86
137,4,22,76
137,4,23,94
137,5,0,79
137,5,1,72
137,5,2,43
137,5,3,24
137,5,4,11
137,5,5,8
137,5,6,10
137,5,7,31
137,5,8,44
137,5,9,32
137,5,10,61
137,5,11,77
137,5,12,83
137,5,13,87
137,5,14,84
137,5,15,83
137,5,16,85
137,5,17,76
137,5,18,88
137,5,19,120
137,5,20,93
137,5,21,72
137,5,22,92
137,5,23,97
137,6,0,84
137,6,1,65
137,6,2,41
137,6,3,33
137,6,4,16
137,6,5,3
137,6,6,10
137,6,7,36
137,6,8,19
137,6,9,31
137,6,10,49
137,6,11,50
137,6,12,55
137,6,13,74
137,6,14,66
137,6,15,65
137,6,16,61
137,6,17,61
137,6,18,67
137,6,19,64
137,6,20,54
137,6,21,59
137,6,22,30
137,6,23,30
138,0,0,193
138,0,1,29
138,0,2,13
138,0,3,3
138,0,5,2
138,0,6,4
138,0,7,72
138,0,8,154
138,0,9,297
138,0,10,324
138,0,11,304
138,0,12,285
138,0,13,321
138,0,14,394
138,0,15,333
138,0,16,298
138,0,17,307
138,0,18,340
138,0,19,413
138,0,20,399
138,0,21,268
138,0,22,352
138,0,23,345
138,1,0,150
138,1,1,32
138,1,2,9
138,1,3,3
138,1,4,7
138,1,5,1
138,1,6,3
138,1,7,70
138,1,8,132
138,1,9,236
138,1,10,257
138,1,11,246
138,1,12,273
138,1,13,256
138,1,14,340
138,1,15,321
138,1,16,326
138,1,17,273
138,1,18,305
138,1,19,319
138,1,20,319
138,1,21,273
138,1,22,254
138,1,23,272
138,2,0,85
138,2,1,27
138,2,2,20
138,2,3,5
138,2,4,5
138,2,5,4
138,2,6,6
138,2,7,58
138,2,8,136
138,2,9,249
138,2,10,306
138,2,11,228
138,2,12,305
138,2,13,259
138,2,14,335
138,2,15,384
138,2,16,305
138,2,17,288
138,2,18,346
138,2,19,355
138,2,20,333
138,2,21,242
138,2,22,273
138,2,23,267
138,3,0,91
138,3,1,5
138,3,2,7
138,3,3,2
138,3,4,2
138,3,5,2
138,3,6,5
138,3,7,43
138,3,8,130
138,3,9,241
138,3,10,321
138,3,11,251
138,3,12,303
138,3,13,283
138,3,14,397
138,3,15,374
138,3,16,331
138,3,17,287
138,3,18,385
138,3,19,433
138,3,20,362
138,3,21,296
138,3,22,253
138,3,23,274
138,4,0,82
138,4,1,11
138,4,3,2
138,4,4,2
138,4,6,1
138,4,7,45
138,4,8,119
138,4,9,198
138,4,10,286
138,4,11,265
138,4,12,268
138,4,13,318
138,4,14,381
138,4,15,369
138,4,16,330
138,4,17,259
138,4,18,326
138,4,19,368
138,4,20,320
138,4,21,236
138,4,22,223
138,4,23,230
138,5,0,76
138,5,1,13
138,5,2,4
138,5,3,1
138,5,4,2
138,5,5,3
138,5,6,1
138,5,7,17
138,5,8,44
138,5,9,135
138,5,10,185
138,5,11,143
138,5,12,176
138,5,13,200
138,5,14,226
138,5,15,177
138,5,16,179
138,5,17,166
138,5,18,202
138,5,19,174
138,5,20,160
138,5,21,141
138,5,22,131
138,5,23,134
138,6,0,88
138,6,1,20
138,6,2,6
138,6,3,7
138,6,4,5
138,6,6,2
138,6,7,18
138,6,8,40
138,6,9,127
138,6,10,217
138,6,11,159
138,6,12,258
138,6,13,278
138,6,14,375
138,6,15,316
138,6,16,307
138,6,17,298
138,6,18,394
138,6,19,439
138,6,20,422
138,6,21,348
138,6,22,340
138,6,23,388
139,0,6,1
139,0,7,1
139,0,8,1
139,0,10,1
139,0,12,1
139,0,15,1
139,0,16,1
139,1,5,3
139,1,6,1
139,1,13,2
139,1,15,1
139,1,17,1
139,2,6,2
139,2,7,1
139,2,11,2
139,2,14,1
139,2,16,1
139,2,17,1
139,2,18,1
139,3,5,1
139,3,6,2
139,3,7,1
139,3,8,1
139,3,9,1
139,3,13,1
139,3,17,1
139,4,5,2
139,4,6,2
139,4,8,1
139,4,15,2
139,5,7,1
139,6,5,1
139,6,9,2
139,6,11,1
139,6,18,1
140,0,0,27
140,0,1,15
140,0,2,9
140,0,3,14
140,0,4,5
140,0,5,15
140,0,6,34
140,0,7,115
140,0,8,192
140,0,9,185
140,0,10,195
140,0,11,191
140,0,12,195
140,0,13,207
140,0,14,236
140,0,15,256
140,0,16,249
140,0,17,223
140,0,18,205
140,0,19,148
140,0,20,118
140,0,21,65
140,0,22,40
140,0,23,27
140,1,0,10
140,1,1,9
140,1,2,3
140,1,3,2
140,1,4,4
140,1,5,20
140,1,6,56
140,1,7,166
140,1,8,234
140,1,9,217
140,1,10,219
140,1,11,245
140,1,12,232
140,1,13,236
140,1,14,276
140,1,15,279
140,1,16,299
140,1,17,301
140,1,18,262
140,1,19,188
140,1,20,143
140,1,21,78
140,1,22,41
140,1,23,26
140,2,0,17
140,2,1,7
140,2,2,6
140,2,3,4
140,2,4,4
140,2,5,26
140,2,6,52
140,2,7,176
140,2,8,235
140,2,9,247
140,2,10,220
140,2,11,237
140,2,12,251
140,2,13,225
140,2,14,281
140,2,15,291
140,2,16,331
140,2,17,310
140,2,18,258
140,2,19,208
140,2,20,119
140,2,21,94
140,2,22,45
140,2,23,39
140,3,0,22
140,3,1,9
140,3,2,6
140,3,3,3
140,3,4,5
140,3,5,10
140,3,6,59
140,3,7,176
140,3,8,258
140,3,9,239
140,3,10,238
140,3,11,238
140,3,12,245
140,3,13,242
140,3,14,296
140,3,15,314
140,3,16,300
140,3,17,253
140,3,18,249
140,3,19,202
140,3,20,137
140,3,21,87
140,3,22,76
140,3,23,45
140,4,0,32
140,4,1,15
140,4,2,6
140,4,3,9
140,4,4,9
140,4,5,15
140,4,6,47
140,4,7,137
140,4,8,211
140,4,9,233
140,4,10,188
140,4,11,208
140,4,12,199
140,4,13,200
140,4,14,251
140,4,15,241
140,4,16,258
140,4,17,256
140,4,18,242
140,4,19,193
140,4,20,117
140,4,21,85
140,4,22,92
140,4,23,58
140,5,0,43
140,5,1,33
140,5,2,10
140,5,3,13
140,5,4,12
140,5,5,8
140,5,6,18
140,5,7,52
140,5,8,79
140,5,9,101
140,5,10,133
140,5,11,129
140,5,12,165
140,5,13,127
140,5,14,147
140,5,15,145
140,5,16,129
140,5,17,159
140,5,18,156
140,5,19,138
140,5,20,108
140,5,21,56
140,5,22,57
140,5,23,49
140,6,0,27
140,6,1,21
140,6,2,10
140,6,3,7
140,6,4,8
140,6,5,3
140,6,6,13
140,6,7,42
140,6,8,57
140,6,9,83
140,6,10,107
140,6,11,135
140,6,12,128
140,6,13,136
140,6,14,127
140,6,15,120
140,6,16,129
140,6,17,146
140,6,18,107
140,6,19,93
140,6,20,78
140,6,21,46
140,6,22,38
140,6,23,23
141,0,0,35
141,0,1,33
141,0,2,25
141,0,3,18
141,0,4,10
141,0,5,22
141,0,6,54
141,0,7,131
141,0,8,177
141,0,9,172
141,0,10,158
141,0,11,191
141,0,12,175
141,0,13,241
141,0,14,200
141,0,15,198
141,0,16,177
141,0,17,195
141,0,18,206
141,0,19,170
141,0,20,181
141,0,21,132
141,0,22,79
141,0,23,41
141,1,0,29
141,1,1,11
141,1,2,5
141,1,3,1
141,1,4,6
141,1,5,12
141,1,6,55
141,1,7,157
141,1,8,205
141,1,9,197
141,1,10,174
141,1,11,203
141,1,12,199
141,1,13,241
141,1,14,207
141,1,15,232
141,1,16,174
141,1,17,240
141,1,18,265
141,1,19,206
141,1,20,163
141,1,21,147
141,1,22,134
141,1,23,56
141,2,0,24
141,2,1,13
141,2,2,10
141,2,3,6
141,2,4,9
141,2,5,15
141,2,6,73
141,2,7,188
141,2,8,208
141,2,9,204
141,2,10,187
141,2,11,194
141,2,12,223
141,2,13,228
141,2,14,251
141,2,15,231
141,2,16,225
141,2,17,224
141,2,18,255
141,2,19,225
141,2,20,183
141,2,21,188
141,2,22,112
141,2,23,46
141,3,0,24
141,3,1,18
141,3,2,16
141,3,3,8
141,3,4,13
141,3,5,14
141,3,6,70
141,3,7,162
141,3,8,242
141,3,9,222
141,3,10,208
141,3,11,186
141,3,12,221
141,3,13,224
141,3,14,216
141,3,15,222
141,3,16,206
141,3,17,232
141,3,18,286
141,3,19,263
141,3,20,213
141,3,21,210
141,3,22,154
141,3,23,96
141,4,0,49
141,4,1,30
141,4,2,23
141,4,3,13
141,4,4,8
141,4,5,17
141,4,6,64
141,4,7,134
141,4,8,203
141,4,9,216
141,4,10,217
141,4,11,208
141,4,12,200
141,4,13,217
141,4,14,228
141,4,15,224
141,4,16,204
141,4,17,261
141,4,18,274
141,4,19,239
141,4,20,201
141,4,21,230
141,4,22,195
141,4,23,181
141,5,0,104
141,5,1,75
141,5,2,47
141,5,3,33
141,5,4,21
141,5,5,12
141,5,6,24
141,5,7,69
141,5,8,118
141,5,9,168
141,5,10,193
141,5,11,196
141,5,12,240
141,5,13,261
141,5,14,239
141,5,15,226
141,5,16,262
141,5,17,239
141,5,18,261
141,5,19,278
141,5,20,229
141,5,21,234
141,5,22,175
141,5,23,155
141,6,0,121
141,6,1,62
141,6,2,43
141,6,3,30
141,6,4,18
141,6,5,9
141,6,6,26
141,6,7,38
141,6,8,77
141,6,9,133
141,6,10,181
141,6,11,220
141,6,12,199
141,6,13,226
141,6,14,201
141,6,15,198
141,6,16,204
141,6,17,175
141,6,18,217
141,6,19,155
141,6,20,122
141,6,21,107
141,6,22,81
141,6,23,69
142,0,0,56
142,0,1,33
142,0,2,19
142,0,3,5
142,0,4,10
142,0,5,11
142,0,6,39
142,0,7,110
142,0,8,171
142,0,9,186
142,0,10,197
142,0,11,212
142,0,12,229
142,0,13,229
142,0,14,228
142,0,15,233
142,0,16,255
142,0,17,249
142,0,18,288
142,0,19,270
142,0,20,237
142,0,21,219
142,0,22,176
142,0,23,124
142,1,0,28
142,1,1,13
142,1,2,5
142,1,3,1
142,1,4,5
142,1,5,16
142,1,6,48
142,1,7,147
142,1,8,197
142,1,9,221
142,1,10,218
142,1,11,253
142,1,12,233
142,1,13,240
142,1,14,258
142,1,15,283
142,1,16,213
142,1,17,338
142,1,18,330
142,1,19,286
142,1,20,303
142,1,21,439
142,1,22,343
142,1,23,211
142,2,0,38
142,2,1,14
142,2,2,6
142,2,3,1
142,2,4,4
142,2,5,9
142,2,6,36
142,2,7,177
142,2,8,212
142,2,9,223
142,2,10,239
142,2,11,243
142,2,12,278
142,2,13,283
142,2,14,317
142,2,15,291
142,2,16,298
142,2,17,318
142,2,18,391
142,2,19,322
142,2,20,338
142,2,21,502
142,2,22,393
142,2,23,218
142,3,0,38
142,3,1,21
142,3,2,2
142,3,3,2
142,3,4,1
142,3,5,12
142,3,6,47
142,3,7,165
142,3,8,200
142,3,9,232
142,3,10,262
142,3,11,230
142,3,12,277
142,3,13,236
142,3,14,289
142,3,15,326
142,3,16,317
142,3,17,349
142,3,18,417
142,3,19,356
142,3,20,345
142,3,21,633
142,3,22,517
142,3,23,185
142,4,0,63
142,4,1,39
142,4,2,10
142,4,3,1
142,4,4,2
142,4,5,20
142,4,6,39
142,4,7,138
142,4,8,209
142,4,9,218
142,4,10,229
142,4,11,224
142,4,12,259
142,4,13,265
142,4,14,264
142,4,15,282
142,4,16,320
142,4,17,320
142,4,18,363
142,4,19,322
142,4,20,286
142,4,21,352
142,4,22,533
142,4,23,344
142,5,0,136
142,5,1,44
142,5,2,12
142,5,3,9
142,5,4,5
142,5,5,8
142,5,6,12
142,5,7,51
142,5,8,105
142,5,9,153
142,5,10,232
142,5,11,284
142,5,12,312
142,5,13,357
142,5,14,300
142,5,15,336
142,5,16,459
142,5,17,361
142,5,18,366
142,5,19,361
142,5,20,338
142,5,21,441
142,5,22,583
142,5,23,382
142,6,0,162
142,6,1,57
142,6,2,21
142,6,3,13
142,6,4,5
142,6,5,6
142,6,6,15
142,6,7,39
142,6,8,95
142,6,9,153
142,6,10,210
142,6,11,228
142,6,12,252
142,6,13,303
142,6,14,275
142,6,15,302
142,6,16,308
142,6,17,337
142,6,18,354
142,6,19,261
142,6,20,208
142,6,21,197
142,6,22,134
142,6,23,96
143,0,0,8
143,0,1,4
143,0,2,1
143,0,3,1
143,0,5,5
143,0,6,31
143,0,7,73
143,0,8,109
143,0,9,102
143,0,10,91
143,0,11,88
143,0,12,89
143,0,13,77
143,0,14,87
143,0,15,112
143,0,16,110
143,0,17,84
143,0,18,112
143,0,19,78
143,0,20,52
143,0,21,30
143,0,22,15
143,0,23,14
143,1,0,5
143,1,2,3
143,1,4,1
143,1,5,8
143,1,6,22
143,1,7,83
143,1,8,131
143,1,9,121
143,1,10,108
143,1,11,93
143,1,12,107
143,1,13,94
143,1,14,95
143,1,15,133
143,1,16,106
143,1,17,103
143,1,18,107
143,1,19,72
143,1,20,59
143,1,21,48
143,1,22,46
143,1,23,14
143,2,0,6
143,2,1,4
143,2,2,2
143,2,4,2
143,2,5,8
143,2,6,36
143,2,7,91
143,2,8,131
143,2,9,114
143,2,10,100
143,2,11,107
143,2,12,86
143,2,13,101
143,2,14,109
143,2,15,125
143,2,16,133
143,2,17,116
143,2,18,126
143,2,19,83
143,2,20,69
143,2,21,44
143,2,22,52
143,2,23,17
143,3,0,7
143,3,1,4
143,3,2,4
143,3,3,2
143,3,4,5
143,3,5,8
143,3,6,22
143,3,7,94
143,3,8,120
143,3,9,127
143,3,10,111
143,3,11,111
143,3,12,127
143,3,13,93
143,3,14,105
143,3,15,124
143,3,16,126
143,3,17,111
143,3,18,149
143,3,19,97
143,3,20,72
143,3,21,48
143,3,22,60
143,3,23,19
143,4,0,12
143,4,1,3
143,4,2,1
143,4,3,4
143,4,4,3
143,4,5,9
143,4,6,36
143,4,7,97
143,4,8,110
143,4,9,130
143,4,10,106
143,4,11,126
143,4,12,94
143,4,13,98
143,4,14,128
143,4,15,121
143,4,16,113
143,4,17,124
143,4,18,138
143,4,19,111
143,4,20,79
143,4,21,72
143,4,22,71
143,4,23,47
143,5,0,31
143,5,1,9
143,5,2,8
143,5,3,2
143,5,4,3
143,5,5,11
143,5,6,9
143,5,7,27
143,5,8,56
143,5,9,73
143,5,10,110
143,5,11,92
143,5,12,103
143,5,13,111
143,5,14,96
143,5,15,109
143,5,16,70
143,5,17,117
143,5,18,98
143,5,19,108
143,5,20,88
143,5,21,85
143,5,22,64
143,5,23,58
143,6,0,26
143,6,1,13
143,6,2,8
143,6,3,4
143,6,4,2
143,6,5,2
143,6,6,7
143,6,7,21
143,6,8,46
143,6,9,67
143,6,10,94
143,6,11,90
143,6,12,97
143,6,13,110
143,6,14,121
143,6,15,98
143,6,16,84
143,6,17,97
143,6,18,77
143,6,19,57
143,6,20,52
143,6,21,31
143,6,22,23
143,6,23,20
144,0,0,25
144,0,1,14
144,0,2,24
144,0,3,9
144,0,4,6
144,0,5,4
144,0,6,2
144,0,7,6
144,0,8,8
144,0,9,13
144,0,10,16
144,0,11,30
144,0,12,37
144,0,13,48
144,0,14,63
144,0,15,65
144,0,16,61
144,0,17,73
144,0,18,74
144,0,19,86
144,0,20,45
144,0,21,62
144,0,22,38
144,0,23,19
144,1,0,17
144,1,1,7
144,1,2,3
144,1,5,1
144,1,7,6
144,1,8,15
144,1,9,16
144,1,10,14
144,1,11,33
144,1,12,34
144,1,13,46
144,1,14,76
144,1,15,60
144,1,16,49
144,1,17,70
144,1,18,71
144,1,19,83
144,1,20,75
144,1,21,72
144,1,22,78
144,1,23,53
144,2,0,33
144,2,1,16
144,2,2,7
144,2,3,2
144,2,4,1
144,2,6,3
144,2,7,7
144,2,8,11
144,2,9,25
144,2,10,25
144,2,11,28
144,2,12,33
144,2,13,37
144,2,14,54
144,2,15,57
144,2,16,66
144,2,17,67
144,2,18,77
144,2,19,96
144,2,20,94
144,2,21,83
144,2,22,78
144,2,23,43
144,3,0,30
144,3,1,15
144,3,2,11
144,3,3,6
144,3,4,1
144,3,5,2
144,3,7,12
144,3,8,10
144,3,9,15
144,3,10,27
144,3,11,38
144,3,12,45
144,3,13,55
144,3,14,71
144,3,15,79
144,3,16,75
144,3,17,73
144,3,18,112
144,3,19,80
144,3,20,104
144,3,21,104
144,3,22,98
144,3,23,81
144,4,0,73
144,4,1,79
144,4,2,57
144,4,3,29
144,4,4,16
144,4,5,1
144,4,6,5
144,4,7,4
144,4,8,13
144,4,9,14
144,4,10,24
144,4,11,31
144,4,12,48
144,4,13,60
144,4,14,70
144,4,15,80
144,4,16,90
144,4,17,89
144,4,18,86
144,4,19,107
144,4,20,81
144,4,21,113
144,4,22,142
144,4,23,153
144,5,0,191
144,5,1,200
144,5,2,186
144,5,3,135
144,5,4,64
144,5,5,2
144,5,6,4
144,5,7,4
144,5,8,10
144,5,9,13
144,5,10,31
144,5,11,48
144,5,12,66
144,5,13,89
144,5,14,100
144,5,15,123
144,5,16,95
144,5,17,130
144,5,18,116
144,5,19,122
144,5,20,106
144,5,21,98
144,5,22,145
144,5,23,182
144,6,0,211
144,6,1,218
144,6,2,186
144,6,3,142
144,6,4,64
144,6,5,17
144,6,6,1
144,6,7,8
144,6,8,7
144,6,9,8
144,6,10,12
144,6,11,30
144,6,12,54
144,6,13,54
144,6,14,69
144,6,15,79
144,6,16,98
144,6,17,83
144,6,18,78
144,6,19,66
144,6,20,54
144,6,21,44
144,6,22,53
144,6,23,18
145,0,0,2
145,0,1,1
145,0,3,2
145,0,4,2
145,0,5,1
145,0,6,1
145,0,7,1
145,0,8,1
145,0,9,3
145,0,10,3
145,0,11,1
145,0,12,5
145,0,13,2
145,0,14,7
145,0,15,1
145,0,16,6
145,0,17,1
145,0,18,2
145,0,19,1
145,0,20,1
145,0,21,1
145,0,22,3
145,0,23,1
145,1,0,1
145,1,2,1
145,1,4,1
145,1,5,1
145,1,6,2
145,1,7,2
145,1,8,2
145,1,9,2
145,1,10,1
145,1,11,1
145,1,12,4
145,1,13,5
145,1,14,7
145,1,15,4
145,1,16,4
145,1,17,3
145,1,18,1
145,1,20,5
145,1,21,4
145,1,22,4
145,1,23,2
145,2,0,1
145,2,1,1
145,2,3,1
145,2,4,1
145,2,6,1
145,2,7,3
145,2,8,4
145,2,9,2
145,2,11,1
145,2,12,4
145,2,13,4
145,2,14,3
145,2,15,8
145,2,16,5
145,2,17,2
145,2,18,2
145,2,19,3
145,2,20,1
145,2,21,2
145,2,22,2
145,2,23,1
145,3,0,5
145,3,1,1
145,3,3,1
145,3,4,2
145,3,8,1
145,3,9,1
145,3,10,3
145,3,11,2
145,3,12,5
145,3,14,3
145,3,15,1
145,3,16,5
145,3,17,1
145,3,18,3
145,3,19,4
145,3,20,3
145,3,21,5
145,3,22,2
145,3,23,5
145,4,1,1
145,4,2,2
145,4,3,1
145,4,4,1
145,4,7,3
145,4,8,1
145,4,10,4
145,4,11,2
145,4,12,1
145,4,13,3
145,4,14,1
145,4,16,5
145,4,17,2
145,4,19,1
145,4,20,1
145,4,22,1
145,4,23,1
145,5,0,3
145,5,1,3
145,5,3,3
145,5,4,2
145,5,6,3
145,5,7,4
145,5,8,3
145,5,9,2
145,5,10,3
145,5,11,3
145,5,12,5
145,5,13,2
145,5,14,2
145,5,15,5
145,5,16,2
145,5,17,2
145,5,18,6
145,5,19,1
145,5,20,3
145,5,21,5
145,5,22,3
145,5,23,2
145,6,0,2
145,6,1,2
145,6,2,1
145,6,4,4
145,6,5,1
145,6,7,3
145,6,8,2
145,6,9,2
145,6,10,3
145,6,11,1
145,6,12,1
145,6,13,1
145,6,14,3
145,6,15,5
145,6,16,1
145,6,17,3
145,6,18,4
145,6,19,2
145,6,20,2
145,6,21,3
145,6,22,5
145,6,23,3
146,0,0,1
146,0,1,1
146,0,3,1
146,0,4,2
146,0,5,3
146,0,6,1
146,0,7,3
146,0,8,1
146,0,9,2
146,0,10,4
146,0,11,5
146,0,12,2
146,0,13,2
146,0,14,3
146,0,15,6
146,0,16,1
146,0,18,5
146,0,19,4
146,0,20,3
146,0,22,1
146,0,23,2
146,1,0,1
146,1,5,1
146,1,6,5
146,1,7,1
146,1,8,2
146,1,9,7
146,1,10,4
146,1,11,4
146,1,13,1
146,1,14,3
146,1,15,7
146,1,16,4
146,1,17,2
146,1,18,3
146,1,19,1
146,1,21,2
146,1,22,2
146,1,23,2
146,2,0,1
146,2,4,2
146,2,6,3
146,2,7,1
146,2,8,5
146,2,9,4
146,2,10,1
146,2,11,5
146,2,12,2
146,2,13,1
146,2,14,3
146,2,15,3
146,2,17,3
146,2,18,3
146,2,19,1
146,2,21,1
146,3,0,2
146,3,4,2
146,3,5,2
146,3,6,3
146,3,7,1
146,3,8,3
146,3,9,8
146,3,10,10
146,3,11,7
146,3,12,5
146,3,13,4
146,3,14,2
146,3,15,4
146,3,16,5
146,3,17,3
146,3,18,7
146,3,19,1
146,3,20,3
146,3,21,1
146,3,22,1
146,3,23,1
146,4,0,1
146,4,1,1
146,4,2,2
146,4,4,2
146,4,5,2
146,4,6,2
146,4,7,2
146,4,8,3
146,4,9,1
146,4,10,2
146,4,11,3
146,4,12,5
146,4,13,2
146,4,14,4
146,4,15,5
146,4,16,1
146,4,17,4
146,4,18,2
146,4,19,1
146,4,20,1
146,4,21,3
146,4,22,1
146,5,0,3
146,5,1,1
146,5,2,2
146,5,4,1
146,5,5,1
146,5,6,1
146,5,7,3
146,5,8,2
146,5,9,5
146,5,10,7
146,5,11,1
146,5,12,2
146,5,13,4
146,5,14,8
146,5,15,6
146,5,16,6
146,5,17,5
146,5,18,2
146,5,19,4
146,5,20,1
146,5,21,3
146,5,22,5
146,5,23,1
146,6,0,2
146,6,1,1
146,6,2,2
146,6,3,1
146,6,4,1
146,6,7,3
146,6,8,3
146,6,9,4
146,6,10,9
146,6,11,1
146,6,12,3
146,6,13,3
146,6,14,1
146,6,15,2
146,6,16,3
146,6,17,6
146,6,18,3
146,6,19,3
146,6,20,3
146,6,21,1
146,6,22,1
146,6,23,1
147,0,9,1
147,0,10,1
147,0,11,1
147,0,12,1
147,0,13,1
147,0,17,1
147,1,7,1
147,1,11,1
147,2,7,1
147,2,13,1
147,2,20,1
147,3,7,2
147,3,9,2
147,3,10,1
147,3,18,1
147,4,7,4
147,4,8,1
147,5,2,1
147,5,11,1
147,5,13,1
147,5,15,1
147,6,13,1
147,6,16,1
148,0,0,51
148,0,1,35
148,0,2,42
148,0,3,33
148,0,4,15
148,0,5,8
148,0,6,5
148,0,7,9
148,0,8,12
148,0,9,21
148,0,10,16
148,0,11,14
148,0,12,24
148,0,13,27
148,0,14,31
148,0,15,26
148,0,16,22
148,0,17,41
148,0,18,31
148,0,19,29
148,0,20,48
148,0,21,40
148,0,22,47
148,0,23,24
148,1,0,21
148,1,1,14
148,1,2,4
148,1,3,4
148,1,5,2
148,1,6,1
148,1,7,16
148,1,8,18
148,1,9,12
148,1,10,12
148,1,11,18
148,1,12,20
148,1,13,32
148,1,14,25
148,1,15,31
148,1,16,23
148,1,17,32
148,1,18,48
148,1,19,44
148,1,20,66
148,1,21,65
148,1,22,83
148,1,23,61
148,2,0,39
148,2,1,20
148,2,2,9
148,2,3,4
148,2,4,8
148,2,6,7
148,2,7,12
148,2,8,16
148,2,9,20
148,2,10,21
148,2,11,18
148,2,12,20
148,2,13,25
148,2,14,30
148,2,15,30
148,2,16,33
148,2,17,29
148,2,18,49
148,2,19,53
148,2,20,72
148,2,21,76
148,2,22,103
148,2,23,81
148,3,0,52
148,3,1,34
148,3,2,23
148,3,3,24
148,3,4,19
148,3,5,3
148,3,6,5
148,3,7,7
148,3,8,14
148,3,9,24
148,3,10,18
148,3,11,23
148,3,12,23
148,3,13,21
148,3,14,32
148,3,15,36
148,3,16,24
148,3,17,29
148,3,18,57
148,3,19,71
148,3,20,95
148,3,21,118
148,3,22,136
148,3,23,136
148,4,0,112
148,4,1,93
148,4,2,82
148,4,3,56
148,4,4,35
148,4,5,2
148,4,6,4
148,4,7,9
148,4,8,16
148,4,9,18
148,4,10,16
148,4,11,21
148,4,12,34
148,4,13,26
148,4,14,30
148,4,15,44
148,4,16,28
148,4,17,37
148,4,18,57
148,4,19,70
148,4,20,100
148,4,21,110
148,4,22,161
148,4,23,227
148,5,0,409
148,5,1,469
148,5,2,383
148,5,3,234
148,5,4,99
148,5,5,12
148,5,6,1
148,5,7,10
148,5,8,6
148,5,9,18
148,5,10,24
148,5,11,37
148,5,12,44
148,5,13,60
148,5,14,57
148,5,15,78
148,5,16,74
148,5,17,71
148,5,18,88
148,5,19,96
148,5,20,99
148,5,21,140
148,5,22,193
148,5,23,286
148,6,0,399
148,6,1,483
148,6,2,426
148,6,3,285
148,6,4,124
148,6,5,16
148,6,6,7
148,6,7,6
148,6,8,15
148,6,9,20
148,6,10,21
148,6,11,26
148,6,12,46
148,6,13,51
148,6,14,52
148,6,15,54
148,6,16,73
148,6,17,57
148,6,18,65
148,6,19,58
148,6,20,57
148,6,21,56
148,6,22,53
148,6,23,54
149,0,9,1
149,0,11,2
149,0,12,1
149,0,13,1
149,0,15,1
149,0,16,1
149,1,5,1
149,1,6,1
149,1,9,1
149,1,10,1
149,1,11,1
149,1,13,1
149,1,14,1
149,1,17,1
149,2,4,1
149,2,9,1
149,2,11,1
149,2,20,1
149,3,5,1
149,3,8,1
149,3,9,1
149,3,11,3
149,3,12,1
149,3,13,1
149,4,6,1
149,4,8,2
149,4,9,1
149,4,10,1
149,4,11,1
149,4,12,1
149,4,13,1
149,4,15,1
149,4,18,1
149,5,5,1
149,5,11,2
150,0,5,1
150,0,7,1
150,0,13,1
150,0,16,1
150,1,10,1
150,1,17,1
150,2,8,1
150,2,12,1
150,3,11,1
150,3,12,1
150,3,13,1
150,3,15,2
150,4,12,1
150,4,19,1
151,0,0,11
151,0,1,9
151,0,2,7
151,0,3,2
151,0,4,3
151,0,5,5
151,0,6,13
151,0,7,53
151,0,8,74
151,0,9,69
151,0,10,81
151,0,11,68
151,0,12,63
151,0,13,63
151,0,14,48
151,0,15,76
151,0,16,55
151,0,17,53
151,0,18,65
151,0,19,58
151,0,20,30
151,0,21,15
151,0,22,15
151,0,23,4
151,1,0,2
151,1,1,1
151,1,3,2
151,1,4,3
151,1,5,6
151,1,6,16
151,1,7,67
151,1,8,75
151,1,9,76
151,1,10,60
151,1,11,65
151,1,12,74
151,1,13,83
151,1,14,74
151,1,15,73
151,1,16,49
151,1,17,71
151,1,18,72
151,1,19,46
151,1,20,37
151,1,21,25
151,1,22,15
151,1,23,2
151,2,0,4
151,2,1,3
151,2,2,1
151,2,3,2
151,2,4,1
151,2,5,11
151,2,6,26
151,2,7,89
151,2,8,103
151,2,9,82
151,2,10,68
151,2,11,81
151,2,12,81
151,2,13,73
151,2,14,67
151,2,15,73
151,2,16,63
151,2,17,60
151,2,18,92
151,2,19,45
151,2,20,45
151,2,21,26
151,2,22,20
151,2,23,10
151,3,0,3
151,3,1,2
151,3,2,2
151,3,4,3
151,3,5,7
151,3,6,31
151,3,7,83
151,3,8,104
151,3,9,98
151,3,10,81
151,3,11,73
151,3,12,73
151,3,13,71
151,3,14,93
151,3,15,59
151,3,16,65
151,3,17,105
151,3,18,85
151,3,19,50
151,3,20,52
151,3,21,27
151,3,22,20
151,3,23,20
151,4,0,4
151,4,1,2
151,4,4,5
151,4,5,8
151,4,6,33
151,4,7,62
151,4,8,92
151,4,9,63
151,4,10,95
151,4,11,84
151,4,12,72
151,4,13,75
151,4,14,67
151,4,15,75
151,4,16,77
151,4,17,89
151,4,18,83
151,4,19,65
151,4,20,63
151,4,21,34
151,4,22,43
151,4,23,24
151,5,0,12
151,5,1,5
151,5,2,2
151,5,3,1
151,5,4,2
151,5,5,2
151,5,6,16
151,5,7,40
151,5,8,47
151,5,9,67
151,5,10,90
151,5,11,105
151,5,12,91
151,5,13,102
151,5,14,88
151,5,15,94
151,5,16,71
151,5,17,94
151,5,18,80
151,5,19,79
151,5,20,56
151,5,21,41
151,5,22,40
151,5,23,25
151,6,0,18
151,6,1,8
151,6,2,8
151,6,3,1
151,6,4,3
151,6,5,1
151,6,6,9
151,6,7,12
151,6,8,27
151,6,9,61
151,6,10,84
151,6,11,70
151,6,12,78
151,6,13,73
151,6,14,104
151,6,15,64
151,6,16,64
151,6,17,61
151,6,18,78
151,6,19,37
151,6,20,32
151,6,21,21
151,6,22,21
151,6,23,12
152,0,0,2
152,0,5,1
152,0,6,3
152,0,7,5
152,0,8,5
152,0,9,2
152,0,10,1
152,0,11,4
152,0,12,9
152,0,13,3
152,0,14,3
152,0,15,3
152,0,16,3
152,0,17,6
152,0,18,3
152,0,19,4
152,0,20,4
152,0,21,1
152,0,22,2
152,0,23,2
152,1,0,1
152,1,6,2
152,1,7,5
152,1,8,12
152,1,9,1
152,1,10,1
152,1,11,3
152,1,12,3
152,1,13,6
152,1,14,5
152,1,15,1
152,1,16,2
152,1,17,2
152,1,18,5
152,1,19,3
152,1,20,2
152,1,21,1
152,1,22,2
152,1,23,1
152,2,1,1
152,2,5,1
152,2,6,2
152,2,7,7
152,2,8,12
152,2,9,4
152,2,10,2
152,2,11,4
152,2,12,4
152,2,13,6
152,2,14,5
152,2,15,2
152,2,16,3
152,2,17,9
152,2,18,9
152,2,19,7
152,2,20,1
152,2,21,2
152,2,22,1
152,3,5,1
152,3,6,2
152,3,7,12
152,3,8,5
152,3,9,3
152,3,10,3
152,3,11,4
152,3,12,3
152,3,13,4
152,3,14,4
152,3,15,7
152,3,16,8
152,3,17,7
152,3,18,9
152,3,19,3
152,3,20,4
152,3,22,4
152,3,23,1
152,4,1,1
152,4,2,1
152,4,4,1
152,4,6,2
152,4,7,3
152,4,8,5
152,4,9,3
152,4,10,2
152,4,11,4
152,4,12,5
152,4,13,5
152,4,14,4
152,4,15,6
152,4,16,4
152,4,17,6
152,4,18,7
152,4,19,6
152,4,20,3
152,4,21,1
152,4,23,1
152,5,0,2
152,5,1,2
152,5,2,1
152,5,6,3
152,5,7,2
152,5,8,2
152,5,9,2
152,5,10,3
152,5,11,5
152,5,12,7
152,5,13,3
152,5,14,2
152,5,15,10
152,5,16,6
152,5,17,4
152,5,18,3
152,5,19,5
152,5,20,2
152,5,22,1
152,5,23,4
152,6,0,3
152,6,1,1
152,6,2,1
152,6,4,2
152,6,5,1
152,6,6,1
152,6,7,1
152,6,8,1
152,6,9,4
152,6,10,5
152,6,11,3
152,6,12,3
152,6,13,1
152,6,14,2
152,6,15,4
152,6,16,2
152,6,17,1
152,6,18,3
152,6,19,2
152,6,21,1
152,6,22,3
152,6,23,1
153,0,6,1
153,0,10,2
153,0,14,1
153,1,4,1
153,1,8,1
153,2,7,1
153,2,17,1
153,2,18,1
153,3,8,1
153,3,10,1
153,4,7,1
153,4,11,1
153,5,10,1
153,5,17,1
153,6,9,1
153,6,10,1
154,0,23,1
154,1,2,1
154,1,7,1
154,1,22,1
154,2,12,1
154,2,23,1
154,3,9,1
154,3,13,1
154,5,1,1
154,5,6,1
154,5,8,1
154,5,10,1
154,5,18,1
154,5,23,1
154,6,11,1
155,0,5,1
155,0,6,2
155,0,7,1
155,0,11,3
155,0,12,2
155,0,13,1
155,0,14,1
155,0,15,1
155,0,16,1
155,0,17,1
155,0,18,1
155,1,5,1
155,1,8,2
155,1,11,1
155,1,13,1
155,1,14,2
155,1,19,1
155,1,21,1
155,2,6,1
155,2,7,2
155,2,8,2
155,2,9,1
155,2,10,1
155,2,11,1
155,2,13,3
155,2,15,1
155,2,16,1
155,3,7,1
155,3,9,1
155,3,10,2
155,3,11,1
155,3,12,2
155,3,13,1
155,3,14,1
155,3,18,1
155,3,22,1
155,4,6,1
155,4,7,3
155,4,8,4
155,4,9,2
155,4,10,2
155,4,13,2
155,4,14,1
155,5,9,2
155,5,11,1
155,5,12,1
155,6,10,2
155,6,14,1
155,6,19,1
155,6,20,1
157,0,0,1
157,0,8,1
157,0,14,4
157,0,15,2
157,0,16,2
157,0,19,1
157,0,21,1
157,0,22,1
157,0,23,2
157,1,5,1
157,1,7,2
157,1,20,1
157,1,23,1
157,2,2,1
157,2,5,1
157,2,7,2
157,2,8,3
157,2,9,2
157,2,13,1
157,2,14,1
157,2,16,1
157,2,23,2
157,3,6,2
157,3,7,3
157,3,8,1
157,3,11,1
157,3,12,1
157,3,19,1
157,4,0,2
157,4,8,2
157,4,9,2
157,4,11,1
157,4,14,1
157,4,15,2
157,4,16,3
157,4,21,2
157,4,22,1
157,4,23,1
157,5,2,1
157,5,3,3
157,5,4,2
157,5,5,2
157,5,6,1
157,5,7,3
157,5,8,2
157,5,9,1
157,5,13,2
157,5,14,1
157,5,16,1
157,5,20,1
157,5,23,1
157,6,2,1
157,6,3,3
157,6,4,4
157,6,5,3
157,6,6,2
157,6,7,1
157,6,8,1
157,6,9,1
157,6,10,1
157,6,11,1
157,6,12,1
157,6,13,1
157,6,14,1
157,6,16,2
157,6,18,1
157,6,20,1
157,6,23,1
158,0,0,37
158,0,1,15
158,0,2,11
158,0,3,4
158,0,4,3
158,0,5,3
158,0,6,3
158,0,7,14
158,0,8,24
158,0,9,24
158,0,10,23
158,0,11,25
158,0,12,29
158,0,13,33
158,0,14,54
158,0,15,44
158,0,16,49
158,0,17,45
158,0,18,56
158,0,19,47
158,0,20,56
158,0,21,50
158,0,22,49
158,0,23,29
158,1,0,10
158,1,1,1
158,1,2,3
158,1,3,3
158,1,4,1
158,1,5,1
158,1,6,2
158,1,7,24
158,1,8,25
158,1,9,32
158,1,10,32
158,1,11,36
158,1,12,30
158,1,13,37
158,1,14,42
158,1,15,61
158,1,16,48
158,1,17,45
158,1,18,68
158,1,19,65
158,1,20,65
158,1,21,69
158,1,22,61
158,1,23,57
158,2,0,32
158,2,1,18
158,2,2,4
158,2,3,3
158,2,6,5
158,2,7,19
158,2,8,32
158,2,9,34
158,2,10,45
158,2,11,55
158,2,12,49
158,2,13,43
158,2,14,57
158,2,15,56
158,2,16,63
158,2,17,59
158,2,18,78
158,2,19,71
158,2,20,61
158,2,21,71
158,2,22,100
158,2,23,62
158,3,0,45
158,3,1,26
158,3,2,8
158,3,3,13
158,3,4,3
158,3,5,2
158,3,6,6
158,3,7,21
158,3,8,38
158,3,9,38
158,3,10,37
158,3,11,41
158,3,12,37
158,3,13,50
158,3,14,50
158,3,15,67
158,3,16,56
158,3,17,76
158,3,18,85
158,3,19,77
158,3,20,72
158,3,21,117
158,3,22,111
158,3,23,81
158,4,0,81
158,4,1,42
158,4,2,18
158,4,3,9
158,4,4,5
158,4,5,1
158,4,6,4
158,4,7,20
158,4,8,26
158,4,9,34
158,4,10,34
158,4,11,33
158,4,12,36
158,4,13,47
158,4,14,48
158,4,15,65
158,4,16,75
158,4,17,79
158,4,18,96
158,4,19,86
158,4,20,105
158,4,21,127
158,4,22,137
158,4,23,162
158,5,0,183
158,5,1,204
158,5,2,149
158,5,3,70
158,5,4,11
158,5,5,3
158,5,7,2
158,5,8,10
158,5,9,18
158,5,10,23
158,5,11,53
158,5,12,49
158,5,13,78
158,5,14,93
158,5,15,84
158,5,16,97
158,5,17,117
158,5,18,101
158,5,19,99
158,5,20,112
158,5,21,135
158,5,22,139
158,5,23,151
158,6,0,178
158,6,1,186
158,6,2,133
158,6,3,95
158,6,4,12
158,6,5,2
158,6,6,3
158,6,7,5
158,6,8,12
158,6,9,21
158,6,10,30
158,6,11,39
158,6,12,55
158,6,13,61
158,6,14,74
158,6,15,71
158,6,16,79
158,6,17,68
158,6,18,88
158,6,19,61
158,6,20,62
158,6,21,57
158,6,22,41
158,6,23,26
159,0,6,1
159,0,7,1
159,0,10,1
159,0,15,1
159,1,6,1
159,1,7,1
159,1,8,2
159,1,9,2
159,1,13,1
159,1,17,1
159,2,0,1
159,2,4,1
159,2,5,1
159,2,6,3
159,2,8,1
159,2,12,2
159,2,13,3
159,2,16,2
159,2,17,1
159,2,18,1
159,2,23,1
159,3,6,1
159,3,9,2
159,3,10,2
159,3,11,1
159,3,13,1
159,3,14,1
159,3,15,1
159,3,16,2
159,3,18,1
159,3,22,1
159,4,5,1
159,4,6,1
159,4,8,1
159,4,9,2
159,4,11,3
159,4,13,2
159,4,15,1
159,4,16,1
159,4,17,2
159,5,0,1
159,5,5,1
159,5,8,2
159,5,9,2
159,5,10,1
159,5,15,1
159,6,9,1
159,6,10,1
159,6,17,1
160,0,11,2
160,0,13,1
160,0,15,1
160,1,10,1
160,1,12,1
160,2,4,1
160,2,8,1
160,2,11,1
160,2,12,1
160,2,13,1
160,3,12,2
160,4,2,1
160,4,8,2
160,4,9,1
160,4,16,1
160,4,21,1
160,5,11,1
160,5,12,1
160,5,17,1
160,6,14,1
160,6,16,1
161,0,0,55
161,0,1,31
161,0,2,23
161,0,3,12
161,0,4,12
161,0,5,16
161,0,6,48
161,0,7,94
161,0,8,168
161,0,9,199
161,0,10,266
161,0,11,312
161,0,12,333
161,0,13,400
161,0,14,459
161,0,15,439
161,0,16,512
161,0,17,560
161,0,18,636
161,0,19,539
161,0,20,435
161,0,21,361
161,0,22,215
161,0,23,103
161,1,0,49
161,1,1,15
161,1,2,8
161,1,3,5
161,1,4,7
161,1,5,14
161,1,6,56
161,1,7,147
161,1,8,203
161,1,9,284
161,1,10,296
161,1,11,389
161,1,12,400
161,1,13,471
161,1,14,519
161,1,15,553
161,1,16,591
161,1,17,753
161,1,18,805
161,1,19,728
161,1,20,688
161,1,21,573
161,1,22,417
161,1,23,149
161,2,0,69
161,2,1,30
161,2,2,16
161,2,3,3
161,2,4,10
161,2,5,15
161,2,6,57
161,2,7,138
161,2,8,217
161,2,9,285
161,2,10,359
161,2,11,420
161,2,12,492
161,2,13,546
161,2,14,614
161,2,15,593
161,2,16,658
161,2,17,792
161,2,18,880
161,2,19,777
161,2,20,700
161,2,21,635
161,2,22,441
161,2,23,207
161,3,0,89
161,3,1,34
161,3,2,16
161,3,3,10
161,3,4,9
161,3,5,18
161,3,6,56
161,3,7,130
161,3,8,218
161,3,9,322
161,3,10,351
161,3,11,436
161,3,12,473
161,3,13,532
161,3,14,591
161,3,15,575
161,3,16,685
161,3,17,824
161,3,18,811
161,3,19,777
161,3,20,630
161,3,21,655
161,3,22,542
161,3,23,291
161,4,0,134
161,4,1,49
161,4,2,21
161,4,3,13
161,4,4,12
161,4,5,21
161,4,6,51
161,4,7,103
161,4,8,158
161,4,9,202
161,4,10,259
161,4,11,349
161,4,12,405
161,4,13,437
161,4,14,536
161,4,15,557
161,4,16,593
161,4,17,663
161,4,18,629
161,4,19,483
161,4,20,311
161,4,21,329
161,4,22,363
161,4,23,224
161,5,0,106
161,5,1,40
161,5,2,22
161,5,3,12
161,5,4,10
161,5,5,11
161,5,6,31
161,5,7,37
161,5,8,79
161,5,9,127
161,5,10,200
161,5,11,292
161,5,12,335
161,5,13,336
161,5,14,399
161,5,15,438
161,5,16,524
161,5,17,501
161,5,18,462
161,5,19,367
161,5,20,233
161,5,21,239
161,5,22,369
161,5,23,294
161,6,0,149
161,6,1,79
161,6,2,31
161,6,3,10
161,6,4,17
161,6,5,14
161,6,6,37
161,6,7,48
161,6,8,90
161,6,9,130
161,6,10,220
161,6,11,284
161,6,12,301
161,6,13,313
161,6,14,327
161,6,15,400
161,6,16,346
161,6,17,399
161,6,18,298
161,6,19,225
161,6,20,170
161,6,21,147
161,6,22,110
161,6,23,48
162,0,0,41
162,0,1,22
162,0,2,26
162,0,3,6
162,0,4,9
162,0,5,27
162,0,6,90
162,0,7,122
162,0,8,243
162,0,9,218
162,0,10,227
162,0,11,243
162,0,12,245
162,0,13,256
162,0,14,297
162,0,15,288
162,0,16,319
162,0,17,418
162,0,18,453
162,0,19,412
162,0,20,314
162,0,21,255
162,0,22,158
162,0,23,69
162,1,0,42
162,1,1,18
162,1,2,5
162,1,3,2
162,1,4,8
162,1,5,40
162,1,6,105
162,1,7,219
162,1,8,319
162,1,9,309
162,1,10,313
162,1,11,331
162,1,12,302
162,1,13,318
162,1,14,318
162,1,15,322
162,1,16,431
162,1,17,598
162,1,18,612
162,1,19,535
162,1,20,459
162,1,21,351
162,1,22,221
162,1,23,97
162,2,0,40
162,2,1,16
162,2,2,11
162,2,3,5
162,2,4,7
162,2,5,39
162,2,6,101
162,2,7,209
162,2,8,318
162,2,9,319
162,2,10,299
162,2,11,303
162,2,12,309
162,2,13,359
162,2,14,365
162,2,15,363
162,2,16,421
162,2,17,575
162,2,18,675
162,2,19,511
162,2,20,484
162,2,21,361
162,2,22,253
162,2,23,123
162,3,0,54
162,3,1,16
162,3,2,15
162,3,3,2
162,3,4,7
162,3,5,25
162,3,6,113
162,3,7,231
162,3,8,312
162,3,9,325
162,3,10,298
162,3,11,349
162,3,12,348
162,3,13,355
162,3,14,427
162,3,15,395
162,3,16,461
162,3,17,608
162,3,18,647
162,3,19,553
162,3,20,432
162,3,21,392
162,3,22,308
162,3,23,174
162,4,0,75
162,4,1,41
162,4,2,20
162,4,3,7
162,4,4,14
162,4,5,38
162,4,6,102
162,4,7,150
162,4,8,214
162,4,9,249
162,4,10,268
162,4,11,263
162,4,12,236
162,4,13,323
162,4,14,334
162,4,15,309
162,4,16,391
162,4,17,446
162,4,18,472
162,4,19,392
162,4,20,268
162,4,21,204
162,4,22,183
162,4,23,170
162,5,0,85
162,5,1,61
162,5,2,29
162,5,3,13
162,5,4,13
162,5,5,10
162,5,6,39
162,5,7,63
162,5,8,91
162,5,9,128
162,5,10,201
162,5,11,272
162,5,12,293
162,5,13,236
162,5,14,252
162,5,15,244
162,5,16,279
162,5,17,326
162,5,18,335
162,5,19,255
162,5,20,223
162,5,21,174
162,5,22,188
162,5,23,137
162,6,0,91
162,6,1,56
162,6,2,30
162,6,3,23
162,6,4,13
162,6,5,20
162,6,6,42
162,6,7,53
162,6,8,85
162,6,9,111
162,6,10,164
162,6,11,219
162,6,12,233
162,6,13,241
162,6,14,227
162,6,15,199
162,6,16,197
162,6,17,224
162,6,18,256
162,6,19,206
162,6,20,190
162,6,21,155
162,6,22,97
162,6,23,48
163,0,0,44
163,0,1,27
163,0,2,25
163,0,3,21
163,0,4,14
163,0,5,18
163,0,6,23
163,0,7,55
163,0,8,99
163,0,9,134
163,0,10,169
163,0,11,211
163,0,12,221
163,0,13,250
163,0,14,255
163,0,15,259
163,0,16,260
163,0,17,359
163,0,18,352
163,0,19,279
163,0,20,257
163,0,21,242
163,0,22,172
163,0,23,78
163,1,0,37
163,1,1,22
163,1,2,7
163,1,3,6
163,1,4,7
163,1,5,12
163,1,6,20
163,1,7,80
163,1,8,143
163,1,9,131
163,1,10,173
163,1,11,264
163,1,12,243
163,1,13,269
163,1,14,307
163,1,15,277
163,1,16,329
163,1,17,423
163,1,18,456
163,1,19,386
163,1,20,330
163,1,21,300
163,1,22,260
163,1,23,132
163,2,0,51
163,2,1,29
163,2,2,10
163,2,3,10
163,2,4,13
163,2,5,14
163,2,6,25
163,2,7,92
163,2,8,159
163,2,9,152
163,2,10,183
163,2,11,244
163,2,12,247
163,2,13,289
163,2,14,324
163,2,15,322
163,2,16,343
163,2,17,440
163,2,18,474
163,2,19,400
163,2,20,355
163,2,21,367
163,2,22,312
163,2,23,172
163,3,0,47
163,3,1,20
163,3,2,11
163,3,3,6
163,3,4,11
163,3,5,15
163,3,6,31
163,3,7,67
163,3,8,159
163,3,9,200
163,3,10,199
163,3,11,254
163,3,12,280
163,3,13,311
163,3,14,318
163,3,15,323
163,3,16,361
163,3,17,370
163,3,18,442
163,3,19,411
163,3,20,373
163,3,21,365
163,3,22,324
163,3,23,170
163,4,0,94
163,4,1,39
163,4,2,25
163,4,3,16
163,4,4,17
163,4,5,15
163,4,6,34
163,4,7,71
163,4,8,131
163,4,9,136
163,4,10,204
163,4,11,224
163,4,12,277
163,4,13,260
163,4,14,275
163,4,15,275
163,4,16,359
163,4,17,369
163,4,18,350
163,4,19,280
163,4,20,249
163,4,21,276
163,4,22,261
163,4,23,176
163,5,0,85
163,5,1,63
163,5,2,43
163,5,3,20
163,5,4,16
163,5,5,9
163,5,6,14
163,5,7,32
163,5,8,57
163,5,9,105
163,5,10,175
163,5,11,217
163,5,12,248
163,5,13,308
163,5,14,256
163,5,15,282
163,5,16,307
163,5,17,298
163,5,18,290
163,5,19,306
163,5,20,218
163,5,21,214
163,5,22,257
163,5,23,192
163,6,0,114
163,6,1,56
163,6,2,38
163,6,3,24
163,6,4,29
163,6,5,21
163,6,6,24
163,6,7,28
163,6,8,69
163,6,9,119
163,6,10,166
163,6,11,211
163,6,12,220
163,6,13,217
163,6,14,219
163,6,15,251
163,6,16,257
163,6,17,217
163,6,18,226
163,6,19,121
163,6,20,133
163,6,21,127
163,6,22,122
163,6,23,60
164,0,0,49
164,0,1,33
164,0,2,30
164,0,3,21
164,0,4,14
164,0,5,16
164,0,6,35
164,0,7,52
164,0,8,87
164,0,9,102
164,0,10,112
164,0,11,131
164,0,12,145
164,0,13,157
164,0,14,188
164,0,15,179
164,0,16,159
164,0,17,226
164,0,18,207
164,0,19,161
164,0,20,161
164,0,21,168
164,0,22,117
164,0,23,54
164,1,0,62
164,1,1,24
164,1,2,5
164,1,3,3
164,1,4,8
164,1,5,11
164,1,6,26
164,1,7,75
164,1,8,90
164,1,9,134
164,1,10,165
164,1,11,166
164,1,12,175
164,1,13,187
164,1,14,201
164,1,15,193
164,1,16,205
164,1,17,260
164,1,18,263
164,1,19,249
164,1,20,216
164,1,21,234
164,1,22,185
164,1,23,93
164,2,0,63
164,2,1,30
164,2,2,18
164,2,3,5
164,2,4,10
164,2,5,7
164,2,6,20
164,2,7,78
164,2,8,106
164,2,9,137
164,2,10,151
164,2,11,190
164,2,12,182
164,2,13,180
164,2,14,215
164,2,15,206
164,2,16,229
164,2,17,286
164,2,18,307
164,2,19,287
164,2,20,238
164,2,21,286
164,2,22,215
164,2,23,141
164,3,0,84
164,3,1,29
164,3,2,21
164,3,3,11
164,3,4,13
164,3,5,12
164,3,6,20
164,3,7,56
164,3,8,127
164,3,9,155
164,3,10,166
164,3,11,184
164,3,12,197
164,3,13,243
164,3,14,193
164,3,15,224
164,3,16,228
164,3,17,275
164,3,18,327
164,3,19,270
164,3,20,288
164,3,21,299
164,3,22,285
164,3,23,208
164,4,0,128
164,4,1,62
164,4,2,37
164,4,3,20
164,4,4,27
164,4,5,11
164,4,6,19
164,4,7,52
164,4,8,92
164,4,9,99
164,4,10,128
164,4,11,159
164,4,12,185
164,4,13,183
164,4,14,205
164,4,15,191
164,4,16,212
164,4,17,194
164,4,18,227
164,4,19,250
164,4,20,188
164,4,21,192
164,4,22,195
164,4,23,184
164,5,0,168
164,5,1,125
164,5,2,78
164,5,3,51
164,5,4,43
164,5,5,21
164,5,6,19
164,5,7,30
164,5,8,58
164,5,9,88
164,5,10,117
164,5,11,156
164,5,12,177
164,5,13,163
164,5,14,204
164,5,15,187
164,5,16,200
164,5,17,210
164,5,18,201
164,5,19,217
164,5,20,206
164,5,21,184
164,5,22,217
164,5,23,213
164,6,0,179
164,6,1,142
164,6,2,87
164,6,3,72
164,6,4,57
164,6,5,18
164,6,6,17
164,6,7,32
164,6,8,42
164,6,9,81
164,6,10,94
164,6,11,117
164,6,12,154
164,6,13,156
164,6,14,146
164,6,15,156
164,6,16,137
164,6,17,145
164,6,18,158
164,6,19,117
164,6,20,128
164,6,21,111
164,6,22,75
164,6,23,55
165,0,2,1
165,0,8,1
165,0,9,1
165,0,10,1
165,0,11,2
165,0,12,2
165,0,13,1
165,0,14,1
165,0,15,1
165,0,16,3
165,0,17,1
165,0,23,1
165,1,2,1
165,1,6,2
165,1,7,1
165,1,8,1
165,1,9,1
165,1,10,2
165,1,12,1
165,1,14,2
165,1,15,4
165,1,16,1
165,1,17,2
165,1,18,1
165,1,22,1
165,2,6,1
165,2,7,1
165,2,8,2
165,2,9,3
165,2,10,2
165,2,11,3
165,2,12,2
165,2,14,2
165,2,17,1
165,3,2,1
165,3,7,3
165,3,8,1
165,3,9,2
165,3,10,5
165,3,11,2
165,3,12,2
165,3,13,2
165,3,14,1
165,3,15,1
165,3,16,4
165,3,17,1
165,4,6,6
165,4,7,1
165,4,9,1
165,4,11,1
165,4,12,1
165,4,13,1
165,4,15,1
165,4,16,1
165,4,18,1
165,5,11,1
165,5,15,1
165,5,16,1
165,5,19,1
165,6,1,1
165,6,9,1
165,6,11,1
166,0,0,5
166,0,1,5
166,0,2,2
166,0,3,1
166,0,4,2
166,0,5,4
166,0,6,4
166,0,7,15
166,0,8,34
166,0,9,28
166,0,10,39
166,0,11,33
166,0,12,43
166,0,13,30
166,0,14,39
166,0,15,38
166,0,16,39
166,0,17,36
166,0,18,46
166,0,19,22
166,0,20,35
166,0,21,20
166,0,22,20
166,0,23,7
166,1,0,8
166,1,1,1
166,1,4,3
166,1,5,6
166,1,6,9
166,1,7,21
166,1,8,40
166,1,9,34
166,1,10,36
166,1,11,33
166,1,12,49
166,1,13,51
166,1,14,43
166,1,15,43
166,1,16,34
166,1,17,51
166,1,18,51
166,1,19,30
166,1,20,35
166,1,21,33
166,1,22,13
166,1,23,7
166,2,0,2
166,2,1,4
166,2,2,1
166,2,3,3
166,2,4,2
166,2,5,3
166,2,6,9
166,2,7,27
166,2,8,47
166,2,9,41
166,2,10,21
166,2,11,24
166,2,12,43
166,2,13,51
166,2,14,54
166,2,15,47
166,2,16,54
166,2,17,51
166,2,18,45
166,2,19,37
166,2,20,39
166,2,21,27
166,2,22,26
166,2,23,13
166,3,0,7
166,3,1,3
166,3,2,1
166,3,5,6
166,3,6,6
166,3,7,26
166,3,8,43
166,3,9,48
166,3,10,45
166,3,11,45
166,3,12,46
166,3,13,53
166,3,14,50
166,3,15,46
166,3,16,72
166,3,17,73
166,3,18,67
166,3,19,38
166,3,20,41
166,3,21,40
166,3,22,29
166,3,23,11
166,4,0,12
166,4,1,3
166,4,2,1
166,4,5,6
166,4,6,9
166,4,7,31
166,4,8,46
166,4,9,49
166,4,10,33
166,4,11,37
166,4,12,60
166,4,13,43
166,4,14,39
166,4,15,54
166,4,16,66
166,4,17,61
166,4,18,41
166,4,19,27
166,4,20,20
166,4,21,20
166,4,22,24
166,4,23,14
166,5,0,8
166,5,1,6
166,5,2,1
166,5,3,2
166,5,4,1
166,5,5,2
166,5,6,2
166,5,7,5
166,5,8,19
166,5,9,29
166,5,10,25
166,5,11,32
166,5,12,46
166,5,13,43
166,5,14,30
166,5,15,35
166,5,16,40
166,5,17,45
166,5,18,42
166,5,19,29
166,5,20,19
166,5,21,23
166,5,22,30
166,5,23,15
166,6,0,17
166,6,1,8
166,6,2,4
166,6,4,3
166,6,5,2
166,6,6,4
166,6,7,12
166,6,8,13
166,6,9,27
166,6,10,29
166,6,11,43
166,6,12,43
166,6,13,44
166,6,14,38
166,6,15,19
166,6,16,26
166,6,17,37
166,6,18,41
166,6,19,28
166,6,20,22
166,6,21,10
166,6,22,8
166,6,23,5
167,0,4,1
167,0,5,1
167,0,6,2
167,0,7,1
167,0,8,1
167,0,9,2
167,0,10,1
167,0,11,2
167,0,13,2
167,1,6,3
167,1,7,2
167,1,8,1
167,1,9,1
167,1,10,2
167,1,12,1
167,1,16,2
167,2,6,1
167,2,7,2
167,2,9,1
167,2,10,2
167,2,11,1
167,2,13,2
167,2,14,1
167,3,5,1
167,3,6,1
167,3,7,1
167,3,8,1
167,3,9,1
167,3,12,1
167,3,13,6
167,4,4,1
167,4,6,2
167,4,8,1
167,4,9,1
167,4,10,1
167,4,14,2
167,5,5,1
167,5,7,1
167,5,10,2
167,5,11,1
167,5,12,1
167,5,17,1
167,5,18,1
167,5,20,1
167,5,23,1
167,6,5,1
167,6,8,2
167,6,9,2
167,6,11,1
167,6,17,1
168,0,6,1
168,0,7,4
168,0,8,6
168,0,9,2
168,0,10,4
168,0,11,2
168,0,13,1
168,0,15,1
168,0,16,1
168,0,17,2
168,0,18,3
168,0,20,1
168,0,22,1
168,1,5,1
168,1,7,1
168,1,8,1
168,1,9,2
168,1,10,1
168,1,11,1
168,1,12,2
168,1,13,2
168,1,15,1
168,1,16,2
168,1,21,1
168,2,4,1
168,2,5,1
168,2,6,1
168,2,7,4
168,2,9,2
168,2,11,1
168,2,13,1
168,2,14,4
168,2,15,2
168,2,16,1
168,2,17,2
168,2,18,1
168,2,19,1
168,2,22,1
168,3,2,1
168,3,6,1
168,3,8,1
168,3,10,3
168,3,11,1
168,3,13,1
168,3,14,1
168,3,15,1
168,4,4,1
168,4,5,2
168,4,6,2
168,4,7,2
168,4,8,2
168,4,11,1
168,4,13,1
168,4,14,1
168,4,16,1
168,4,17,1
168,4,18,2
168,4,21,1
168,5,8,1
168,5,9,1
168,5,12,3
168,5,13,2
168,5,14,1
168,5,15,1
168,5,16,1
168,5,21,1
168,5,23,1
168,6,3,1
168,6,8,1
168,6,9,1
168,6,10,2
168,6,12,1
168,6,14,1
168,6,15,2
168,6,18,1
169,0,7,1
169,0,9,1
169,0,10,1
169,0,11,1
169,0,14,1
169,0,15,1
169,1,7,2
169,1,8,2
169,1,12,1
169,1,13,1
169,1,16,1
169,1,17,1
169,1,18,1
169,2,5,2
169,2,6,1
169,2,7,2
169,2,8,2
169,2,10,1
169,2,11,1
169,2,13,2
169,2,16,1
169,2,17,2
169,3,7,1
169,3,10,2
169,3,11,1
169,3,18,1
169,3,19,1
169,4,5,3
169,4,6,1
169,4,7,1
169,4,9,2
169,4,12,1
169,4,13,1
169,4,14,1
169,5,1,1
169,5,4,1
169,5,8,1
169,5,9,1
169,5,10,1
169,5,11,1
169,5,12,1
169,5,13,1
169,5,22,1
169,6,17,1
170,0,0,50
170,0,1,47
170,0,2,33
170,0,3,11
170,0,4,16
170,0,5,17
170,0,6,50
170,0,7,114
170,0,8,178
170,0,9,211
170,0,10,177
170,0,11,202
170,0,12,205
170,0,13,230
170,0,14,260
170,0,15,237
170,0,16,240
170,0,17,268
170,0,18,284
170,0,19,215
170,0,20,210
170,0,21,144
170,0,22,98
170,0,23,56
170,1,0,32
170,1,1,9
170,1,2,8
170,1,3,7
170,1,4,11
170,1,5,23
170,1,6,58
170,1,7,139
170,1,8,211
170,1,9,261
170,1,10,274
170,1,11,281
170,1,12,272
170,1,13,296
170,1,14,298
170,1,15,277
170,1,16,299
170,1,17,343
170,1,18,389
170,1,19,289
170,1,20,264
170,1,21,207
170,1,22,145
170,1,23,79
170,2,0,37
170,2,1,21
170,2,2,9
170,2,3,4
170,2,4,4
170,2,5,22
170,2,6,52
170,2,7,148
170,2,8,197
170,2,9,281
170,2,10,284
170,2,11,269
170,2,12,296
170,2,13,311
170,2,14,318
170,2,15,312
170,2,16,350
170,2,17,407
170,2,18,408
170,2,19,364
170,2,20,300
170,2,21,223
170,2,22,194
170,2,23,110
170,3,0,50
170,3,1,24
170,3,2,4
170,3,3,5
170,3,4,4
170,3,5,14
170,3,6,58
170,3,7,158
170,3,8,230
170,3,9,250
170,3,10,264
170,3,11,271
170,3,12,287
170,3,13,301
170,3,14,277
170,3,15,320
170,3,16,326
170,3,17,367
170,3,18,419
170,3,19,388
170,3,20,325
170,3,21,328
170,3,22,241
170,3,23,153
170,4,0,104
170,4,1,41
170,4,2,17
170,4,3,14
170,4,4,6
170,4,5,13
170,4,6,58
170,4,7,110
170,4,8,173
170,4,9,199
170,4,10,234
170,4,11,251
170,4,12,243
170,4,13,267
170,4,14,296
170,4,15,254
170,4,16,285
170,4,17,330
170,4,18,332
170,4,19,326
170,4,20,222
170,4,21,185
170,4,22,177
170,4,23,150
170,5,0,121
170,5,1,85
170,5,2,45
170,5,3,26
170,5,4,14
170,5,5,8
170,5,6,27
170,5,7,38
170,5,8,81
170,5,9,133
170,5,10,170
170,5,11,241
170,5,12,237
170,5,13,250
170,5,14,235
170,5,15,226
170,5,16,249
170,5,17,235
170,5,18,272
170,5,19,258
170,5,20,229
170,5,21,181
170,5,22,200
170,5,23,172
170,6,0,119
170,6,1,85
170,6,2,53
170,6,3,28
170,6,4,28
170,6,5,13
170,6,6,24
170,6,7,36
170,6,8,60
170,6,9,105
170,6,10,151
170,6,11,188
170,6,12,195
170,6,13,180
170,6,14,180
170,6,15,162
170,6,16,195
170,6,17,187
170,6,18,172
170,6,19,141
170,6,20,127
170,6,21,101
170,6,22,106
170,6,23,53
171,1,10,1
171,2,8,1
171,2,9,1
171,2,10,1
171,2,14,1
171,3,5,1
171,3,7,1
171,3,8,1
171,3,11,1
171,3,15,1
171,3,20,1
171,4,12,1
171,4,18,1
171,5,6,1
171,5,8,1
171,5,18,1
171,6,12,1
171,6,15,1
171,6,16,1
171,6,17,1
172,0,3,1
172,6,15,1
173,0,10,1
173,0,14,1
173,1,9,1
173,1,11,1
173,1,12,1
173,1,14,1
173,1,18,1
173,3,7,1
173,3,8,1
173,3,10,1
173,3,12,1
173,3,14,2
173,3,19,1
173,4,3,1
173,4,11,1
173,5,13,1
173,5,16,1
173,5,21,1
173,6,0,1
173,6,4,1
173,6,6,1
173,6,9,1
173,6,14,1
173,6,22,1
174,0,6,1
174,0,7,1
174,0,8,2
174,0,10,1
174,0,11,1
174,0,14,1
174,0,17,1
174,0,18,1
174,1,11,1
174,1,12,1
174,1,13,1
174,1,14,1
174,1,16,1
174,2,7,2
174,2,11,1
174,2,12,2
174,2,13,1
174,3,5,2
174,3,8,3
174,3,11,1
174,3,12,1
174,3,13,2
174,3,14,1
174,3,16,1
174,3,17,1
174,3,18,1
174,4,6,1
174,4,7,1
174,4,10,2
174,4,12,1
174,4,18,1
174,5,11,1
174,5,12,1
174,6,8,2
174,6,16,1
175,0,12,1
175,0,17,1
175,0,18,1
175,0,19,1
175,1,16,1
175,1,18,1
175,2,13,1
175,2,14,1
175,2,19,3
175,3,19,1
175,4,12,1
175,4,19,1
175,4,23,1
175,5,9,1
175,5,15,1
175,5,22,1
175,6,11,1
177,0,0,1
177,0,5,1
177,0,6,3
177,0,7,3
177,0,8,4
177,0,9,2
177,0,10,2
177,0,11,1
177,0,12,2
177,0,13,1
177,0,15,1
177,0,17,1
177,0,22,1
177,1,5,1
177,1,6,3
177,1,7,2
177,1,8,2
177,1,9,1
177,1,10,3
177,1,11,2
177,1,12,2
177,1,13,1
177,1,18,1
177,2,5,3
177,2,7,2
177,2,8,3
177,2,9,2
177,2,10,4
177,2,11,1
177,2,12,5
177,2,13,4
177,2,14,1
177,2,17,1
177,3,6,2
177,3,7,2
177,3,8,3
177,3,10,1
177,3,11,1
177,3,12,2
177,3,13,1
177,3,14,1
177,3,15,1
177,3,18,1
177,3,19,1
177,3,21,1
177,4,5,1
177,4,6,2
177,4,7,2
177,4,8,6
177,4,9,1
177,4,10,3
177,4,11,1
177,4,13,2
177,4,15,1
177,4,16,1
177,4,17,1
177,4,18,1
177,4,21,1
177,5,0,1
177,5,4,1
177,5,8,1
177,5,9,1
177,5,11,1
177,5,13,1
177,5,18,1
177,6,4,1
177,6,8,2
177,6,9,1
177,6,12,2
177,6,17,1
178,0,6,1
178,0,8,2
178,0,9,1
178,1,5,1
178,1,8,2
178,1,9,2
178,1,13,1
178,1,14,1
178,2,19,1
178,3,8,2
178,3,10,1
178,3,21,1
178,4,8,2
178,4,9,1
178,4,10,1
178,4,16,1
178,6,9,1
178,6,13,1
179,0,1,2
179,0,4,1
179,0,6,1
179,0,7,2
179,0,9,2
179,0,10,2
179,0,11,2
179,0,12,1
179,0,13,2
179,0,14,1
179,0,15,1
179,0,17,1
179,1,5,2
179,1,6,1
179,1,7,1
179,1,10,2
179,1,12,1
179,1,13,1
179,1,14,4
179,1,15,4
179,1,16,1
179,1,23,1
179,2,1,1
179,2,4,1
179,2,6,2
179,2,8,1
179,2,9,1
179,2,10,3
179,2,11,1
179,2,12,3
179,2,13,1
179,2,14,2
179,2,15,1
179,2,16,2
179,2,21,2
179,3,5,1
179,3,6,1
179,3,7,3
179,3,9,1
179,3,10,2
179,3,11,3
179,3,12,4
179,3,14,2
179,3,16,2
179,3,18,1
179,4,6,1
179,4,9,1
179,4,10,1
179,4,11,2
179,4,12,1
179,4,14,2
179,4,15,1
179,4,16,2
179,4,18,1
179,4,19,1
179,4,20,1
179,4,22,1
179,4,23,1
179,5,0,1
179,5,2,1
179,5,3,1
179,5,10,3
179,5,12,2
179,5,15,1
179,5,16,1
179,5,18,1
179,5,21,1
179,5,22,1
179,5,23,1
179,6,0,2
179,6,2,1
179,6,4,2
179,6,8,2
179,6,9,2
179,6,12,1
179,6,17,2
179,6,18,2
179,6,22,1
180,0,5,1
180,0,8,1
180,0,9,1
180,0,15,1
180,1,11,1
180,2,0,1
180,2,8,1
180,2,11,1
180,2,14,1
180,2,15,1
180,2,19,1
180,3,11,2
180,3,23,1
180,4,9,1
180,4,12,1
180,5,10,1
180,5,23,2
180,6,11,1
181,0,0,1
181,0,1,2
181,0,3,1
181,0,8,1
181,0,9,2
181,0,10,3
181,0,11,2
181,0,12,2
181,0,13,1
181,0,14,4
181,0,15,2
181,0,16,4
181,0,17,1
181,0,18,1
181,0,19,1
181,0,20,1
181,0,21,3
181,0,22,5
181,1,0,1
181,1,1,1
181,1,6,1
181,1,7,1
181,1,8,1
181,1,9,1
181,1,10,4
181,1,11,4
181,1,12,4
181,1,13,3
181,1,14,4
181,1,15,1
181,1,18,1
181,1,19,1
181,1,20,3
181,1,21,3
181,1,22,6
181,1,23,1
181,2,0,1
181,2,1,1
181,2,7,1
181,2,8,2
181,2,9,3
181,2,10,1
181,2,11,6
181,2,12,3
181,2,13,2
181,2,14,1
181,2,16,2
181,2,17,2
181,2,18,1
181,2,19,3
181,2,21,5
181,2,22,3
181,2,23,2
181,3,0,1
181,3,5,1
181,3,6,1
181,3,9,2
181,3,10,6
181,3,11,1
181,3,12,3
181,3,13,2
181,3,14,3
181,3,15,4
181,3,16,3
181,3,18,4
181,3,20,1
181,3,21,1
181,3,22,3
181,3,23,2
181,4,0,3
181,4,1,2
181,4,3,1
181,4,6,1
181,4,10,2
181,4,11,2
181,4,12,3
181,4,13,1
181,4,16,2
181,4,17,4
181,4,18,1
181,4,19,3
181,4,20,2
181,4,22,3
181,4,23,3
181,5,0,10
181,5,1,1
181,5,3,1
181,5,8,2
181,5,9,1
181,5,11,3
181,5,12,1
181,5,13,2
181,5,14,1
181,5,15,1
181,5,16,3
181,5,17,1
181,5,18,3
181,5,19,1
181,5,20,4
181,5,21,3
181,5,23,5
181,6,0,5
181,6,2,2
181,6,3,1
181,6,5,1
181,6,9,1
181,6,10,1
181,6,12,1
181,6,13,2
181,6,15,2
181,6,16,4
181,6,17,2
181,6,18,2
181,6,20,2
181,6,21,1
181,6,23,2
182,0,5,2
182,0,6,1
182,0,9,2
182,0,11,1
182,0,16,1
182,1,1,1
182,1,5,1
182,1,6,1
182,1,7,2
182,1,9,1
182,1,10,1
182,1,12,2
182,1,13,1
182,1,14,2
182,2,5,2
182,2,6,2
182,2,7,1
182,2,9,1
182,2,10,1
182,2,12,1
182,2,13,2
182,2,14,1
182,2,16,1
182,2,17,1
182,2,18,1
182,3,5,2
182,3,6,1
182,3,7,1
182,3,9,1
182,3,11,1
182,3,12,1
182,3,14,1
182,4,6,1
182,4,8,1
182,4,9,1
182,4,10,1
182,4,11,1
182,4,13,1
182,4,19,2
182,4,20,1
182,5,5,1
182,5,10,1
182,5,12,1
182,5,20,1
182,6,9,1
182,6,10,1
182,6,11,3
182,6,17,1
183,0,14,1
183,1,4,1
183,1,6,1
183,1,13,1
183,2,7,1
183,2,19,1
183,3,4,1
183,4,5,1
183,4,16,1
183,5,10,1
183,6,12,1
184,1,10,1
185,0,10,1
185,0,12,1
185,0,13,1
185,0,14,1
185,0,16,1
185,1,8,1
185,1,13,1
185,1,14,1
185,2,6,3
185,2,10,1
185,2,11,1
185,2,13,1
185,2,14,1
185,2,16,3
185,3,6,3
185,3,8,1
185,3,10,1
185,4,6,1
185,4,16,1
185,5,8,1
185,5,14,1
185,5,17,1
185,6,9,1
185,6,11,1
185,6,15,1
186,0,0,95
186,0,1,57
186,0,2,23
186,0,3,41
186,0,4,21
186,0,5,85
186,0,6,161
186,0,7,207
186,0,8,269
186,0,9,306
186,0,10,288
186,0,11,265
186,0,12,279
186,0,13,259
186,0,14,222
186,0,15,228
186,0,16,228
186,0,17,293
186,0,18,297
186,0,19,238
186,0,20,251
186,0,21,364
186,0,22,204
186,0,23,140
186,1,0,101
186,1,1,31
186,1,2,20
186,1,3,12
186,1,4,10
186,1,5,85
186,1,6,193
186,1,7,304
186,1,8,346
186,1,9,342
186,1,10,343
186,1,11,294
186,1,12,271
186,1,13,241
186,1,14,203
186,1,15,248
186,1,16,237
186,1,17,279
186,1,18,305
186,1,19,251
186,1,20,216
186,1,21,418
186,1,22,250
186,1,23,145
186,2,0,78
186,2,1,34
186,2,2,19
186,2,3,7
186,2,4,12
186,2,5,68
186,2,6,177
186,2,7,348
186,2,8,412
186,2,9,383
186,2,10,307
186,2,11,295
186,2,12,297
186,2,13,295
186,2,14,257
186,2,15,267
186,2,16,235
186,2,17,321
186,2,18,323
186,2,19,244
186,2,20,238
186,2,21,257
186,2,22,253
186,2,23,184
186,3,0,87
186,3,1,38
186,3,2,18
186,3,3,9
186,3,4,10
186,3,5,91
186,3,6,202
186,3,7,299
186,3,8,369
186,3,9,365
186,3,10,331
186,3,11,269
186,3,12,248
186,3,13,273
186,3,14,281
186,3,15,260
186,3,16,300
186,3,17,332
186,3,18,365
186,3,19,329
186,3,20,284
186,3,21,379
186,3,22,295
186,3,23,223
186,4,0,151
186,4,1,67
186,4,2,27
186,4,3,10
186,4,4,10
186,4,5,61
186,4,6,155
186,4,7,201
186,4,8,210
186,4,9,247
186,4,10,250
186,4,11,282
186,4,12,287
186,4,13,289
186,4,14,299
186,4,15,295
186,4,16,266
186,4,17,360
186,4,18,347
186,4,19,347
186,4,20,267
186,4,21,263
186,4,22,234
186,4,23,234
186,5,0,170
186,5,1,91
186,5,2,48
186,5,3,45
186,5,4,22
186,5,5,33
186,5,6,67
186,5,7,40
186,5,8,89
186,5,9,162
186,5,10,239
186,5,11,328
186,5,12,347
186,5,13,325
186,5,14,313
186,5,15,309
186,5,16,342
186,5,17,325
186,5,18,327
186,5,19,235
186,5,20,232
186,5,21,267
186,5,22,250
186,5,23,236
186,6,0,173
186,6,1,102
186,6,2,52
186,6,3,52
186,6,4,32
186,6,5,23
186,6,6,44
186,6,7,39
186,6,8,67
186,6,9,128
186,6,10,190
186,6,11,255
186,6,12,259
186,6,13,338
186,6,14,310
186,6,15,270
186,6,16,312
186,6,17,315
186,6,18,299
186,6,19,338
186,6,20,288
186,6,21,266
186,6,22,201
186,6,23,144
188,0,5,1
188,0,6,2
188,0,7,4
188,0,9,1
188,0,10,3
188,0,11,3
188,0,12,6
188,0,13,4
188,0,15,3
188,0,17,4
188,0,21,1
188,1,5,3
188,1,6,3
188,1,7,2
188,1,9,4
188,1,10,5
188,1,11,4
188,1,12,2
188,1,13,2
188,1,14,1
188,1,15,1
188,1,16,3
188,1,17,1
188,1,23,1
188,2,6,6
188,2,7,6
188,2,8,2
188,2,9,4
188,2,10,1
188,2,12,3
188,2,13,2
188,2,14,2
188,2,15,1
188,2,17,1
188,2,19,1
188,3,6,6
188,3,7,5
188,3,8,4
188,3,10,1
188,3,11,2
188,3,12,5
188,3,13,7
188,3,14,2
188,3,15,1
188,3,16,1
188,3,17,2
188,3,19,2
188,3,20,1
188,4,4,1
188,4,5,1
188,4,6,1
188,4,7,4
188,4,8,3
188,4,9,2
188,4,11,1
188,4,12,3
188,4,13,3
188,4,14,3
188,4,15,2
188,4,16,3
188,4,17,3
188,5,3,1
188,5,5,2
188,5,8,1
188,5,9,1
188,5,10,4
188,5,11,2
188,5,12,1
188,5,14,1
188,5,18,1
188,6,5,1
188,6,8,1
188,6,9,2
188,6,10,1
188,6,11,1
188,6,12,1
188,6,14,1
188,6,18,1
188,6,23,1
189,0,8,1
189,0,9,1
189,0,10,1
189,0,11,2
189,0,16,1
189,0,22,1
189,1,1,1
189,1,6,2
189,1,8,1
189,1,9,2
189,1,10,1
189,1,14,1
189,1,16,3
189,1,20,1
189,1,21,1
189,1,22,1
189,2,5,1
189,2,8,1
189,2,9,1
189,2,10,2
189,2,11,2
189,2,12,1
189,2,15,2
189,2,21,1
189,2,22,1
189,3,0,2
189,3,1,1
189,3,5,1
189,3,6,1
189,3,8,2
189,3,10,2
189,3,11,1
189,3,20,1
189,3,21,2
189,3,22,1
189,3,23,1
189,4,7,1
189,4,9,1
189,4,11,1
189,4,12,1
189,4,15,1
189,4,17,1
189,4,18,2
189,4,19,2
189,4,20,1
189,4,22,2
189,4,23,1
189,5,1,2
189,5,3,1
189,5,8,1
189,5,9,1
189,5,10,1
189,5,11,2
189,5,13,2
189,5,17,2
189,5,19,2
189,6,0,1
189,6,14,1
189,6,15,2
189,6,23,1
190,1,1,1
190,1,20,1
190,2,6,1
190,2,19,1
190,3,11,1
190,3,15,1
190,3,16,1
190,4,0,1
190,4,16,1
190,5,13,1
190,5,20,1
191,0,6,2
191,0,8,1
191,0,12,3
191,0,13,1
191,0,14,2
191,0,17,1
191,1,5,1
191,1,6,1
191,1,7,1
191,1,8,2
191,1,9,1
191,1,10,3
191,1,11,2
191,1,12,1
191,1,14,2
191,1,17,1
191,2,2,1
191,2,8,1
191,2,9,1
191,2,10,1
191,2,12,1
191,2,13,2
191,2,15,2
191,2,16,2
191,3,6,1
191,3,7,1
191,3,8,2
191,3,9,1
191,3,10,1
191,3,11,1
191,3,12,2
191,3,13,2
191,3,15,1
191,4,0,1
191,4,5,1
191,4,7,1
191,4,8,1
191,4,9,3
191,4,10,1
191,4,11,2
191,4,12,2
191,4,13,1
191,4,14,1
191,4,15,1
191,4,17,1
191,5,5,1
191,5,7,1
191,5,8,1
191,5,9,1
191,5,15,2
191,6,7,1
191,6,12,1
191,6,14,1
191,6,15,1
191,6,18,1
192,0,11,1
192,1,7,1
192,2,11,1
192,2,12,1
192,2,14,1
192,4,11,1
192,4,15,1
193,0,2,2
193,0,5,1
193,0,6,2
193,0,9,1
193,0,10,2
193,0,11,2
193,0,13,1
193,0,14,2
193,0,15,1
193,0,16,1
193,0,18,1
193,0,21,1
193,1,5,1
193,1,6,3
193,1,7,1
193,1,8,1
193,1,9,1
193,1,10,1
193,1,11,1
193,1,12,1
193,1,14,1
193,1,15,1
193,1,20,3
193,1,21,1
193,2,5,2
193,2,6,4
193,2,7,1
193,2,8,3
193,2,9,1
193,2,12,2
193,2,13,1
193,2,14,1
193,2,15,1
193,2,16,3
193,2,17,1
193,2,22,1
193,3,2,1
193,3,5,3
193,3,6,2
193,3,7,1
193,3,8,3
193,3,9,1
193,3,10,3
193,3,13,1
193,3,14,2
193,3,15,2
193,3,17,3
193,4,1,1
193,4,5,4
193,4,7,2
193,4,8,1
193,4,9,5
193,4,10,3
193,4,11,3
193,4,14,1
193,4,16,1
193,4,19,2
193,4,22,1
193,5,1,3
193,5,6,3
193,5,7,1
193,5,8,1
193,5,11,1
193,5,12,1
193,5,14,2
193,5,21,1
193,5,22,1
193,6,2,1
193,6,3,1
193,6,6,1
193,6,8,2
193,6,9,2
193,6,11,1
193,6,12,2
193,6,13,1
193,6,14,2
193,6,16,1
193,6,18,1
194,0,6,1
194,0,7,2
194,0,8,2
194,0,15,1
194,1,12,1
194,1,15,2
194,1,16,2
194,2,9,1
194,3,5,1
194,3,9,2
194,3,11,1
194,3,13,1
194,3,19,1
194,4,4,1
194,4,11,1
194,4,20,1
194,5,1,1
194,5,7,1
194,5,12,1
194,5,14,2
194,5,16,1
194,5,17,1
194,5,22,1
194,6,19,1
195,0,2,1
195,0,4,1
195,0,12,1
195,0,13,1
195,0,18,1
195,0,22,1
195,1,11,1
195,2,6,1
195,2,7,3
195,2,8,1
195,2,9,1
195,2,10,3
195,2,13,1
195,2,18,1
195,3,7,1
195,3,10,2
195,3,12,1
195,3,13,1
195,3,17,1
195,3,20,1
195,3,21,2
195,4,7,1
195,4,15,1
195,4,21,1
195,5,9,4
195,5,10,4
195,5,11,2
195,5,12,1
195,5,17,4
195,6,7,9
195,6,8,15
195,6,9,12
195,6,10,4
195,6,12,2
196,0,0,1
196,0,5,2
196,0,6,1
196,0,7,1
196,0,8,1
196,0,9,1
196,0,18,1
196,1,5,1
196,1,6,2
196,1,8,1
196,1,9,1
196,1,10,1
196,1,12,1
196,1,13,1
196,1,14,1
196,1,17,1
196,2,7,1
196,2,11,2
196,2,13,2
196,2,14,1
196,2,16,3
196,2,17,2
196,2,18,1
196,2,21,1
196,3,8,1
196,3,11,2
196,3,14,3
196,4,0,1
196,4,5,1
196,4,11,1
196,4,12,1
196,4,13,2
196,4,14,1
196,5,6,1
196,5,8,1
196,5,11,1
196,5,13,1
196,5,14,2
196,5,23,1
196,6,7,1
196,6,8,1
196,6,10,1
196,6,13,1
196,6,14,1
196,6,22,1
197,0,7,3
197,0,8,3
197,0,9,1
197,0,10,1
197,0,11,1
197,0,12,1
197,0,14,2
197,0,15,2
197,0,16,4
197,0,17,2
197,1,1,1
197,1,5,1
197,1,6,4
197,1,7,3
197,1,11,3
197,1,13,1
197,1,15,1
197,1,16,1
197,1,17,1
197,1,20,1
197,2,5,2
197,2,6,1
197,2,7,1
197,2,9,3
197,2,10,2
197,2,11,2
197,2,12,4
197,2,13,3
197,2,14,5
197,2,15,3
197,2,16,2
197,2,21,1
197,3,5,1
197,3,6,1
197,3,7,1
197,3,8,1
197,3,9,1
197,3,10,1
197,3,11,1
197,3,12,2
197,3,13,1
197,3,15,2
197,3,16,2
197,3,17,2
197,3,18,1
197,3,19,1
197,3,20,1
197,3,21,1
197,4,1,1
197,4,4,1
197,4,5,1
197,4,7,1
197,4,9,2
197,4,10,1
197,4,11,1
197,4,13,2
197,4,14,2
197,4,15,1
197,4,16,2
197,4,23,1
197,5,0,1
197,5,8,1
197,5,11,1
197,5,13,3
197,5,14,1
197,5,17,1
197,5,20,2
197,5,21,2
197,5,23,1
197,6,8,3
197,6,9,1
197,6,11,1
197,6,14,1
197,6,18,1
197,6,20,1
197,6,21,1
197,6,22,1
198,0,7,1
198,0,12,1
198,1,9,1
198,1,11,2
198,1,12,1
198,1,13,1
198,1,14,1
198,1,16,1
198,1,23,1
198,2,0,1
198,2,6,2
198,2,7,3
198,2,8,1
198,2,9,2
198,2,13,2
198,2,19,1
198,3,0,1
198,3,10,2
198,3,17,1
198,4,5,2
198,4,8,1
198,4,11,1
198,4,15,1
198,4,17,1
198,4,21,1
198,5,8,1
198,5,11,1
198,5,13,1
198,5,14,1
198,5,18,1
198,6,1,1
198,6,9,1
198,6,12,1
198,6,14,1
198,6,15,1
198,6,20,1
200,0,0,1
200,0,13,1
200,1,1,1
200,1,6,1
200,1,9,2
200,1,12,1
200,2,6,1
200,2,8,2
200,2,11,1
200,2,15,1
200,3,11,1
200,3,12,2
200,3,14,1
200,3,17,1
200,4,4,1
200,4,5,1
200,4,8,1
200,4,11,1
200,4,12,1
200,4,14,1
200,5,0,1
200,5,5,1
200,5,11,1
200,5,13,1
200,5,15,1
200,6,5,1
200,6,9,1
200,6,17,1
200,6,19,1
201,1,6,1
201,1,8,1
201,1,11,1
201,1,13,1
201,1,14,1
201,1,16,1
201,2,4,1
201,2,7,1
201,2,8,1
201,2,16,1
201,2,17,1
201,3,6,1
201,4,5,1
201,5,7,1
201,5,10,1
201,6,14,1
202,0,2,1
202,0,10,1
202,0,15,1
202,0,16,1
202,0,22,1
202,1,8,1
202,1,11,1
202,1,12,1
202,1,14,1
202,1,15,1
202,1,18,1
202,1,20,1
202,2,10,1
202,2,11,1
202,2,16,1
202,3,7,1
202,3,12,1
202,3,16,1
202,3,18,1
202,3,21,1
202,4,7,1
202,4,8,1
202,5,9,1
202,5,11,1
202,5,14,2
202,5,17,1
202,6,13,1
202,6,15,1
202,6,17,1
202,6,18,1
202,6,21,1
203,0,5,2
203,0,6,1
203,0,7,1
203,0,8,1
203,0,9,1
203,0,11,1
203,1,4,1
203,1,5,2
203,1,8,1
203,2,4,2
203,2,5,5
203,2,6,1
203,2,7,3
203,2,9,2
203,2,10,1
203,2,11,1
203,2,12,1
203,2,13,1
203,2,22,1
203,2,23,1
203,3,5,1
203,3,6,1
203,3,7,2
203,3,11,1
203,3,14,1
203,3,16,1
203,3,18,1
203,3,23,1
203,4,5,2
203,4,7,2
203,4,8,1
203,4,9,1
203,4,10,1
203,4,11,1
203,4,18,1
203,5,1,1
203,5,7,1
203,5,8,1
203,5,14,1
203,6,6,1
203,6,8,1
203,6,11,1
203,6,22,1
205,0,6,1
205,0,7,2
205,0,8,2
205,0,9,2
205,0,11,1
205,0,12,2
205,0,14,1
205,0,15,5
205,0,16,1
205,0,17,1
205,1,5,2
205,1,6,1
205,1,7,2
205,1,8,5
205,1,9,1
205,1,10,1
205,1,11,3
205,1,14,3
205,1,16,1
205,1,20,1
205,2,2,1
205,2,3,1
205,2,5,2
205,2,6,3
205,2,7,3
205,2,8,2
205,2,9,1
205,2,10,1
205,2,11,1
205,2,12,1
205,2,14,1
205,2,15,1
205,2,16,1
205,2,17,1
205,2,18,1
205,2,19,1
205,3,4,1
205,3,6,3
205,3,7,4
205,3,8,2
205,3,9,5
205,3,11,2
205,3,12,2
205,3,16,1
205,3,19,1
205,4,4,3
205,4,5,1
205,4,6,3
205,4,9,2
205,4,10,2
205,4,12,2
205,4,13,1
205,4,16,3
205,4,18,1
205,5,8,1
205,5,9,4
205,5,10,1
205,5,12,1
205,5,13,1
205,5,15,2
205,5,18,1
205,5,19,1
205,6,3,1
205,6,9,2
205,6,10,2
205,6,11,1
205,6,12,1
207,0,10,1
207,0,16,1
207,1,14,1
207,2,13,1
207,3,13,1
207,4,14,1
207,4,19,1
207,5,0,1
207,6,13,1
208,0,12,1
208,1,9,1
208,1,11,1
208,1,12,3
208,2,3,1
208,2,6,1
208,2,9,1
208,2,14,1
208,2,20,1
208,3,8,1
208,3,11,2
208,3,12,1
208,3,14,1
208,3,15,1
208,4,5,1
208,4,9,1
208,4,10,1
208,4,12,1
208,4,13,1
208,4,14,1
208,4,15,1
208,4,18,1
208,5,17,1
208,6,5,1
208,6,17,1
209,0,0,3
209,0,1,6
209,0,2,3
209,0,3,1
209,0,7,3
209,0,9,6
209,0,10,3
209,0,11,11
209,0,12,5
209,0,13,4
209,0,14,6
209,0,15,6
209,0,16,16
209,0,17,9
209,0,18,11
209,0,19,16
209,0,20,14
209,0,21,15
209,0,22,8
209,1,0,1
209,1,4,1
209,1,6,2
209,1,7,2
209,1,9,7
209,1,10,7
209,1,11,13
209,1,12,13
209,1,13,7
209,1,14,14
209,1,15,10
209,1,16,8
209,1,17,8
209,1,18,12
209,1,19,8
209,1,20,14
209,1,21,20
209,1,22,11
209,1,23,8
209,2,0,4
209,2,3,1
209,2,5,1
209,2,7,6
209,2,8,7
209,2,9,7
209,2,10,5
209,2,11,12
209,2,12,4
209,2,13,14
209,2,14,7
209,2,15,7
209,2,16,6
209,2,17,22
209,2,18,23
209,2,19,28
209,2,20,12
209,2,21,20
209,2,22,15
209,2,23,8
209,3,0,4
209,3,1,2
209,3,2,2
209,3,7,6
209,3,8,7
209,3,9,9
209,3,10,8
209,3,11,8
209,3,12,13
209,3,13,8
209,3,14,15
209,3,15,18
209,3,16,9
209,3,17,15
209,3,18,21
209,3,19,16
209,3,20,15
209,3,21,20
209,3,22,18
209,3,23,14
209,4,0,11
209,4,1,10
209,4,2,4
209,4,4,2
209,4,5,2
209,4,6,2
209,4,7,3
209,4,8,10
209,4,9,7
209,4,10,5
209,4,11,10
209,4,12,8
209,4,13,12
209,4,14,17
209,4,15,19
209,4,16,10
209,4,17,16
209,4,18,15
209,4,19,22
209,4,20,17
209,4,21,21
209,4,22,28
209,4,23,20
209,5,0,17
209,5,1,17
209,5,2,8
209,5,3,4
209,5,4,3
209,5,5,1
209,5,6,2
209,5,7,1
209,5,8,2
209,5,9,7
209,5,10,5
209,5,11,12
209,5,12,6
209,5,13,10
209,5,14,22
209,5,15,11
209,5,16,21
209,5,17,19
209,5,18,26
209,5,19,17
209,5,20,24
209,5,21,23
209,5,22,12
209,5,23,21
209,6,0,27
209,6,1,14
209,6,2,14
209,6,3,9
209,6,4,3
209,6,5,1
209,6,6,1
209,6,7,1
209,6,8,1
209,6,9,2
209,6,10,7
209,6,11,12
209,6,12,11
209,6,13,17
209,6,14,10
209,6,15,14
209,6,16,13
209,6,17,12
209,6,18,20
209,6,19,7
209,6,20,10
209,6,21,11
209,6,22,8
209,6,23,4
210,0,5,1
210,0,6,1
210,0,7,2
210,0,8,1
210,0,9,1
210,0,10,1
210,0,12,1
210,0,13,1
210,0,16,1
210,0,18,1
210,1,6,1
210,1,8,1
210,1,9,2
210,1,10,1
210,1,11,1
210,1,13,1
210,1,14,1
210,1,17,1
210,1,18,1
210,2,5,1
210,2,6,2
210,2,8,3
210,2,9,4
210,2,11,1
210,2,15,1
210,2,18,2
210,3,5,1
210,3,8,2
210,3,10,3
210,3,11,3
210,3,14,1
210,3,17,1
210,4,4,1
210,4,5,1
210,4,6,3
210,4,7,1
210,4,8,1
210,4,9,2
210,4,11,2
210,4,12,1
210,4,14,4
210,4,15,1
210,4,17,1
210,5,8,1
210,5,9,1
210,5,10,1
210,5,13,1
210,5,15,1
210,6,20,1
210,6,23,1
211,0,0,14
211,0,1,16
211,0,2,7
211,0,3,10
211,0,4,6
211,0,5,5
211,0,6,2
211,0,7,8
211,0,8,11
211,0,9,20
211,0,10,25
211,0,11,25
211,0,12,35
211,0,13,46
211,0,14,41
211,0,15,58
211,0,16,52
211,0,17,63
211,0,18,45
211,0,19,39
211,0,20,38
211,0,21,41
211,0,22,45
211,0,23,21
211,1,0,9
211,1,2,4
211,1,3,1
211,1,6,3
211,1,7,15
211,1,8,16
211,1,9,17
211,1,10,22
211,1,11,31
211,1,12,32
211,1,13,29
211,1,14,56
211,1,15,41
211,1,16,53
211,1,17,67
211,1,18,74
211,1,19,58
211,1,20,57
211,1,21,56
211,1,22,49
211,1,23,23
211,2,0,15
211,2,1,6
211,2,2,3
211,2,4,2
211,2,5,1
211,2,6,7
211,2,7,12
211,2,8,20
211,2,9,25
211,2,10,33
211,2,11,42
211,2,12,34
211,2,13,58
211,2,14,51
211,2,15,76
211,2,16,72
211,2,17,66
211,2,18,73
211,2,19,63
211,2,20,64
211,2,21,70
211,2,22,60
211,2,23,39
211,3,0,23
211,3,1,17
211,3,2,12
211,3,3,2
211,3,4,3
211,3,5,2
211,3,6,9
211,3,7,8
211,3,8,18
211,3,9,20
211,3,10,35
211,3,11,28
211,3,12,52
211,3,13,51
211,3,14,46
211,3,15,72
211,3,16,63
211,3,17,66
211,3,18,80
211,3,19,76
211,3,20,71
211,3,21,88
211,3,22,81
211,3,23,72
211,4,0,60
211,4,1,52
211,4,2,25
211,4,3,6
211,4,4,1
211,4,5,1
211,4,6,3
211,4,7,9
211,4,8,11
211,4,9,13
211,4,10,28
211,4,11,27
211,4,12,41
211,4,13,54
211,4,14,64
211,4,15,77
211,4,16,93
211,4,17,111
211,4,18,77
211,4,19,92
211,4,20,79
211,4,21,82
211,4,22,102
211,4,23,110
211,5,0,127
211,5,1,115
211,5,2,79
211,5,3,47
211,5,4,14
211,5,5,4
211,5,6,3
211,5,7,4
211,5,8,10
211,5,9,14
211,5,10,33
211,5,11,41
211,5,12,64
211,5,13,61
211,5,14,99
211,5,15,133
211,5,16,132
211,5,17,131
211,5,18,113
211,5,19,97
211,5,20,85
211,5,21,82
211,5,22,68
211,5,23,95
211,6,0,111
211,6,1,124
211,6,2,90
211,6,3,58
211,6,4,24
211,6,5,5
211,6,6,2
211,6,7,4
211,6,8,6
211,6,9,8
211,6,10,19
211,6,11,25
211,6,12,55
211,6,13,61
211,6,14,72
211,6,15,81
211,6,16,96
211,6,17,81
211,6,18,67
211,6,19,50
211,6,20,45
211,6,21,45
211,6,22,40
211,6,23,18
212,0,6,2
212,0,9,1
212,1,6,1
212,1,8,2
212,1,9,1
212,1,10,1
212,1,17,1
212,2,7,1
212,2,10,1
212,2,11,1
212,2,12,1
212,2,14,1
212,2,17,1
212,3,11,2
212,4,6,1
212,4,7,2
212,4,9,1
212,4,10,2
212,4,11,1
212,4,18,1
212,5,5,1
212,5,7,1
212,5,9,1
212,5,14,1
212,6,7,1
212,6,9,1
213,0,6,5
213,0,8,1
213,0,9,3
213,0,11,1
213,0,12,2
213,0,13,1
213,0,14,1
213,0,17,1
213,1,4,1
213,1,5,2
213,1,6,3
213,1,7,2
213,1,8,2
213,1,9,1
213,1,10,1
213,1,12,1
213,1,13,2
213,2,4,1
213,2,5,1
213,2,6,1
213,2,7,2
213,2,9,2
213,2,10,3
213,2,11,1
213,2,13,1
213,2,17,2
213,3,5,2
213,3,6,2
213,3,7,7
213,3,8,1
213,3,10,1
213,3,11,2
213,3,13,1
213,3,14,1
213,3,15,1
213,3,18,1
213,3,20,1
213,4,8,2
213,4,9,1
213,4,11,2
213,4,13,1
213,5,0,1
213,5,6,1
213,5,8,1
213,5,9,1
213,5,11,2
213,5,12,1
213,5,13,1
213,5,15,1
213,6,9,2
213,6,11,2
213,6,16,1
213,6,21,1
215,0,0,1
215,0,5,2
215,0,6,4
215,0,7,2
215,0,8,2
215,0,9,1
215,0,10,2
215,0,13,2
215,0,16,1
215,0,17,1
215,0,18,1
215,0,19,1
215,0,20,2
215,0,21,2
215,0,22,2
215,0,23,2
215,1,0,2
215,1,1,1
215,1,5,2
215,1,6,3
215,1,7,3
215,1,8,2
215,1,10,1
215,1,11,3
215,1,14,1
215,1,15,1
215,1,16,2
215,1,17,1
215,1,20,2
215,1,21,2
215,1,22,1
215,1,23,1
215,2,1,1
215,2,6,3
215,2,7,1
215,2,8,1
215,2,9,3
215,2,10,4
215,2,16,3
215,2,17,1
215,2,18,1
215,2,19,1
215,2,20,1
215,2,21,1
215,2,22,2
215,2,23,2
215,3,5,3
215,3,6,1
215,3,8,2
215,3,9,5
215,3,10,1
215,3,11,2
215,3,12,1
215,3,13,1
215,3,14,1
215,3,15,2
215,3,16,1
215,3,17,2
215,3,18,1
215,3,19,2
215,3,20,1
215,3,22,1
215,3,23,2
215,4,1,1
215,4,4,1
215,4,6,5
215,4,8,4
215,4,10,1
215,4,13,1
215,4,14,2
215,4,15,1
215,4,17,1
215,4,19,2
215,4,20,1
215,4,21,1
215,4,22,3
215,4,23,4
215,5,0,1
215,5,7,1
215,5,8,2
215,5,9,2
215,5,11,1
215,5,13,1
215,5,19,1
215,5,20,1
215,5,21,1
215,5,23,1
215,6,0,1
215,6,3,1
215,6,4,3
215,6,5,1
215,6,6,3
215,6,9,1
215,6,10,4
215,6,11,3
215,6,12,4
215,6,13,4
215,6,14,3
215,6,15,2
215,6,16,1
215,6,17,1
215,6,18,1
215,6,19,1
215,6,21,1
215,6,22,3
215,6,23,3
216,0,4,1
216,0,5,1
216,0,7,1
216,0,8,1
216,0,12,1
216,0,13,1
216,0,14,2
216,0,15,1
216,0,16,1
216,0,17,1
216,0,18,2
216,0,21,1
216,1,0,1
216,1,7,1
216,1,8,1
216,1,9,1
216,1,11,2
216,1,15,1
216,1,17,1
216,1,21,1
216,1,23,1
216,2,4,1
216,2,6,1
216,2,7,1
216,2,8,1
216,2,9,1
216,2,10,1
216,2,11,2
216,2,12,1
216,2,13,1
216,2,14,2
216,2,15,3
216,2,16,3
216,2,17,2
216,2,18,1
216,2,19,1
216,2,21,1
216,2,22,3
216,3,5,1
216,3,6,1
216,3,7,3
216,3,8,1
216,3,9,2
216,3,10,3
216,3,11,1
216,3,12,4
216,3,13,4
216,3,18,1
216,3,20,1
216,3,21,1
216,4,4,1
216,4,5,1
216,4,7,2
216,4,9,1
216,4,10,3
216,4,11,1
216,4,12,3
216,4,13,3
216,4,14,2
216,4,15,2
216,4,16,4
216,4,17,1
216,4,23,1
216,5,7,1
216,5,8,1
216,5,10,3
216,5,12,2
216,5,13,1
216,5,14,3
216,5,15,1
216,5,16,3
216,5,18,2
216,5,20,2
216,5,23,1
216,6,0,1
216,6,1,1
216,6,6,1
216,6,7,3
216,6,10,2
216,6,11,2
216,6,12,1
216,6,13,2
216,6,14,2
216,6,15,2
216,6,16,2
216,6,17,1
216,6,18,1
216,6,19,1
217,0,5,1
217,0,7,1
217,0,9,1
217,0,10,1
217,0,15,1
217,0,16,1
217,0,17,1
217,1,6,1
217,1,8,1
217,1,10,1
217,1,15,1
217,1,17,1
217,1,21,1
217,2,6,1
217,2,8,3
217,2,11,1
217,2,14,1
217,3,0,1
217,3,7,1
217,3,11,1
217,3,15,2
217,3,18,1
217,4,17,1
217,5,1,1
217,5,2,1
217,5,5,1
217,5,23,1
217,6,0,1
217,6,2,1
217,6,12,1
217,6,18,1
218,0,4,1
218,0,5,3
218,0,6,1
218,0,8,3
218,0,9,1
218,0,15,1
218,0,21,1
218,1,5,6
218,1,6,3
218,1,7,1
218,1,8,1
218,1,9,3
218,1,10,1
218,1,11,1
218,1,14,1
218,1,16,1
218,2,0,1
218,2,5,1
218,2,6,2
218,2,7,1
218,2,8,1
218,2,10,1
218,2,11,2
218,2,13,1
218,2,14,1
218,2,16,1
218,3,4,1
218,3,5,2
218,3,6,5
218,3,7,1
218,3,10,1
218,3,13,1
218,3,14,1
218,3,17,1
218,4,4,1
218,4,5,1
218,4,7,2
218,4,8,3
218,4,9,1
218,4,10,1
218,4,11,1
218,4,16,1
218,5,3,1
218,5,8,1
218,5,9,3
218,5,10,1
218,5,11,1
218,5,14,1
218,5,15,2
218,6,6,1
218,6,7,2
218,6,8,3
218,6,9,3
218,6,17,1
219,0,5,2
219,0,7,1
219,0,8,1
219,0,10,1
219,0,12,1
219,0,13,1
219,0,14,2
219,0,16,1
219,0,19,1
219,1,1,1
219,1,3,1
219,1,5,1
219,1,6,1
219,1,11,1
219,1,12,2
219,1,13,2
219,1,14,1
219,1,16,1
219,1,17,2
219,1,18,1
219,1,19,1
219,1,20,1
219,1,22,2
219,2,5,2
219,2,6,1
219,2,7,1
219,2,8,2
219,2,10,1
219,2,11,1
219,2,13,3
219,2,14,1
219,2,16,1
219,2,18,1
219,2,20,1
219,2,21,3
219,2,22,2
219,2,23,1
219,3,7,1
219,3,8,1
219,3,9,1
219,3,11,1
219,3,12,1
219,3,13,2
219,3,15,1
219,3,16,3
219,3,17,2
219,3,18,2
219,3,19,1
219,3,20,1
219,3,21,1
219,3,22,2
219,4,5,3
219,4,6,1
219,4,7,3
219,4,8,3
219,4,10,1
219,4,11,1
219,4,12,2
219,4,13,2
219,4,16,3
219,4,17,1
219,4,19,1
219,5,0,1
219,5,7,1
219,5,9,2
219,5,11,1
219,5,14,3
219,5,15,1
219,5,16,1
219,5,17,1
219,5,18,3
219,5,20,1
219,5,22,2
219,5,23,3
219,6,7,2
219,6,8,5
219,6,12,1
219,6,13,1
219,6,14,1
219,6,15,2
219,6,16,2
219,6,17,1
219,6,18,1
219,6,19,1
219,6,21,2
219,6,23,4
220,0,6,1
220,0,9,2
220,0,12,4
220,0,13,2
220,0,14,2
220,0,16,1
220,1,9,1
220,1,10,1
220,1,11,2
220,2,7,1
220,2,9,1
220,2,11,1
220,2,12,1
220,2,14,1
220,2,16,1
220,2,17,1
220,3,6,1
220,3,7,1
220,3,8,1
220,3,9,2
220,3,12,1
220,3,13,1
220,3,17,1
220,4,10,2
220,4,13,1
220,4,17,1
220,4,20,2
220,5,11,1
220,5,14,1
220,5,20,1
220,6,12,1
220,6,16,1
220,6,19,1
220,6,21,1
221,1,6,1
222,0,5,1
222,0,6,1
222,0,8,3
222,0,9,2
222,0,10,1
222,0,15,1
222,0,17,1
222,0,18,1
222,1,6,1
222,1,7,1
222,1,8,4
222,1,9,2
222,1,10,1
222,1,11,2
222,1,12,4
222,1,14,2
222,1,20,1
222,2,4,1
222,2,5,1
222,2,6,1
222,2,7,2
222,2,9,4
222,2,10,1
222,2,12,2
222,2,13,4
222,3,6,2
222,3,7,1
222,3,8,2
222,3,9,1
222,3,10,1
222,3,11,2
222,3,12,3
222,3,14,2
222,3,17,2
222,3,20,1
222,4,6,1
222,4,8,1
222,4,9,5
222,4,10,1
222,4,11,1
222,4,12,4
222,4,13,1
222,4,14,2
222,4,15,1
222,4,18,1
222,4,19,1
222,5,8,1
222,5,10,1
222,5,12,1
222,5,15,2
222,6,8,1
222,6,9,6
222,6,12,9
222,6,14,1
223,0,0,1
223,0,2,2
223,0,6,1
223,0,7,3
223,0,8,4
223,0,9,2
223,0,10,1
223,0,11,1
223,0,13,2
223,0,14,1
223,0,15,1
223,0,17,1
223,0,18,1
223,0,19,1
223,0,20,1
223,0,23,4
223,1,1,1
223,1,8,1
223,1,10,1
223,1,11,1
223,1,12,2
223,1,14,1
223,1,15,2
223,1,17,1
223,1,22,2
223,2,0,1
223,2,6,1
223,2,7,1
223,2,8,2
223,2,9,3
223,2,10,5
223,2,11,2
223,2,12,2
223,2,13,1
223,2,15,2
223,2,17,1
223,2,21,1
223,2,23,1
223,3,4,1
223,3,7,1
223,3,8,1
223,3,9,1
223,3,10,3
223,3,11,4
223,3,12,1
223,3,13,1
223,3,14,1
223,3,16,1
223,3,17,2
223,3,20,1
223,3,22,1
223,3,23,1
223,4,5,1
223,4,6,1
223,4,9,4
223,4,10,4
223,4,11,1
223,4,12,1
223,4,13,1
223,4,16,2
223,4,17,1
223,4,18,1
223,4,19,1
223,4,20,2
223,4,21,2
223,4,22,2
223,5,5,1
223,5,6,1
223,5,8,2
223,5,11,1
223,5,12,2
223,5,13,2
223,5,14,1
223,5,15,1
223,5,17,1
223,5,18,1
223,5,20,1
223,5,21,2
223,5,22,2
223,6,0,1
223,6,1,1
223,6,2,1
223,6,4,1
223,6,9,6
223,6,10,2
223,6,12,4
223,6,13,1
223,6,14,2
223,6,15,3
223,6,16,3
223,6,17,1
223,6,19,1
223,6,20,1
223,6,22,1
223,6,23,1
224,0,0,3
224,0,1,4
224,0,2,4
224,0,5,2
224,0,6,3
224,0,7,9
224,0,8,11
224,0,9,5
224,0,10,9
224,0,11,10
224,0,12,8
224,0,13,4
224,0,14,9
224,0,15,7
224,0,16,1
224,0,17,1
224,0,18,5
224,0,19,3
224,0,20,2
224,0,21,2
224,0,22,2
224,0,23,2
224,1,4,3
224,1,5,1
224,1,6,4
224,1,7,3
224,1,8,4
224,1,9,10
224,1,10,13
224,1,11,10
224,1,12,7
224,1,13,14
224,1,14,8
224,1,15,4
224,1,16,5
224,1,17,2
224,1,18,5
224,1,19,9
224,1,20,4
224,1,21,1
224,1,22,4
224,1,23,3
224,2,0,3
224,2,1,3
224,2,3,1
224,2,4,1
224,2,6,3
224,2,7,12
224,2,8,14
224,2,9,14
224,2,10,11
224,2,11,6
224,2,12,7
224,2,13,8
224,2,14,7
224,2,15,9
224,2,16,7
224,2,17,8
224,2,18,5
224,2,19,9
224,2,20,1
224,2,21,3
224,2,22,4
224,2,23,2
224,3,0,2
224,3,1,1
224,3,2,3
224,3,3,1
224,3,5,1
224,3,6,4
224,3,7,12
224,3,8,15
224,3,9,10
224,3,10,13
224,3,11,5
224,3,12,8
224,3,13,5
224,3,14,5
224,3,15,5
224,3,16,4
224,3,17,10
224,3,18,4
224,3,19,6
224,3,20,6
224,3,21,5
224,3,22,11
224,3,23,4
224,4,0,1
224,4,1,2
224,4,3,2
224,4,5,1
224,4,6,2
224,4,7,13
224,4,8,12
224,4,9,20
224,4,10,8
224,4,11,12
224,4,12,7
224,4,13,9
224,4,14,10
224,4,15,7
224,4,16,3
224,4,17,11
224,4,18,10
224,4,19,6
224,4,20,8
224,4,21,7
224,4,23,5
224,5,0,11
224,5,1,9
224,5,2,7
224,5,3,5
224,5,4,1
224,5,6,1
224,5,7,4
224,5,8,8
224,5,9,8
224,5,10,17
224,5,11,17
224,5,12,7
224,5,13,11
224,5,14,10
224,5,15,11
224,5,16,9
224,5,17,13
224,5,18,9
224,5,19,11
224,5,20,7
224,5,21,7
224,5,22,12
224,5,23,12
224,6,0,10
224,6,1,12
224,6,2,3
224,6,3,2
224,6,4,2
224,6,5,2
224,6,6,2
224,6,7,7
224,6,9,9
224,6,10,9
224,6,11,18
224,6,12,8
224,6,13,9
224,6,14,8
224,6,15,11
224,6,16,3
224,6,17,8
224,6,18,5
224,6,19,8
224,6,20,3
224,6,21,3
224,6,22,4
224,6,23,5
225,0,6,1
225,0,7,3
225,0,8,2
225,0,9,2
225,0,10,1
225,0,14,1
225,0,15,1
225,0,17,1
225,1,4,1
225,1,6,5
225,1,7,5
225,1,8,2
225,1,9,4
225,1,11,1
225,1,12,1
225,1,13,1
225,1,14,1
225,1,16,1
225,1,17,2
225,1,19,2
225,2,6,5
225,2,7,3
225,2,8,4
225,2,9,1
225,2,10,4
225,2,11,2
225,2,12,2
225,2,13,2
225,2,16,1
225,2,22,1
225,3,5,1
225,3,6,1
225,3,7,5
225,3,8,2
225,3,9,1
225,3,10,5
225,3,11,5
225,3,12,1
225,3,13,1
225,3,14,2
225,3,15,2
225,3,16,1
225,3,18,1
225,4,4,1
225,4,5,2
225,4,6,2
225,4,7,1
225,4,8,2
225,4,9,1
225,4,10,2
225,4,11,4
225,4,12,3
225,4,13,1
225,4,14,1
225,4,15,2
225,4,18,1
225,5,0,1
225,5,2,1
225,5,3,1
225,5,7,1
225,5,14,2
225,5,15,1
225,5,21,1
225,6,4,2
225,6,7,2
225,6,9,2
225,6,10,2
225,6,13,2
225,6,14,2
225,6,16,1
225,6,17,1
225,6,19,2
226,0,0,3
226,0,3,2
226,0,4,1
226,0,5,2
226,0,6,3
226,0,7,9
226,0,8,7
226,0,9,7
226,0,10,3
226,0,11,10
226,0,12,5
226,0,13,8
226,0,14,6
226,0,15,3
226,0,16,5
226,0,17,1
226,0,19,7
226,0,20,2
226,0,21,2
226,0,23,3
226,1,0,3
226,1,1,1
226,1,3,1
226,1,4,2
226,1,5,2
226,1,6,8
226,1,7,8
226,1,8,6
226,1,9,5
226,1,10,1
226,1,11,2
226,1,12,2
226,1,13,1
226,1,14,3
226,1,15,2
226,1,16,6
226,1,17,2
226,1,19,4
226,1,20,1
226,1,21,2
226,1,22,1
226,1,23,4
226,2,0,1
226,2,1,2
226,2,4,2
226,2,6,6
226,2,7,3
226,2,8,6
226,2,9,5
226,2,10,2
226,2,11,2
226,2,12,4
226,2,13,6
226,2,14,3
226,2,15,8
226,2,16,4
226,2,17,6
226,2,18,4
226,2,19,3
226,2,20,2
226,2,21,5
226,2,22,4
226,2,23,3
226,3,0,2
226,3,3,1
226,3,5,4
226,3,6,1
226,3,7,2
226,3,8,8
226,3,9,7
226,3,10,3
226,3,11,4
226,3,12,5
226,3,13,5
226,3,14,4
226,3,15,1
226,3,16,9
226,3,17,7
226,3,18,1
226,3,19,2
226,3,20,1
226,3,21,3
226,3,22,1
226,3,23,3
226,4,1,1
226,4,2,1
226,4,3,1
226,4,4,1
226,4,5,1
226,4,6,10
226,4,7,7
226,4,8,7
226,4,9,3
226,4,10,3
226,4,11,7
226,4,12,3
226,4,13,4
226,4,14,8
226,4,15,3
226,4,16,8
226,4,18,3
226,4,19,4
226,4,20,1
226,4,21,1
226,4,22,2
226,4,23,2
226,5,0,3
226,5,1,1
226,5,2,3
226,5,3,1
226,5,4,2
226,5,5,2
226,5,6,5
226,5,7,7
226,5,8,5
226,5,9,12
226,5,10,9
226,5,11,8
226,5,12,5
226,5,13,3
226,5,14,1
226,5,15,1
226,5,16,13
226,5,17,9
226,5,18,7
226,5,19,5
226,5,20,5
226,5,21,4
226,5,22,6
226,5,23,4
226,6,0,6
226,6,1,2
226,6,2,3
226,6,3,3
226,6,7,4
226,6,8,7
226,6,9,7
226,6,10,2
226,6,11,7
226,6,12,6
226,6,13,8
226,6,14,5
226,6,15,4
226,6,16,5
226,6,17,5
226,6,18,2
226,6,19,5
226,6,20,4
226,6,21,4
226,6,22,7
226,6,23,6
227,0,7,1
227,0,15,1
227,1,6,1
227,1,14,1
227,2,3,1
227,2,5,1
227,2,8,1
227,2,13,1
227,2,17,2
227,2,18,1
227,3,2,1
227,3,10,2
227,3,14,1
227,4,6,1
227,4,13,1
227,4,14,1
227,4,16,1
228,0,2,1
228,0,4,1
228,0,5,1
228,0,7,1
228,0,8,2
228,0,10,1
228,0,17,1
228,1,14,1
228,1,17,2
228,1,18,1
228,2,4,1
228,2,6,1
228,2,7,1
228,2,11,1
228,2,13,1
228,2,17,1
228,2,21,1
228,3,7,2
228,3,8,1
228,3,11,2
228,3,12,1
228,3,14,1
228,3,15,2
228,3,21,2
228,4,8,1
228,4,10,1
228,4,16,1
228,5,3,1
228,5,10,1
228,5,11,1
228,6,8,1
228,6,11,1
228,6,13,1
229,0,0,32
229,0,1,26
229,0,2,16
229,0,3,8
229,0,4,6
229,0,5,10
229,0,6,35
229,0,7,101
229,0,8,117
229,0,9,141
229,0,10,143
229,0,11,142
229,0,12,150
229,0,13,141
229,0,14,131
229,0,15,138
229,0,16,119
229,0,17,128
229,0,18,172
229,0,19,116
229,0,20,105
229,0,21,90
229,0,22,78
229,0,23,37
229,1,0,18
229,1,1,11
229,1,2,7
229,1,3,4
229,1,4,6
229,1,5,10
229,1,6,60
229,1,7,114
229,1,8,213
229,1,9,180
229,1,10,185
229,1,11,156
229,1,12,190
229,1,13,163
229,1,14,174
229,1,15,143
229,1,16,116
229,1,17,153
229,1,18,251
229,1,19,170
229,1,20,160
229,1,21,117
229,1,22,87
229,1,23,59
229,2,0,32
229,2,1,3
229,2,2,6
229,2,3,7
229,2,4,3
229,2,5,20
229,2,6,39
229,2,7,138
229,2,8,172
229,2,9,164
229,2,10,192
229,2,11,189
229,2,12,180
229,2,13,189
229,2,14,173
229,2,15,152
229,2,16,159
229,2,17,202
229,2,18,241
229,2,19,199
229,2,20,178
229,2,21,160
229,2,22,96
229,2,23,53
229,3,0,40
229,3,1,19
229,3,2,9
229,3,3,6
229,3,4,10
229,3,5,18
229,3,6,52
229,3,7,131
229,3,8,206
229,3,9,192
229,3,10,173
229,3,11,167
229,3,12,199
229,3,13,183
229,3,14,159
229,3,15,161
229,3,16,147
229,3,17,222
229,3,18,249
229,3,19,217
229,3,20,194
229,3,21,181
229,3,22,128
229,3,23,94
229,4,0,40
229,4,1,36
229,4,2,22
229,4,3,6
229,4,4,6
229,4,5,21
229,4,6,26
229,4,7,108
229,4,8,163
229,4,9,176
229,4,10,168
229,4,11,149
229,4,12,169
229,4,13,143
229,4,14,160
229,4,15,133
229,4,16,165
229,4,17,194
229,4,18,213
229,4,19,221
229,4,20,169
229,4,21,155
229,4,22,142
229,4,23,114
229,5,0,92
229,5,1,45
229,5,2,33
229,5,3,20
229,5,4,25
229,5,5,8
229,5,6,23
229,5,7,43
229,5,8,64
229,5,9,130
229,5,10,140
229,5,11,159
229,5,12,174
229,5,13,178
229,5,14,175
229,5,15,150
229,5,16,153
229,5,17,151
229,5,18,192
229,5,19,188
229,5,20,129
229,5,21,123
229,5,22,139
229,5,23,116
229,6,0,81
229,6,1,69
229,6,2,38
229,6,3,25
229,6,4,19
229,6,5,9
229,6,6,16
229,6,7,39
229,6,8,67
229,6,9,84
229,6,10,150
229,6,11,138
229,6,12,159
229,6,13,164
229,6,14,135
229,6,15,142
229,6,16,122
229,6,17,136
229,6,18,153
229,6,19,100
229,6,20,96
229,6,21,69
229,6,22,70
229,6,23,47
230,0,0,51
230,0,1,40
230,0,2,18
230,0,3,28
230,0,4,31
230,0,5,28
230,0,6,58
230,0,7,70
230,0,8,142
230,0,9,162
230,0,10,192
230,0,11,220
230,0,12,199
230,0,13,193
230,0,14,205
230,0,15,205
230,0,16,224
230,0,17,307
230,0,18,360
230,0,19,289
230,0,20,247
230,0,21,280
230,0,22,213
230,0,23,104
230,1,0,64
230,1,1,32
230,1,2,19
230,1,3,13
230,1,4,20
230,1,5,19
230,1,6,44
230,1,7,88
230,1,8,124
230,1,9,195
230,1,10,170
230,1,11,223
230,1,12,202
230,1,13,225
230,1,14,252
230,1,15,253
230,1,16,263
230,1,17,400
230,1,18,456
230,1,19,406
230,1,20,362
230,1,21,568
230,1,22,396
230,1,23,226
230,2,0,101
230,2,1,39
230,2,2,27
230,2,3,20
230,2,4,23
230,2,5,28
230,2,6,48
230,2,7,103
230,2,8,161
230,2,9,200
230,2,10,197
230,2,11,227
230,2,12,269
230,2,13,252
230,2,14,283
230,2,15,308
230,2,16,401
230,2,17,433
230,2,18,489
230,2,19,456
230,2,20,446
230,2,21,447
230,2,22,536
230,2,23,257
230,3,0,116
230,3,1,46
230,3,2,24
230,3,3,16
230,3,4,28
230,3,5,34
230,3,6,50
230,3,7,100
230,3,8,161
230,3,9,199
230,3,10,200
230,3,11,246
230,3,12,246
230,3,13,260
230,3,14,256
230,3,15,278
230,3,16,371
230,3,17,405
230,3,18,459
230,3,19,429
230,3,20,369
230,3,21,518
230,3,22,462
230,3,23,308
230,4,0,176
230,4,1,69
230,4,2,39
230,4,3,33
230,4,4,35
230,4,5,36
230,4,6,42
230,4,7,76
230,4,8,148
230,4,9,179
230,4,10,232
230,4,11,201
230,4,12,213
230,4,13,199
230,4,14,247
230,4,15,257
230,4,16,310
230,4,17,349
230,4,18,344
230,4,19,320
230,4,20,259
230,4,21,415
230,4,22,503
230,4,23,373
230,5,0,223
230,5,1,120
230,5,2,78
230,5,3,49
230,5,4,35
230,5,5,22
230,5,6,31
230,5,7,50
230,5,8,106
230,5,9,168
230,5,10,229
230,5,11,243
230,5,12,263
230,5,13,261
230,5,14,229
230,5,15,267
230,5,16,473
230,5,17,358
230,5,18,347
230,5,19,296
230,5,20,260
230,5,21,323
230,5,22,595
230,5,23,377
230,6,0,260
230,6,1,149
230,6,2,64
230,6,3,69
230,6,4,51
230,6,5,52
230,6,6,49
230,6,7,78
230,6,8,130
230,6,9,202
230,6,10,227
230,6,11,287
230,6,12,245
230,6,13,199
230,6,14,224
230,6,15,257
230,6,16,301
230,6,17,374
230,6,18,302
230,6,19,189
230,6,20,173
230,6,21,252
230,6,22,186
230,6,23,98
231,0,0,20
231,0,1,23
231,0,2,19
231,0,3,16
231,0,4,7
231,0,5,7
231,0,6,9
231,0,7,56
231,0,8,45
231,0,9,56
231,0,10,80
231,0,11,68
231,0,12,71
231,0,13,89
231,0,14,95
231,0,15,85
231,0,16,110
231,0,17,114
231,0,18,112
231,0,19,94
231,0,20,84
231,0,21,66
231,0,22,53
231,0,23,31
231,1,0,12
231,1,1,3
231,1,2,1
231,1,3,4
231,1,4,1
231,1,5,2
231,1,6,13
231,1,7,59
231,1,8,72
231,1,9,79
231,1,10,84
231,1,11,81
231,1,12,91
231,1,13,82
231,1,14,111
231,1,15,111
231,1,16,117
231,1,17,144
231,1,18,149
231,1,19,155
231,1,20,125
231,1,21,110
231,1,22,64
231,1,23,49
231,2,0,26
231,2,1,7
231,2,2,8
231,2,3,5
231,2,4,6
231,2,5,3
231,2,6,12
231,2,7,54
231,2,8,79
231,2,9,85
231,2,10,68
231,2,11,99
231,2,12,104
231,2,13,110
231,2,14,103
231,2,15,112
231,2,16,128
231,2,17,173
231,2,18,184
231,2,19,161
231,2,20,159
231,2,21,135
231,2,22,127
231,2,23,71
231,3,0,33
231,3,1,20
231,3,2,18
231,3,3,15
231,3,4,4
231,3,5,2
231,3,6,13
231,3,7,52
231,3,8,92
231,3,9,83
231,3,10,84
231,3,11,113
231,3,12,105
231,3,13,93
231,3,14,102
231,3,15,113
231,3,16,143
231,3,17,178
231,3,18,218
231,3,19,181
231,3,20,181
231,3,21,156
231,3,22,145
231,3,23,111
231,4,0,53
231,4,1,41
231,4,2,24
231,4,3,20
231,4,4,7
231,4,5,8
231,4,6,10
231,4,7,43
231,4,8,68
231,4,9,61
231,4,10,73
231,4,11,72
231,4,12,80
231,4,13,92
231,4,14,101
231,4,15,106
231,4,16,134
231,4,17,151
231,4,18,150
231,4,19,150
231,4,20,133
231,4,21,100
231,4,22,115
231,4,23,131
231,5,0,106
231,5,1,130
231,5,2,78
231,5,3,56
231,5,4,23
231,5,5,2
231,5,6,3
231,5,7,9
231,5,8,24
231,5,9,37
231,5,10,49
231,5,11,96
231,5,12,101
231,5,13,119
231,5,14,104
231,5,15,120
231,5,16,110
231,5,17,113
231,5,18,109
231,5,19,127
231,5,20,115
231,5,21,102
231,5,22,122
231,5,23,140
231,6,0,127
231,6,1,119
231,6,2,81
231,6,3,62
231,6,4,31
231,6,5,3
231,6,6,3
231,6,7,13
231,6,8,15
231,6,9,37
231,6,10,62
231,6,11,66
231,6,12,81
231,6,13,100
231,6,14,70
231,6,15,84
231,6,16,77
231,6,17,89
231,6,18,78
231,6,19,78
231,6,20,62
231,6,21,41
231,6,22,35
231,6,23,23
232,0,0,5
232,0,1,6
232,0,2,5
232,0,3,2
232,0,4,1
232,0,5,1
232,0,6,2
232,0,7,1
232,0,8,4
232,0,9,2
232,0,10,5
232,0,11,4
232,0,12,14
232,0,13,11
232,0,14,8
232,0,15,10
232,0,16,3
232,0,17,3
232,0,18,3
232,0,19,2
232,0,20,3
232,0,21,3
232,0,22,4
232,0,23,1
232,1,0,3
232,1,1,1
232,1,2,1
232,1,3,1
232,1,8,6
232,1,9,8
232,1,10,3
232,1,11,8
232,1,12,6
232,1,13,5
232,1,14,3
232,1,15,7
232,1,16,3
232,1,17,5
232,1,18,9
232,1,19,4
232,1,20,4
232,1,21,6
232,1,22,4
232,1,23,3
232,2,0,3
232,2,1,2
232,2,4,2
232,2,6,2
232,2,7,1
232,2,8,5
232,2,9,5
232,2,10,3
232,2,11,7
232,2,12,6
232,2,13,4
232,2,14,7
232,2,15,6
232,2,16,4
232,2,17,8
232,2,18,10
232,2,19,4
232,2,20,12
232,2,21,8
232,2,22,9
232,2,23,6
232,3,0,3
232,3,1,2
232,3,2,1
232,3,4,1
232,3,5,1
232,3,6,5
232,3,7,2
232,3,8,5
232,3,9,2
232,3,10,5
232,3,11,6
232,3,12,5
232,3,13,6
232,3,14,5
232,3,15,9
232,3,16,6
232,3,17,6
232,3,18,9
232,3,19,11
232,3,20,8
232,3,21,13
232,3,22,7
232,3,23,9
232,4,0,6
232,4,1,5
232,4,2,3
232,4,3,1
232,4,4,1
232,4,6,3
232,4,7,5
232,4,8,3
232,4,9,3
232,4,10,3
232,4,11,7
232,4,12,10
232,4,13,4
232,4,14,3
232,4,15,8
232,4,16,5
232,4,17,12
232,4,18,7
232,4,19,12
232,4,20,9
232,4,21,9
232,4,22,12
232,4,23,16
232,5,0,20
232,5,1,18
232,5,2,18
232,5,3,12
232,5,4,11
232,5,5,3
232,5,6,2
232,5,8,3
232,5,9,3
232,5,10,2
232,5,11,5
232,5,12,12
232,5,13,7
232,5,14,7
232,5,15,5
232,5,16,11
232,5,17,7
232,5,18,9
232,5,19,7
232,5,20,14
232,5,21,11
232,5,22,16
232,5,23,15
232,6,0,30
232,6,1,12
232,6,2,11
232,6,3,9
232,6,4,7
232,6,6,2
232,6,7,1
232,6,9,3
232,6,10,5
232,6,11,3
232,6,12,7
232,6,13,10
232,6,14,7
232,6,15,7
232,6,16,12
232,6,17,8
232,6,18,10
232,6,19,5
232,6,20,6
232,6,21,5
232,6,22,8
232,6,23,5
233,0,0,6
233,0,1,6
233,0,2,11
233,0,3,5
233,0,4,5
233,0,5,11
233,0,6,22
233,0,7,59
233,0,8,87
233,0,9,75
233,0,10,82
233,0,11,95
233,0,12,94
233,0,13,111
233,0,14,87
233,0,15,88
233,0,16,98
233,0,17,128
233,0,18,126
233,0,19,74
233,0,20,83
233,0,21,52
233,0,22,27
233,0,23,17
233,1,0,11
233,1,1,4
233,1,2,1
233,1,3,2
233,1,4,3
233,1,5,5
233,1,6,25
233,1,7,59
233,1,8,90
233,1,9,115
233,1,10,91
233,1,11,100
233,1,12,100
233,1,13,90
233,1,14,108
233,1,15,94
233,1,16,120
233,1,17,151
233,1,18,169
233,1,19,111
233,1,20,79
233,1,21,78
233,1,22,52
233,1,23,23
233,2,0,15
233,2,1,6
233,2,2,4
233,2,3,2
233,2,4,8
233,2,5,9
233,2,6,26
233,2,7,63
233,2,8,112
233,2,9,97
233,2,10,125
233,2,11,109
233,2,12,98
233,2,13,148
233,2,14,135
233,2,15,135
233,2,16,118
233,2,17,177
233,2,18,162
233,2,19,147
233,2,20,101
233,2,21,94
233,2,22,42
233,2,23,31
233,3,0,10
233,3,1,12
233,3,2,5
233,3,3,5
233,3,4,5
233,3,5,14
233,3,6,27
233,3,7,67
233,3,8,88
233,3,9,94
233,3,10,116
233,3,11,113
233,3,12,135
233,3,13,133
233,3,14,115
233,3,15,142
233,3,16,147
233,3,17,162
233,3,18,190
233,3,19,130
233,3,20,105
233,3,21,116
233,3,22,60
233,3,23,33
233,4,0,29
233,4,1,11
233,4,2,10
233,4,3,10
233,4,4,6
233,4,5,11
233,4,6,28
233,4,7,53
233,4,8,79
233,4,9,87
233,4,10,117
233,4,11,95
233,4,12,142
233,4,13,103
233,4,14,95
233,4,15,103
233,4,16,120
233,4,17,130
233,4,18,139
233,4,19,137
233,4,20,88
233,4,21,74
233,4,22,73
233,4,23,49
233,5,0,43
233,5,1,23
233,5,2,9
233,5,3,7
233,5,4,10
233,5,5,11
233,5,6,13
233,5,7,29
233,5,8,58
233,5,9,64
233,5,10,95
233,5,11,89
233,5,12,101
233,5,13,100
233,5,14,84
233,5,15,76
233,5,16,82
233,5,17,94
233,5,18,106
233,5,19,100
233,5,20,74
233,5,21,64
233,5,22,65
233,5,23,55
233,6,0,39
233,6,1,25
233,6,2,16
233,6,3,10
233,6,4,11
233,6,5,10
233,6,6,12
233,6,7,25
233,6,8,41
233,6,9,77
233,6,10,88
233,6,11,89
233,6,12,106
233,6,13,83
233,6,14,96
233,6,15,55
233,6,16,74
233,6,17,87
233,6,18,86
233,6,19,54
233,6,20,59
233,6,21,42
233,6,22,29
233,6,23,25
234,0,0,35
234,0,1,29
234,0,2,22
234,0,3,16
234,0,4,8
234,0,5,3
234,0,6,15
234,0,7,48
234,0,8,116
234,0,9,126
234,0,10,111
234,0,11,139
234,0,12,162
234,0,13,191
234,0,14,209
234,0,15,207
234,0,16,220
234,0,17,237
234,0,18,233
234,0,19,237
234,0,20,199
234,0,21,200
234,0,22,140
234,0,23,82
234,1,0,42
234,1,1,11
234,1,2,6
234,1,3,2
234,1,4,1
234,1,5,7
234,1,6,28
234,1,7,63
234,1,8,119
234,1,9,152
234,1,10,157
234,1,11,184
234,1,12,181
234,1,13,213
234,1,14,236
234,1,15,249
234,1,16,257
234,1,17,304
234,1,18,355
234,1,19,316
234,1,20,284
234,1,21,293
234,1,22,215
234,1,23,119
234,2,0,44
234,2,1,16
234,2,2,11
234,2,3,6
234,2,4,1
234,2,5,3
234,2,6,24
234,2,7,61
234,2,8,132
234,2,9,123
234,2,10,181
234,2,11,199
234,2,12,225
234,2,13,255
234,2,14,269
234,2,15,282
234,2,16,327
234,2,17,356
234,2,18,417
234,2,19,372
234,2,20,369
234,2,21,326
234,2,22,261
234,2,23,153
234,3,0,76
234,3,1,25
234,3,2,13
234,3,3,7
234,3,4,4
234,3,5,5
234,3,6,21
234,3,7,75
234,3,8,157
234,3,9,146
234,3,10,175
234,3,11,179
234,3,12,206
234,3,13,225
234,3,14,282
234,3,15,278
234,3,16,298
234,3,17,361
234,3,18,419
234,3,19,381
234,3,20,348
234,3,21,336
234,3,22,326
234,3,23,212
234,4,0,100
234,4,1,46
234,4,2,14
234,4,3,12
234,4,4,8
234,4,5,10
234,4,6,26
234,4,7,55
234,4,8,91
234,4,9,117
234,4,10,159
234,4,11,172
234,4,12,192
234,4,13,192
234,4,14,253
234,4,15,243
234,4,16,271
234,4,17,269
234,4,18,319
234,4,19,295
234,4,20,247
234,4,21,295
234,4,22,293
234,4,23,251
234,5,0,198
234,5,1,149
234,5,2,68
234,5,3,35
234,5,4,18
234,5,5,6
234,5,6,12
234,5,7,27
234,5,8,45
234,5,9,81
234,5,10,140
234,5,11,207
234,5,12,252
234,5,13,288
234,5,14,278
234,5,15,285
234,5,16,310
234,5,17,291
234,5,18,264
234,5,19,281
234,5,20,261
234,5,21,271
234,5,22,259
234,5,23,303
234,6,0,237
234,6,1,175
234,6,2,85
234,6,3,52
234,6,4,27
234,6,5,7
234,6,6,8
234,6,7,18
234,6,8,35
234,6,9,67
234,6,10,106
234,6,11,154
234,6,12,182
234,6,13,229
234,6,14,187
234,6,15,237
234,6,16,216
234,6,17,220
234,6,18,169
234,6,19,181
234,6,20,151
234,6,21,125
234,6,22,114
234,6,23,64
235,0,5,1
235,0,6,1
235,0,7,1
235,0,8,2
235,0,12,1
235,0,14,1
235,0,15,1
235,0,22,1
235,1,5,1
235,1,8,3
235,1,9,1
235,1,10,1
235,1,12,1
235,1,17,2
235,2,3,2
235,2,4,1
235,2,5,1
235,2,7,1
235,2,8,1
235,2,10,3
235,2,11,1
235,2,16,1
235,3,4,1
235,3,5,2
235,3,6,2
235,3,8,2
235,3,9,3
235,3,10,1
235,3,11,1
235,3,16,1
235,4,5,2
235,4,6,2
235,4,7,1
235,4,8,1
235,4,9,2
235,4,10,1
235,4,11,2
235,4,12,1
235,4,19,1
235,5,1,1
235,5,7,1
235,5,8,1
235,5,9,2
235,5,10,1
235,5,11,1
235,5,12,1
235,5,14,2
235,6,4,1
235,6,8,3
235,6,10,1
235,6,11,2
235,6,15,1
236,0,0,24
236,0,1,20
236,0,2,4
236,0,3,3
236,0,4,6
236,0,5,18
236,0,6,69
236,0,7,296
236,0,8,405
236,0,9,423
236,0,10,387
236,0,11,391
236,0,12,421
236,0,13,433
236,0,14,488
236,0,15,517
236,0,16,431
236,0,17,455
236,0,18,395
236,0,19,266
236,0,20,204
236,0,21,202
236,0,22,100
236,0,23,33
236,1,0,9
236,1,1,3
236,1,2,2
236,1,3,2
236,1,4,5
236,1,5,12
236,1,6,115
236,1,7,312
236,1,8,481
236,1,9,475
236,1,10,461
236,1,11,550
236,1,12,469
236,1,13,464
236,1,14,502
236,1,15,557
236,1,16,503
236,1,17,468
236,1,18,531
236,1,19,308
236,1,20,269
236,1,21,218
236,1,22,110
236,1,23,34
236,2,0,8
236,2,1,7
236,2,2,2
236,2,3,1
236,2,4,3
236,2,5,17
236,2,6,110
236,2,7,411
236,2,8,498
236,2,9,478
236,2,10,493
236,2,11,489
236,2,12,528
236,2,13,479
236,2,14,464
236,2,15,637
236,2,16,523
236,2,17,546
236,2,18,531
236,2,19,408
236,2,20,340
236,2,21,226
236,2,22,129
236,2,23,47
236,3,0,16
236,3,1,10
236,3,2,2
236,3,3,3
236,3,4,7
236,3,5,18
236,3,6,114
236,3,7,381
236,3,8,506
236,3,9,515
236,3,10,515
236,3,11,505
236,3,12,530
236,3,13,512
236,3,14,529
236,3,15,666
236,3,16,558
236,3,17,565
236,3,18,557
236,3,19,374
236,3,20,296
236,3,21,265
236,3,22,165
236,3,23,53
236,4,0,23
236,4,1,10
236,4,2,3
236,4,3,2
236,4,4,7
236,4,5,19
236,4,6,83
236,4,7,298
236,4,8,442
236,4,9,431
236,4,10,440
236,4,11,489
236,4,12,519
236,4,13,506
236,4,14,499
236,4,15,614
236,4,16,457
236,4,17,506
236,4,18,522
236,4,19,410
236,4,20,267
236,4,21,285
236,4,22,207
236,4,23,93
236,5,0,33
236,5,1,25
236,5,2,14
236,5,3,4
236,5,4,1
236,5,5,15
236,5,6,30
236,5,7,67
236,5,8,145
236,5,9,242
236,5,10,323
236,5,11,377
236,5,12,442
236,5,13,459
236,5,14,458
236,5,15,413
236,5,16,435
236,5,17,413
236,5,18,442
236,5,19,364
236,5,20,289
236,5,21,227
236,5,22,150
236,5,23,115
236,6,0,47
236,6,1,27
236,6,2,10
236,6,3,8
236,6,4,4
236,6,5,3
236,6,6,11
236,6,7,72
236,6,8,100
236,6,9,183
236,6,10,302
236,6,11,359
236,6,12,395
236,6,13,404
236,6,14,365
236,6,15,354
236,6,16,367
236,6,17,358
236,6,18,311
236,6,19,199
236,6,20,164
236,6,21,123
236,6,22,63
236,6,23,40
237,0,0,50
237,0,1,42
237,0,2,19
237,0,3,7
237,0,4,6
237,0,5,9
237,0,6,45
237,0,7,185
237,0,8,259
237,0,9,358
237,0,10,359
237,0,11,408
237,0,12,438
237,0,13,429
237,0,14,484
237,0,15,500
237,0,16,449
237,0,17,469
237,0,18,432
237,0,19,343
237,0,20,338
237,0,21,299
237,0,22,143
237,0,23,48
237,1,0,31
237,1,1,7
237,1,2,6
237,1,3,4
237,1,4,4
237,1,5,14
237,1,6,50
237,1,7,221
237,1,8,345
237,1,9,398
237,1,10,455
237,1,11,490
237,1,12,492
237,1,13,501
237,1,14,575
237,1,15,587
237,1,16,524
237,1,17,552
237,1,18,583
237,1,19,499
237,1,20,405
237,1,21,416
237,1,22,223
237,1,23,91
237,2,0,43
237,2,1,15
237,2,2,2
237,2,3,1
237,2,4,6
237,2,5,13
237,2,6,48
237,2,7,258
237,2,8,386
237,2,9,438
237,2,10,463
237,2,11,519
237,2,12,565
237,2,13,565
237,2,14,656
237,2,15,633
237,2,16,546
237,2,17,648
237,2,18,602
237,2,19,502
237,2,20,453
237,2,21,467
237,2,22,252
237,2,23,121
237,3,0,43
237,3,1,18
237,3,2,8
237,3,3,2
237,3,4,5
237,3,5,22
237,3,6,61
237,3,7,223
237,3,8,344
237,3,9,481
237,3,10,460
237,3,11,501
237,3,12,572
237,3,13,537
237,3,14,591
237,3,15,581
237,3,16,544
237,3,17,643
237,3,18,661
237,3,19,527
237,3,20,485
237,3,21,492
237,3,22,376
237,3,23,190
237,4,0,85
237,4,1,34
237,4,2,10
237,4,3,6
237,4,4,7
237,4,5,19
237,4,6,48
237,4,7,171
237,4,8,299
237,4,9,316
237,4,10,449
237,4,11,443
237,4,12,538
237,4,13,475
237,4,14,585
237,4,15,580
237,4,16,582
237,4,17,604
237,4,18,524
237,4,19,432
237,4,20,374
237,4,21,350
237,4,22,297
237,4,23,207
237,5,0,111
237,5,1,52
237,5,2,15
237,5,3,12
237,5,4,9
237,5,5,6
237,5,6,16
237,5,7,51
237,5,8,107
237,5,9,189
237,5,10,309
237,5,11,360
237,5,12,432
237,5,13,439
237,5,14,497
237,5,15,511
237,5,16,486
237,5,17,447
237,5,18,433
237,5,19,367
237,5,20,308
237,5,21,287
237,5,22,291
237,5,23,188
237,6,0,99
237,6,1,49
237,6,2,19
237,6,3,11
237,6,4,10
237,6,5,4
237,6,6,13
237,6,7,32
237,6,8,79
237,6,9,163
237,6,10,253
237,6,11,334
237,6,12,386
237,6,13,403
237,6,14,414
237,6,15,379
237,6,16,395
237,6,17,344
237,6,18,289
237,6,19,263
237,6,20,171
237,6,21,167
237,6,22,88
237,6,23,62
238,0,0,23
238,0,1,21
238,0,2,13
238,0,3,2
238,0,4,8
238,0,5,21
238,0,6,46
238,0,7,144
238,0,8,190
238,0,9,150
238,0,10,192
238,0,11,137
238,0,12,188
238,0,13,164
238,0,14,160
238,0,15,199
238,0,16,183
238,0,17,177
238,0,18,194
238,0,19,125
238,0,20,86
238,0,21,78
238,0,22,39
238,0,23,16
238,1,0,6
238,1,1,2
238,1,2,1
238,1,4,7
238,1,5,17
238,1,6,49
238,1,7,158
238,1,8,222
238,1,9,210
238,1,10,158
238,1,11,159
238,1,12,189
238,1,13,173
238,1,14,161
238,1,15,202
238,1,16,178
238,1,17,192
238,1,18,205
238,1,19,145
238,1,20,95
238,1,21,86
238,1,22,64
238,1,23,24
238,2,0,10
238,2,1,2
238,2,2,1
238,2,4,7
238,2,5,16
238,2,6,53
238,2,7,147
238,2,8,243
238,2,9,228
238,2,10,211
238,2,11,201
238,2,12,242
238,2,13,226
238,2,14,193
238,2,15,222
238,2,16,191
238,2,17,245
238,2,18,201
238,2,19,153
238,2,20,124
238,2,21,102
238,2,22,73
238,2,23,26
238,3,0,7
238,3,1,5
238,3,2,1
238,3,3,1
238,3,4,4
238,3,5,18
238,3,6,63
238,3,7,187
238,3,8,236
238,3,9,204
238,3,10,220
238,3,11,206
238,3,12,229
238,3,13,207
238,3,14,211
238,3,15,252
238,3,16,175
238,3,17,232
238,3,18,216
238,3,19,157
238,3,20,146
238,3,21,100
238,3,22,68
238,3,23,53
238,4,0,20
238,4,1,7
238,4,2,5
238,4,3,5
238,4,4,5
238,4,5,17
238,4,6,52
238,4,7,154
238,4,8,207
238,4,9,221
238,4,10,207
238,4,11,200
238,4,12,188
238,4,13,183
238,4,14,220
238,4,15,232
238,4,16,175
238,4,17,208
238,4,18,232
238,4,19,206
238,4,20,120
238,4,21,120
238,4,22,100
238,4,23,55
238,5,0,30
238,5,1,26
238,5,2,7
238,5,3,3
238,5,4,6
238,5,5,7
238,5,6,29
238,5,7,56
238,5,8,117
238,5,9,157
238,5,10,186
238,5,11,191
238,5,12,209
238,5,13,218
238,5,14,175
238,5,15,183
238,5,16,134
238,5,17,176
238,5,18,218
238,5,19,199
238,5,20,117
238,5,21,121
238,5,22,110
238,5,23,73
238,6,0,26
238,6,1,13
238,6,2,5
238,6,3,4
238,6,4,3
238,6,5,4
238,6,6,26
238,6,7,49
238,6,8,99
238,6,9,136
238,6,10,182
238,6,11,221
238,6,12,190
238,6,13,170
238,6,14,168
238,6,15,154
238,6,16,153
238,6,17,152
238,6,18,173
238,6,19,129
238,6,20,102
238,6,21,79
238,6,22,59
238,6,23,42
239,0,0,51
239,0,1,31
239,0,2,28
239,0,3,11
239,0,4,8
239,0,5,16
239,0,6,42
239,0,7,141
239,0,8,208
239,0,9,208
239,0,10,209
239,0,11,228
239,0,12,246
239,0,13,241
239,0,14,257
239,0,15,259
239,0,16,231
239,0,17,260
239,0,18,241
239,0,19,197
239,0,20,166
239,0,21,160
239,0,22,88
239,0,23,30
239,1,0,11
239,1,1,5
239,1,2,5
239,1,3,1
239,1,4,4
239,1,5,26
239,1,6,59
239,1,7,174
239,1,8,218
239,1,9,229
239,1,10,216
239,1,11,199
239,1,12,243
239,1,13,240
239,1,14,263
239,1,15,287
239,1,16,263
239,1,17,248
239,1,18,278
239,1,19,237
239,1,20,202
239,1,21,199
239,1,22,110
239,1,23,40
239,2,0,21
239,2,1,9
239,2,2,3
239,2,4,8
239,2,5,25
239,2,6,68
239,2,7,210
239,2,8,245
239,2,9,260
239,2,10,214
239,2,11,279
239,2,12,278
239,2,13,298
239,2,14,329
239,2,15,238
239,2,16,273
239,2,17,284
239,2,18,298
239,2,19,242
239,2,20,215
239,2,21,207
239,2,22,168
239,2,23,60
239,3,0,25
239,3,1,13
239,3,2,8
239,3,3,1
239,3,4,6
239,3,5,15
239,3,6,64
239,3,7,199
239,3,8,264
239,3,9,283
239,3,10,257
239,3,11,272
239,3,12,267
239,3,13,259
239,3,14,304
239,3,15,288
239,3,16,273
239,3,17,353
239,3,18,306
239,3,19,278
239,3,20,217
239,3,21,222
239,3,22,178
239,3,23,100
239,4,0,70
239,4,1,13
239,4,2,9
239,4,3,5
239,4,4,9
239,4,5,20
239,4,6,56
239,4,7,171
239,4,8,228
239,4,9,268
239,4,10,263
239,4,11,240
239,4,12,242
239,4,13,255
239,4,14,315
239,4,15,289
239,4,16,313
239,4,17,304
239,4,18,303
239,4,19,270
239,4,20,229
239,4,21,259
239,4,22,248
239,4,23,203
239,5,0,97
239,5,1,47
239,5,2,23
239,5,3,17
239,5,4,9
239,5,5,8
239,5,6,26
239,5,7,38
239,5,8,103
239,5,9,185
239,5,10,242
239,5,11,267
239,5,12,344
239,5,13,343
239,5,14,303
239,5,15,346
239,5,16,337
239,5,17,364
239,5,18,337
239,5,19,300
239,5,20,273
239,5,21,290
239,5,22,225
239,5,23,215
239,6,0,97
239,6,1,54
239,6,2,19
239,6,3,16
239,6,4,9
239,6,5,11
239,6,6,27
239,6,7,39
239,6,8,89
239,6,9,154
239,6,10,263
239,6,11,270
239,6,12,311
239,6,13,320
239,6,14,294
239,6,15,282
239,6,16,288
239,6,17,288
239,6,18,232
239,6,19,196
239,6,20,157
239,6,21,156
239,6,22,86
239,6,23,87
240,0,5,1
240,1,15,1
240,3,5,1
240,4,5,2
240,4,9,1
241,0,5,1
241,0,9,1
241,0,10,1
241,0,12,1
241,0,13,1
241,1,9,1
241,1,10,1
241,1,11,1
241,1,13,1
241,1,22,1
241,2,4,1
241,2,5,1
241,2,7,1
241,2,9,3
241,2,10,2
241,2,11,1
241,3,5,1
241,3,6,2
241,3,8,1
241,3,9,3
241,3,10,2
241,3,11,1
241,3,12,2
241,3,14,1
241,4,4,1
241,4,6,1
241,4,9,2
241,4,12,1
241,4,15,1
241,4,16,1
241,4,17,1
241,4,18,1
241,5,5,1
241,5,11,1
241,5,14,1
241,5,19,1
241,5,21,1
241,5,22,1
241,6,7,2
241,6,22,3
242,0,5,1
242,0,11,3
242,0,14,2
242,0,15,1
242,0,16,1
242,0,19,1
242,1,8,1
242,1,11,2
242,1,12,1
242,1,15,1
242,1,16,1
242,1,20,1
242,2,5,1
242,2,7,2
242,2,9,1
242,2,10,1
242,2,12,3
242,2,13,2
242,2,14,1
242,2,16,2
242,2,17,1
242,2,18,1
242,3,5,1
242,3,6,1
242,3,10,1
242,3,11,1
242,3,13,2
242,3,15,2
242,3,16,1
242,3,18,1
242,4,9,1
242,4,10,2
242,4,13,3
242,4,14,1
242,4,22,1
242,5,7,1
242,5,14,2
242,6,13,1
242,6,16,1
242,6,17,1
242,6,18,1
243,0,1,1
243,0,5,1
243,0,8,2
243,0,9,5
243,0,11,2
243,0,12,3
243,0,13,2
243,0,14,2
243,0,15,1
243,0,19,1
243,0,20,1
243,1,6,1
243,1,7,1
243,1,8,2
243,1,9,2
243,1,11,4
243,1,12,1
243,1,13,2
243,1,14,1
243,1,15,2
243,1,16,1
243,1,18,1
243,1,19,1
243,1,20,1
243,1,22,1
243,2,7,1
243,2,9,1
243,2,10,4
243,2,12,2
243,2,13,1
243,2,14,1
243,2,16,1
243,3,6,1
243,3,7,1
243,3,10,4
243,3,12,5
243,3,13,1
243,3,14,1
243,3,16,1
243,3,18,3
243,3,19,1
243,3,20,1
243,4,4,1
243,4,11,1
243,4,12,1
243,4,13,2
243,4,18,1
243,4,20,1
243,4,22,2
243,4,23,1
243,5,4,1
243,5,7,1
243,5,8,1
243,5,12,1
243,5,13,1
243,5,16,1
243,5,20,2
243,6,0,1
243,6,1,1
243,6,10,1
243,6,12,2
243,6,16,2
243,6,19,2
243,6,20,2
243,6,21,2
244,0,0,1
244,0,1,1
244,0,2,2
244,0,3,1
244,0,4,1
244,0,6,2
244,0,7,6
244,0,9,6
244,0,10,6
244,0,11,6
244,0,12,6
244,0,13,5
244,0,14,6
244,0,15,2
244,0,16,4
244,0,17,3
244,0,19,1
244,0,21,1
244,0,22,1
244,0,23,1
244,1,0,1
244,1,1,1
244,1,6,2
244,1,7,7
244,1,8,9
244,1,9,5
244,1,10,7
244,1,11,6
244,1,12,4
244,1,13,10
244,1,14,2
244,1,15,6
244,1,16,1
244,1,17,3
244,1,18,2
244,1,19,4
244,1,20,1
244,1,22,1
244,1,23,1
244,2,6,1
244,2,7,9
244,2,8,6
244,2,9,6
244,2,10,5
244,2,11,6
244,2,12,8
244,2,13,8
244,2,14,7
244,2,15,3
244,2,16,4
244,2,17,3
244,2,18,8
244,2,19,5
244,2,20,1
244,2,21,1
244,2,22,1
244,3,0,2
244,3,6,2
244,3,7,5
244,3,8,7
244,3,9,13
244,3,10,4
244,3,11,9
244,3,12,4
244,3,13,7
244,3,14,4
244,3,15,8
244,3,16,8
244,3,17,9
244,3,18,2
244,3,19,2
244,3,20,4
244,3,21,1
244,3,22,2
244,3,23,3
244,4,5,2
244,4,6,4
244,4,7,6
244,4,8,8
244,4,9,6
244,4,10,4
244,4,11,7
244,4,12,5
244,4,13,5
244,4,14,5
244,4,15,8
244,4,16,6
244,4,17,6
244,4,18,1
244,4,19,5
244,4,20,2
244,4,21,5
244,4,22,2
244,4,23,2
244,5,0,2
244,5,1,1
244,5,2,1
244,5,5,2
244,5,7,2
244,5,8,4
244,5,9,1
244,5,10,1
244,5,11,3
244,5,12,3
244,5,13,2
244,5,14,4
244,5,15,1
244,5,16,5
244,5,17,4
244,5,18,2
244,5,19,3
244,5,20,2
244,5,21,2
244,5,23,2
244,6,0,2
244,6,1,2
244,6,2,1
244,6,3,2
244,6,4,1
244,6,5,3
244,6,7,1
244,6,8,4
244,6,9,6
244,6,10,4
244,6,12,1
244,6,13,5
244,6,15,4
244,6,17,2
244,6,18,1
244,6,20,1
244,6,21,2
244,6,22,3
244,6,23,1
246,0,0,38
246,0,1,46
246,0,2,35
246,0,3,36
246,0,4,28
246,0,5,1
246,0,6,4
246,0,7,23
246,0,8,46
246,0,9,45
246,0,10,80
246,0,11,97
246,0,12,110
246,0,13,124
246,0,14,144
246,0,15,162
246,0,16,180
246,0,17,215
246,0,18,193
246,0,19,115
246,0,20,114
246,0,21,84
246,0,22,80
246,0,23,41
246,1,0,11
246,1,1,10
246,1,2,11
246,1,3,7
246,1,5,2
246,1,6,8
246,1,7,23
246,1,8,77
246,1,9,77
246,1,10,73
246,1,11,111
246,1,12,144
246,1,13,148
246,1,14,181
246,1,15,188
246,1,16,201
246,1,17,240
246,1,18,241
246,1,19,161
246,1,20,139
246,1,21,127
246,1,22,69
246,1,23,50
246,2,0,16
246,2,1,10
246,2,2,13
246,2,3,11
246,2,4,4
246,2,5,1
246,2,6,3
246,2,7,42
246,2,8,79
246,2,9,65
246,2,10,96
246,2,11,114
246,2,12,149
246,2,13,127
246,2,14,155
246,2,15,171
246,2,16,187
246,2,17,217
246,2,18,241
246,2,19,200
246,2,20,186
246,2,21,132
246,2,22,101
246,2,23,65
246,3,0,42
246,3,1,48
246,3,2,51
246,3,3,45
246,3,4,12
246,3,5,2
246,3,6,4
246,3,7,32
246,3,8,91
246,3,9,89
246,3,10,102
246,3,11,89
246,3,12,124
246,3,13,118
246,3,14,147
246,3,15,142
246,3,16,143
246,3,17,242
246,3,18,301
246,3,19,265
246,3,20,192
246,3,21,162
246,3,22,121
246,3,23,69
246,4,0,37
246,4,1,25
246,4,2,48
246,4,3,38
246,4,4,8
246,4,5,2
246,4,6,1
246,4,7,24
246,4,8,57
246,4,9,55
246,4,10,70
246,4,11,94
246,4,12,113
246,4,13,110
246,4,14,123
246,4,15,139
246,4,16,161
246,4,17,188
246,4,18,177
246,4,19,158
246,4,20,126
246,4,21,117
246,4,22,120
246,4,23,100
246,5,0,69
246,5,1,84
246,5,2,111
246,5,3,133
246,5,4,58
246,5,5,3
246,5,6,2
246,5,7,12
246,5,8,21
246,5,9,37
246,5,10,69
246,5,11,121
246,5,12,177
246,5,13,158
246,5,14,189
246,5,15,254
246,5,16,241
246,5,17,251
246,5,18,222
246,5,19,184
246,5,20,148
246,5,21,133
246,5,22,114
246,5,23,67
246,6,0,69
246,6,1,97
246,6,2,116
246,6,3,126
246,6,4,57
246,6,5,3
246,6,6,2
246,6,7,4
246,6,8,8
246,6,9,36
246,6,10,80
246,6,11,93
246,6,12,142
246,6,13,163
246,6,14,189
246,6,15,221
246,6,16,189
246,6,17,157
246,6,18,140
246,6,19,107
246,6,20,95
246,6,21,72
246,6,22,73
246,6,23,58
247,0,5,1
247,0,11,2
247,0,12,2
247,0,16,1
247,0,18,1
247,0,19,1
247,0,21,2
247,1,7,3
247,1,8,1
247,1,10,2
247,1,11,1
247,1,13,4
247,1,15,1
247,1,19,2
247,2,5,1
247,2,9,2
247,2,10,2
247,2,11,1
247,2,12,3
247,2,16,1
247,3,6,1
247,3,7,2
247,3,8,2
247,3,9,2
247,3,10,1
247,3,11,1
247,3,15,1
247,3,16,1
247,3,17,1
247,3,21,1
247,4,1,1
247,4,7,2
247,4,11,3
247,4,16,1
247,4,17,2
247,4,18,1
247,4,19,1
247,4,20,1
247,4,22,1
247,5,12,1
247,5,14,2
247,5,16,1
247,5,22,1
247,5,23,1
247,6,7,1
247,6,10,1
247,6,15,1
247,6,18,1
248,0,5,1
248,0,6,1
248,0,13,1
248,1,6,1
248,1,8,1
248,1,13,3
248,1,16,1
248,2,6,1
248,2,8,1
248,2,9,2
248,2,15,1
248,2,16,1
248,3,6,4
248,3,8,1
248,3,14,1
248,3,15,1
248,3,17,1
248,3,21,1
248,4,5,1
248,4,6,1
248,4,8,1
248,4,10,2
248,4,12,2
248,4,14,1
248,5,9,2
248,5,12,1
248,5,16,1
248,6,8,1
248,6,9,1
248,6,11,1
248,6,13,3
248,6,19,1
249,0,0,87
249,0,1,70
249,0,2,37
249,0,3,42
249,0,4,12
249,0,5,5
249,0,6,21
249,0,7,50
249,0,8,83
249,0,9,86
249,0,10,78
249,0,11,83
249,0,12,72
249,0,13,93
249,0,14,72
249,0,15,92
249,0,16,67
249,0,17,89
249,0,18,121
249,0,19,122
249,0,20,148
249,0,21,180
249,0,22,117
249,0,23,102
249,1,0,52
249,1,1,32
249,1,2,21
249,1,3,9
249,1,4,8
249,1,5,8
249,1,6,21
249,1,7,49
249,1,8,99
249,1,9,106
249,1,10,85
249,1,11,73
249,1,12,72
249,1,13,87
249,1,14,76
249,1,15,81
249,1,16,83
249,1,17,112
249,1,18,143
249,1,19,152
249,1,20,183
249,1,21,244
249,1,22,207
249,1,23,139
249,2,0,78
249,2,1,53
249,2,2,18
249,2,3,21
249,2,4,7
249,2,5,6
249,2,6,28
249,2,7,93
249,2,8,96
249,2,9,111
249,2,10,91
249,2,11,72
249,2,12,93
249,2,13,106
249,2,14,101
249,2,15,109
249,2,16,97
249,2,17,138
249,2,18,163
249,2,19,175
249,2,20,228
249,2,21,266
249,2,22,280
249,2,23,253
249,3,0,100
249,3,1,74
249,3,2,38
249,3,3,16
249,3,4,11
249,3,5,9
249,3,6,28
249,3,7,72
249,3,8,103
249,3,9,116
249,3,10,109
249,3,11,87
249,3,12,80
249,3,13,120
249,3,14,103
249,3,15,111
249,3,16,120
249,3,17,125
249,3,18,189
249,3,19,195
249,3,20,249
249,3,21,311
249,3,22,353
249,3,23,325
249,4,0,228
249,4,1,148
249,4,2,92
249,4,3,43
249,4,4,21
249,4,5,5
249,4,6,21
249,4,7,50
249,4,8,80
249,4,9,83
249,4,10,105
249,4,11,79
249,4,12,78
249,4,13,88
249,4,14,110
249,4,15,98
249,4,16,116
249,4,17,115
249,4,18,183
249,4,19,255
249,4,20,249
249,4,21,361
249,4,22,412
249,4,23,525
249,5,0,621
249,5,1,558
249,5,2,373
249,5,3,211
249,5,4,63
249,5,5,11
249,5,6,6
249,5,7,14
249,5,8,31
249,5,9,63
249,5,10,98
249,5,11,112
249,5,12,137
249,5,13,166
249,5,14,172
249,5,15,179
249,5,16,221
249,5,17,231
249,5,18,309
249,5,19,344
249,5,20,361
249,5,21,390
249,5,22,513
249,5,23,543
249,6,0,589
249,6,1,526
249,6,2,346
249,6,3,237
249,6,4,79
249,6,5,14
249,6,6,10
249,6,7,20
249,6,8,28
249,6,9,46
249,6,10,66
249,6,11,102
249,6,12,141
249,6,13,150
249,6,14,142
249,6,15,147
249,6,16,163
249,6,17,165
249,6,18,152
249,6,19,185
249,6,20,192
249,6,21,210
249,6,22,159
249,6,23,116
250,0,13,1
250,0,14,1
250,1,8,1
250,1,10,1
250,1,11,1
250,1,13,1
250,1,16,1
250,1,18,1
250,2,7,1
250,2,10,1
250,2,13,1
250,2,15,1
250,3,9,1
250,3,12,1
250,3,14,1
250,3,15,1
250,3,16,1
250,3,17,1
250,4,8,1
250,4,10,1
250,4,11,1
250,4,13,1
250,4,20,1
250,5,9,1
250,5,10,1
250,5,12,1
250,5,17,1
250,5,20,1
250,6,12,1
250,6,15,1
250,6,17,1
252,0,11,1
252,0,18,1
252,1,7,1
252,1,8,1
252,1,12,1
252,1,22,1
252,2,6,2
252,3,6,1
252,3,16,1
252,4,7,1
252,4,9,1
252,4,20,1
252,5,20,1
252,5,21,2
252,6,0,1
253,0,17,1
253,1,6,1
253,2,20,1
254,0,9,1
254,0,11,1
254,0,12,1
254,0,13,1
254,0,15,1
254,1,4,1
254,1,5,1
254,1,9,1
254,1,10,1
254,1,12,1
254,1,14,1
254,2,6,1
254,2,8,1
254,2,9,1
254,2,10,1
254,2,13,1
254,2,14,1
254,2,16,1
254,3,5,1
254,3,6,1
254,3,8,1
254,3,11,3
254,3,12,3
254,3,13,1
254,3,15,2
254,4,6,2
254,4,10,1
254,4,11,2
254,4,12,2
254,4,13,2
254,4,16,1
254,4,17,1
254,4,18,1
254,4,19,1
254,5,6,1
254,5,7,1
254,5,16,1
254,6,8,1
254,6,9,1
254,6,11,1
254,6,13,1
254,6,14,2
254,6,15,2
254,6,16,2
255,0,0,3
255,0,1,4
255,0,2,2
255,0,7,1
255,0,15,1
255,0,17,1
255,0,20,1
255,0,21,1
255,1,0,2
255,1,1,1
255,1,11,1
255,1,13,1
255,1,14,1
255,1,15,1
255,1,17,1
255,1,18,2
255,1,23,2
255,2,0,2
255,2,2,1
255,2,8,1
255,2,11,1
255,2,15,1
255,2,16,3
255,2,17,1
255,2,18,1
255,2,19,1
255,2,20,2
255,2,23,1
255,3,0,2
255,3,6,1
255,3,8,1
255,3,9,1
255,3,10,2
255,3,13,1
255,3,15,2
255,3,18,1
255,3,19,2
255,3,20,1
255,3,21,1
255,3,22,4
255,3,23,3
255,4,0,2
255,4,1,2
255,4,2,1
255,4,5,1
255,4,6,1
255,4,11,1
255,4,15,2
255,4,16,1
255,4,17,1
255,4,18,1
255,4,20,1
255,4,21,3
255,4,22,2
255,4,23,4
255,5,0,7
255,5,1,8
255,5,2,8
255,5,3,5
255,5,4,2
255,5,12,1
255,5,13,1
255,5,15,1
255,5,16,1
255,5,17,2
255,5,18,1
255,5,19,1
255,5,20,2
255,5,21,2
255,5,22,3
255,5,23,8
255,6,0,8
255,6,1,8
255,6,2,5
255,6,3,10
255,6,6,1
255,6,13,2
255,6,14,1
255,6,15,1
255,6,17,1
255,6,19,1
255,6,21,3
255,6,22,2
255,6,23,2
256,0,0,1
256,0,1,3
256,0,2,2
256,0,3,1
256,0,5,1
256,0,9,1
256,0,11,1
256,0,14,1
256,0,16,3
256,0,18,1
256,0,21,1
256,0,23,1
256,1,7,2
256,1,13,1
256,1,14,1
256,1,16,1
256,1,19,1
256,1,21,3
256,1,23,1
256,2,8,1
256,2,14,1
256,2,18,1
256,2,22,1
256,2,23,1
256,3,12,1
256,3,16,1
256,3,19,1
256,3,20,4
256,3,22,1
256,3,23,2
256,4,0,2
256,4,1,1
256,4,3,1
256,4,7,3
256,4,10,1
256,4,14,1
256,4,15,2
256,4,16,1
256,4,18,1
256,4,19,1
256,4,21,2
256,4,22,1
256,4,23,1
256,5,0,4
256,5,1,1
256,5,2,1
256,5,4,2
256,5,6,2
256,5,9,1
256,5,10,1
256,5,11,1
256,5,14,1
256,5,18,1
256,5,19,1
256,5,20,2
256,5,21,3
256,5,22,4
256,5,23,6
256,6,0,5
256,6,1,2
256,6,2,3
256,6,3,3
256,6,4,4
256,6,12,1
256,6,13,2
256,6,14,2
256,6,15,1
256,6,18,2
256,6,19,2
256,6,20,1
256,6,21,1
256,6,23,3
257,0,8,1
257,0,9,1
257,0,22,1
257,0,23,1
257,1,1,1
257,1,5,1
257,2,23,1
257,3,5,1
257,4,10,2
257,6,10,2
257,6,12,2
257,6,19,1
258,0,5,2
258,0,6,2
258,0,8,1
258,0,9,2
258,0,10,1
258,0,11,1
258,0,14,1
258,1,5,2
258,1,6,2
258,1,8,1
258,1,9,1
258,2,5,1
258,2,6,1
258,2,8,1
258,2,9,1
258,2,10,2
258,2,13,1
258,2,17,1
258,3,5,3
258,3,6,1
258,3,8,1
258,3,9,1
258,3,10,1
258,3,12,2
258,4,6,2
258,4,7,1
258,4,9,1
258,4,10,1
258,4,11,1
258,4,23,1
258,5,11,1
258,5,15,1
258,6,12,1
258,6,17,1
259,0,6,3
259,0,11,3
259,0,15,1
259,1,11,1
259,1,19,2
259,2,5,1
259,2,6,3
259,2,9,1
259,2,11,1
259,2,14,1
259,2,17,1
259,3,6,1
259,3,13,2
259,3,17,2
259,4,4,1
259,4,5,1
259,4,15,2
259,4,16,1
259,4,18,1
259,5,8,1
259,5,9,1
259,5,14,1
259,5,17,1
259,6,14,1
260,0,0,3
260,0,4,1
260,0,6,2
260,0,7,1
260,0,8,7
260,0,9,1
260,0,10,1
260,0,11,3
260,0,13,3
260,0,14,3
260,0,15,1
260,0,16,3
260,0,17,1
260,0,19,1
260,0,21,1
260,1,2,1
260,1,3,1
260,1,7,4
260,1,8,2
260,1,9,1
260,1,10,1
260,1,11,1
260,1,13,1
260,1,14,1
260,1,16,3
260,1,17,1
260,1,19,1
260,1,21,2
260,1,22,1
260,2,5,3
260,2,7,2
260,2,8,2
260,2,9,1
260,2,10,1
260,2,11,2
260,2,13,1
260,2,14,3
260,2,15,1
260,2,16,1
260,2,17,3
260,2,19,1
260,2,20,1
260,2,21,1
260,2,23,3
260,3,4,1
260,3,5,1
260,3,6,2
260,3,7,1
260,3,8,3
260,3,9,4
260,3,10,3
260,3,11,1
260,3,12,1
260,3,13,1
260,3,14,2
260,3,16,1
260,3,17,2
260,3,18,1
260,3,19,3
260,3,20,3
260,3,21,2
260,3,22,1
260,4,5,1
260,4,6,1
260,4,7,1
260,4,8,3
260,4,9,2
260,4,11,2
260,4,13,5
260,4,14,1
260,4,16,1
260,4,18,1
260,4,19,2
260,4,21,3
260,4,23,1
260,5,0,1
260,5,1,1
260,5,2,1
260,5,3,1
260,5,4,1
260,5,7,2
260,5,8,2
260,5,9,1
260,5,10,1
260,5,11,2
260,5,13,1
260,5,15,2
260,5,16,2
260,5,17,2
260,5,18,3
260,5,19,1
260,5,21,2
260,5,22,1
260,6,0,1
260,6,2,1
260,6,3,1
260,6,5,1
260,6,6,2
260,6,9,3
260,6,10,1
260,6,12,2
260,6,13,1
260,6,14,1
260,6,15,3
260,6,16,1
260,6,18,1
260,6,21,1
260,6,22,1
260,6,23,1
261,0,0,6
261,0,1,2
261,0,2,2
261,0,3,1
261,0,4,3
261,0,5,2
261,0,6,2
261,0,7,7
261,0,8,12
261,0,9,12
261,0,10,26
261,0,11,28
261,0,12,36
261,0,13,42
261,0,14,46
261,0,15,50
261,0,16,51
261,0,17,54
261,0,18,56
261,0,19,32
261,0,20,29
261,0,21,24
261,0,22,15
261,0,23,3
261,1,0,4
261,1,1,2
261,1,4,3
261,1,5,3
261,1,6,5
261,1,7,12
261,1,8,11
261,1,9,32
261,1,10,19
261,1,11,45
261,1,12,40
261,1,13,30
261,1,14,43
261,1,15,46
261,1,16,46
261,1,17,46
261,1,18,50
261,1,19,45
261,1,20,35
261,1,21,30
261,1,22,20
261,1,23,10
261,2,0,6
261,2,5,1
261,2,6,6
261,2,7,10
261,2,8,23
261,2,9,20
261,2,10,24
261,2,11,36
261,2,12,40
261,2,13,48
261,2,14,60
261,2,15,65
261,2,16,44
261,2,17,58
261,2,18,76
261,2,19,54
261,2,20,42
261,2,21,44
261,2,22,21
261,2,23,8
261,3,0,3
261,3,1,3
261,3,3,2
261,3,5,1
261,3,6,6
261,3,7,15
261,3,8,21
261,3,9,24
261,3,10,19
261,3,11,42
261,3,12,48
261,3,13,46
261,3,14,47
261,3,15,64
261,3,16,61
261,3,17,82
261,3,18,60
261,3,19,69
261,3,20,54
261,3,21,43
261,3,22,34
261,3,23,24
261,4,0,7
261,4,1,2
261,4,2,3
261,4,3,1
261,4,4,5
261,4,5,2
261,4,6,6
261,4,7,12
261,4,8,10
261,4,9,24
261,4,10,23
261,4,11,25
261,4,12,35
261,4,13,44
261,4,14,58
261,4,15,55
261,4,16,54
261,4,17,70
261,4,18,61
261,4,19,51
261,4,20,28
261,4,21,26
261,4,22,24
261,4,23,22
261,5,0,17
261,5,1,9
261,5,2,5
261,5,3,2
261,5,4,5
261,5,5,5
261,5,6,4
261,5,7,6
261,5,8,11
261,5,9,19
261,5,10,22
261,5,11,44
261,5,12,65
261,5,13,61
261,5,14,59
261,5,15,87
261,5,16,68
261,5,17,59
261,5,18,57
261,5,19,34
261,5,20,46
261,5,21,28
261,5,22,21
261,5,23,21
261,6,0,12
261,6,1,13
261,6,2,6
261,6,3,4
261,6,4,1
261,6,5,2
261,6,6,2
261,6,7,4
261,6,8,8
261,6,9,21
261,6,10,22
261,6,11,40
261,6,12,56
261,6,13,70
261,6,14,51
261,6,15,53
261,6,16,67
261,6,17,54
261,6,18,44
261,6,19,24
261,6,20,19
261,6,21,15
261,6,22,9
261,6,23,7
262,0,0,10
262,0,1,10
262,0,2,4
262,0,3,4
262,0,4,3
262,0,5,25
262,0,6,62
262,0,7,143
262,0,8,166
262,0,9,162
262,0,10,102
262,0,11,108
262,0,12,124
262,0,13,88
262,0,14,122
262,0,15,109
262,0,16,106
262,0,17,111
262,0,18,85
262,0,19,50
262,0,20,53
262,0,21,25
262,0,22,15
262,0,23,7
262,1,0,1
262,1,1,1
262,1,3,3
262,1,4,5
262,1,5,22
262,1,6,88
262,1,7,175
262,1,8,188
262,1,9,166
262,1,10,158
262,1,11,119
262,1,12,110
262,1,13,97
262,1,14,123
262,1,15,123
262,1,16,111
262,1,17,102
262,1,18,121
262,1,19,68
262,1,20,46
262,1,21,44
262,1,22,14
262,1,23,8
262,2,0,4
262,2,2,2
262,2,3,2
262,2,4,3
262,2,5,16
262,2,6,81
262,2,7,186
262,2,8,181
262,2,9,181
262,2,10,164
262,2,11,176
262,2,12,142
262,2,13,101
262,2,14,96
262,2,15,128
262,2,16,125
262,2,17,124
262,2,18,120
262,2,19,83
262,2,20,57
262,2,21,41
262,2,22,23
262,2,23,11
262,3,0,7
262,3,1,4
262,3,3,3
262,3,4,8
262,3,5,14
262,3,6,79
262,3,7,187
262,3,8,184
262,3,9,201
262,3,10,175
262,3,11,139
262,3,12,137
262,3,13,119
262,3,14,105
262,3,15,133
262,3,16,132
262,3,17,135
262,3,18,155
262,3,19,95
262,3,20,63
262,3,21,46
262,3,22,29
262,3,23,18
262,4,0,11
262,4,1,2
262,4,2,3
262,4,3,3
262,4,4,5
262,4,5,17
262,4,6,66
262,4,7,151
262,4,8,188
262,4,9,192
262,4,10,184
262,4,11,131
262,4,12,121
262,4,13,108
262,4,14,138
262,4,15,141
262,4,16,115
262,4,17,152
262,4,18,139
262,4,19,89
262,4,20,65
262,4,21,61
262,4,22,29
262,4,23,25
262,5,0,12
262,5,1,10
262,5,2,4
262,5,3,4
262,5,4,4
262,5,5,10
262,5,6,22
262,5,7,46
262,5,8,92
262,5,9,131
262,5,10,126
262,5,11,132
262,5,12,162
262,5,13,120
262,5,14,133
262,5,15,98
262,5,16,92
262,5,17,98
262,5,18,113
262,5,19,95
262,5,20,60
262,5,21,37
262,5,22,44
262,5,23,34
262,6,0,16
262,6,1,10
262,6,2,6
262,6,3,3
262,6,4,6
262,6,5,6
262,6,6,13
262,6,7,33
262,6,8,67
262,6,9,90
262,6,10,118
262,6,11,119
262,6,12,120
262,6,13,129
262,6,14,102
262,6,15,98
262,6,16,81
262,6,17,73
262,6,18,76
262,6,19,50
262,6,20,36
262,6,21,30
262,6,22,12
262,6,23,17
263,0,0,54
263,0,1,41
263,0,2,35
263,0,3,14
263,0,4,13
263,0,5,18
263,0,6,48
263,0,7,154
263,0,8,137
263,0,9,155
263,0,10,130
263,0,11,125
263,0,12,143
263,0,13,115
263,0,14,152
263,0,15,148
263,0,16,125
263,0,17,127
263,0,18,145
263,0,19,122
263,0,20,111
263,0,21,107
263,0,22,59
263,0,23,29
263,1,0,17
263,1,1,9
263,1,2,5
263,1,3,2
263,1,4,7
263,1,5,19
263,1,6,66
263,1,7,131
263,1,8,157
263,1,9,156
263,1,10,161
263,1,11,148
263,1,12,150
263,1,13,137
263,1,14,171
263,1,15,156
263,1,16,144
263,1,17,157
263,1,18,154
263,1,19,106
263,1,20,137
263,1,21,123
263,1,22,82
263,1,23,45
263,2,0,15
263,2,1,10
263,2,2,7
263,2,3,7
263,2,4,11
263,2,5,21
263,2,6,56
263,2,7,141
263,2,8,174
263,2,9,201
263,2,10,131
263,2,11,126
263,2,12,142
263,2,13,139
263,2,14,161
263,2,15,149
263,2,16,160
263,2,17,158
263,2,18,196
263,2,19,176
263,2,20,139
263,2,21,124
263,2,22,108
263,2,23,60
263,3,0,23
263,3,1,10
263,3,2,5
263,3,3,6
263,3,4,14
263,3,5,16
263,3,6,71
263,3,7,145
263,3,8,177
263,3,9,172
263,3,10,176
263,3,11,152
263,3,12,162
263,3,13,189
263,3,14,164
263,3,15,182
263,3,16,165
263,3,17,185
263,3,18,188
263,3,19,147
263,3,20,146
263,3,21,158
263,3,22,133
263,3,23,73
263,4,0,58
263,4,1,35
263,4,2,23
263,4,3,14
263,4,4,13
263,4,5,29
263,4,6,50
263,4,7,156
263,4,8,183
263,4,9,169
263,4,10,162
263,4,11,167
263,4,12,161
263,4,13,162
263,4,14,195
263,4,15,165
263,4,16,170
263,4,17,203
263,4,18,203
263,4,19,209
263,4,20,169
263,4,21,162
263,4,22,178
263,4,23,127
263,5,0,110
263,5,1,100
263,5,2,53
263,5,3,29
263,5,4,14
263,5,5,9
263,5,6,39
263,5,7,46
263,5,8,84
263,5,9,135
263,5,10,166
263,5,11,208
263,5,12,223
263,5,13,192
263,5,14,183
263,5,15,178
263,5,16,186
263,5,17,200
263,5,18,238
263,5,19,220
263,5,20,195
263,5,21,201
263,5,22,184
263,5,23,154
263,6,0,138
263,6,1,104
263,6,2,55
263,6,3,37
263,6,4,30
263,6,5,11
263,6,6,27
263,6,7,32
263,6,8,82
263,6,9,119
263,6,10,194
263,6,11,194
263,6,12,170
263,6,13,171
263,6,14,184
263,6,15,137
263,6,16,132
263,6,17,147
263,6,18,148
263,6,19,133
263,6,20,143
263,6,21,95
263,6,22,58
263,6,23,61
264,0,0,13
264,0,1,3
264,0,2,6
264,0,3,4
264,0,4,3
264,0,5,2
264,0,6,11
264,0,7,19
264,0,8,20
264,0,9,20
264,0,10,13
264,0,11,15
264,0,12,20
264,0,13,18
264,0,14,21
264,0,15,22
264,0,16,25
264,0,17,26
264,0,18,31
264,0,19,16
264,0,20,20
264,0,21,23
264,0,22,17
264,0,23,14
264,1,0,5
264,1,1,2
264,1,2,1
264,1,4,2
264,1,5,4
264,1,6,8
264,1,7,22
264,1,8,24
264,1,9,21
264,1,10,28
264,1,11,33
264,1,12,17
264,1,13,21
264,1,14,22
264,1,15,34
264,1,16,25
264,1,17,25
264,1,18,35
264,1,19,29
264,1,20,25
264,1,21,25
264,1,22,10
264,1,23,9
264,2,0,10
264,2,1,4
264,2,2,3
264,2,3,1
264,2,4,4
264,2,5,2
264,2,6,10
264,2,7,15
264,2,8,29
264,2,9,30
264,2,10,15
264,2,11,22
264,2,12,27
264,2,13,33
264,2,14,25
264,2,15,21
264,2,16,23
264,2,17,33
264,2,18,24
264,2,19,28
264,2,20,24
264,2,21,23
264,2,22,24
264,2,23,15
264,3,0,4
264,3,1,6
264,3,2,3
264,3,3,2
264,3,4,1
264,3,5,3
264,3,6,9
264,3,7,27
264,3,8,29
264,3,9,30
264,3,10,28
264,3,11,35
264,3,12,33
264,3,13,28
264,3,14,26
264,3,15,31
264,3,16,37
264,3,17,46
264,3,18,40
264,3,19,25
264,3,20,33
264,3,21,32
264,3,22,23
264,3,23,27
264,4,0,7
264,4,1,5
264,4,2,3
264,4,3,3
264,4,4,3
264,4,5,5
264,4,6,7
264,4,7,21
264,4,8,24
264,4,9,27
264,4,10,19
264,4,11,19
264,4,12,34
264,4,13,19
264,4,14,25
264,4,15,20
264,4,16,32
264,4,17,25
264,4,18,19
264,4,19,27
264,4,20,24
264,4,21,26
264,4,22,28
264,4,23,21
264,5,0,33
264,5,1,21
264,5,2,9
264,5,3,8
264,5,4,5
264,5,5,2
264,5,6,2
264,5,7,6
264,5,8,11
264,5,9,8
264,5,10,12
264,5,11,14
264,5,12,35
264,5,13,29
264,5,14,27
264,5,15,35
264,5,16,41
264,5,17,28
264,5,18,31
264,5,19,45
264,5,20,25
264,5,21,21
264,5,22,29
264,5,23,28
264,6,0,19
264,6,1,31
264,6,2,18
264,6,3,12
264,6,4,4
264,6,5,3
264,6,6,4
264,6,7,4
264,6,8,7
264,6,9,14
264,6,10,24
264,6,11,28
264,6,12,18
264,6,13,25
264,6,14,29
264,6,15,30
264,6,16,27
264,6,17,17
264,6,18,29
264,6,19,17
264,6,20,28
264,6,21,21
264,6,22,15
264,6,23,20
265,0,0,2
265,0,1,1
265,0,6,3
265,0,8,1
265,0,11,2
265,0,16,1
265,0,17,1
265,0,18,2
265,0,19,1
265,0,20,1
265,1,7,2
265,1,9,1
265,1,11,1
265,1,15,2
265,1,17,1
265,1,19,1
265,1,21,2
265,1,23,1
265,2,5,3
265,2,7,1
265,2,9,1
265,2,10,1
265,2,13,2
265,2,15,2
265,2,17,1
265,2,18,1
265,2,20,2
265,2,21,1
265,2,22,3
265,3,0,2
265,3,7,1
265,3,11,1
265,3,13,1
265,3,14,2
265,3,15,1
265,3,17,1
265,3,19,1
265,3,21,2
265,3,22,1
265,4,0,2
265,4,1,1
265,4,4,1
265,4,9,1
265,4,10,2
265,4,11,1
265,4,12,3
265,4,15,2
265,4,16,1
265,4,17,2
265,4,20,1
265,4,21,3
265,4,23,1
265,5,0,3
265,5,4,1
265,5,8,1
265,5,12,1
265,5,16,2
265,5,17,1
265,5,18,1
265,5,20,2
265,5,21,1
265,5,22,3
265,5,23,1
265,6,3,1
265,6,4,1
265,6,6,1
265,6,9,2
265,6,10,1
265,6,11,1
265,6,12,1
265,6,14,1
265,6,15,2
265,6,18,1
265,6,20,1
