pickup_location_id,hour,day_of_week,is_weekend,ride_count
1,6,2,0,1
1,8,0,0,1
1,8,4,0,1
1,13,3,0,1
1,14,5,1,1
1,15,3,0,1
1,16,4,0,1
1,16,6,1,1
1,18,1,0,1
1,18,3,0,1
1,19,3,0,1
1,23,3,0,1
2,5,3,0,1
3,3,0,0,1
3,4,4,0,1
3,6,1,0,2
3,6,4,0,1
3,8,1,0,1
3,8,3,0,1
3,8,4,0,1
3,9,3,0,1
3,10,3,0,1
3,10,4,0,1
3,10,5,1,1
3,10,6,1,1
3,13,1,0,1
3,13,2,0,1
3,15,1,0,1
3,15,2,0,1
3,16,3,0,1
3,18,0,0,1
3,18,1,0,1
4,0,0,0,1
4,0,1,0,3
4,0,2,0,3
4,0,3,0,5
4,0,4,0,9
4,0,5,1,36
4,0,6,1,58
4,1,0,0,3
4,1,1,0,5
4,1,2,0,1
4,1,3,0,5
4,1,4,0,15
4,1,5,1,68
4,1,6,1,77
4,2,0,0,10
4,2,1,0,7
4,2,3,0,1
4,2,4,0,10
4,2,5,1,62
4,2,6,1,59
4,3,0,0,1
4,3,4,0,1
4,3,5,1,29
4,3,6,1,37
4,4,1,0,1
4,4,3,0,1
4,4,5,1,6
4,4,6,1,12
4,5,0,0,1
4,5,1,0,1
4,5,3,0,1
4,5,5,1,1
4,6,1,0,2
4,6,2,0,1
4,7,0,0,1
4,7,1,0,4
4,7,2,0,4
4,7,4,0,1
4,7,5,1,1
4,7,6,1,1
4,8,0,0,3
4,8,1,0,5
4,8,2,0,9
4,8,3,0,4
4,8,4,0,4
4,8,5,1,1
4,9,0,0,1
4,9,1,0,5
4,9,2,0,3
4,9,3,0,4
4,9,5,1,1
4,9,6,1,1
4,10,0,0,3
4,10,1,0,2
4,10,2,0,2
4,10,3,0,4
4,10,4,0,6
4,10,5,1,3
4,10,6,1,3
4,11,0,0,1
4,11,1,0,4
4,11,2,0,3
4,11,3,0,5
4,11,4,0,4
4,11,5,1,1
4,11,6,1,1
4,12,1,0,3
4,12,2,0,3
4,12,3,0,2
4,12,4,0,3
4,12,5,1,3
4,12,6,1,3
4,13,0,0,1
4,13,1,0,1
4,13,2,0,3
4,13,3,0,3
4,13,5,1,5
4,13,6,1,5
4,14,0,0,3
4,14,1,0,1
4,14,2,0,3
4,14,4,0,4
4,14,5,1,5
4,14,6,1,4
4,15,0,0,4
4,15,1,0,3
4,15,2,0,2
4,15,3,0,6
4,15,4,0,3
4,15,5,1,5
4,16,0,0,3
4,16,1,0,4
4,16,2,0,4
4,16,3,0,5
4,16,4,0,1
4,16,5,1,6
4,16,6,1,3
4,17,0,0,1
4,17,1,0,3
4,17,2,0,2
4,17,3,0,2
4,17,4,0,3
4,17,5,1,6
4,17,6,1,5
4,18,0,0,3
4,18,1,0,2
4,18,2,0,1
4,18,3,0,3
4,18,4,0,4
4,18,5,1,10
4,18,6,1,5
4,19,0,0,3
4,19,1,0,2
4,19,2,0,7
4,19,3,0,8
4,19,4,0,11
4,19,5,1,12
4,19,6,1,6
4,20,1,0,3
4,20,2,0,3
4,20,3,0,5
4,20,4,0,4
4,20,5,1,8
4,20,6,1,2
4,21,0,0,1
4,21,1,0,4
4,21,2,0,8
4,21,3,0,5
4,21,4,0,11
4,21,5,1,14
4,21,6,1,4
4,22,0,0,1
4,22,1,0,6
4,22,2,0,1
4,22,3,0,9
4,22,4,0,17
4,22,5,1,17
4,22,6,1,3
4,23,0,0,5
4,23,2,0,7
4,23,3,0,8
4,23,4,0,34
4,23,5,1,42
4,23,6,1,4
6,8,1,0,1
7,0,0,0,1
7,0,3,0,2
7,0,4,0,3
7,0,5,1,4
7,0,6,1,5
7,1,0,0,1
7,1,4,0,1
7,1,5,1,2
7,1,6,1,2
7,2,0,0,2
7,2,1,0,2
7,2,2,0,1
7,2,4,0,1
7,2,5,1,2
7,2,6,1,2
7,3,2,0,1
7,3,4,0,1
7,3,6,1,3
7,4,0,0,1
7,4,1,0,1
7,4,4,0,1
7,4,5,1,2
7,4,6,1,3
7,5,0,0,1
7,5,1,0,1
7,5,2,0,1
7,5,4,0,2
7,5,5,1,1
7,5,6,1,2
7,6,0,0,2
7,6,1,0,4
7,6,2,0,2
7,6,3,0,2
7,6,4,0,3
7,6,5,1,1
7,6,6,1,1
7,7,0,0,2
7,7,1,0,3
7,7,2,0,6
7,7,3,0,2
7,7,4,0,2
7,7,5,1,3
7,7,6,1,1
7,8,0,0,3
7,8,1,0,3
7,8,2,0,4
7,8,3,0,7
7,8,4,0,3
7,8,5,1,2
7,8,6,1,4
7,9,0,0,1
7,9,1,0,7
7,9,2,0,1
7,9,3,0,2
7,9,4,0,2
7,9,5,1,9
7,9,6,1,3
7,10,0,0,4
7,10,1,0,1
7,10,2,0,5
7,10,3,0,5
7,10,4,0,3
7,10,5,1,3
7,10,6,1,3
7,11,0,0,3
7,11,1,0,7
7,11,2,0,3
7,11,3,0,3
7,11,4,0,4
7,11,5,1,5
7,11,6,1,1
7,12,0,0,6
7,12,1,0,2
7,12,2,0,1
7,12,3,0,3
7,12,4,0,3
7,12,5,1,2
7,12,6,1,3
7,13,0,0,2
7,13,2,0,5
7,13,3,0,2
7,13,4,0,3
7,13,6,1,1
7,14,0,0,3
7,14,1,0,1
7,14,2,0,7
7,14,3,0,5
7,14,4,0,5
7,14,5,1,5
7,14,6,1,4
7,15,0,0,5
7,15,1,0,5
7,15,2,0,6
7,15,3,0,5
7,15,4,0,2
7,15,5,1,3
7,15,6,1,2
7,16,0,0,2
7,16,1,0,3
7,16,2,0,4
7,16,3,0,1
7,16,4,0,2
7,16,5,1,5
7,16,6,1,3
7,17,0,0,3
7,17,1,0,3
7,17,2,0,4
7,17,3,0,2
7,17,4,0,2
7,17,5,1,3
7,17,6,1,4
7,18,0,0,3
7,18,2,0,1
7,18,3,0,2
7,18,4,0,2
7,18,5,1,2
7,18,6,1,2
7,19,0,0,1
7,19,1,0,3
7,19,2,0,1
7,19,3,0,3
7,19,4,0,5
7,19,5,1,2
7,19,6,1,5
7,20,0,0,1
7,20,1,0,4
7,20,2,0,1
7,20,3,0,1
7,20,5,1,3
7,20,6,1,2
7,21,0,0,2
7,21,1,0,2
7,21,2,0,1
7,21,3,0,2
7,21,4,0,4
7,21,5,1,1
7,21,6,1,1
7,22,0,0,1
7,22,1,0,2
7,22,2,0,1
7,22,3,0,1
7,22,4,0,4
7,22,5,1,1
7,23,1,0,1
7,23,2,0,1
7,23,4,0,4
7,23,5,1,2
7,23,6,1,1
8,6,6,1,1
8,18,2,0,1
9,0,2,0,1
9,4,2,0,1
9,5,1,0,1
9,5,3,0,1
9,10,1,0,1
9,12,3,0,1
9,13,3,0,1
9,14,2,0,1
9,18,4,0,1
10,0,0,0,1
10,0,2,0,1
10,0,4,0,1
10,1,2,0,1
10,1,5,1,1
10,1,6,1,3
10,2,1,0,1
10,3,0,0,1
10,3,1,0,2
10,5,0,0,1
10,5,1,0,1
10,5,2,0,5
10,5,3,0,2
10,5,4,0,2
10,6,0,0,3
10,6,1,0,1
10,6,2,0,5
10,6,3,0,4
10,6,4,0,4
10,6,5,1,3
10,6,6,1,2
10,7,0,0,2
10,7,1,0,4
10,7,2,0,1
10,7,3,0,2
10,7,4,0,2
10,7,5,1,1
10,7,6,1,2
10,8,0,0,4
10,8,1,0,1
10,8,2,0,4
10,8,5,1,2
10,8,6,1,5
10,9,0,0,2
10,9,1,0,2
10,9,3,0,4
10,9,5,1,1
10,10,1,0,1
10,10,2,0,1
10,10,3,0,1
10,10,4,0,3
10,10,5,1,2
10,10,6,1,3
10,11,0,0,2
10,11,1,0,6
10,11,2,0,2
10,11,3,0,1
10,11,4,0,3
10,11,5,1,2
10,11,6,1,2
10,12,1,0,2
10,12,2,0,1
10,12,3,0,3
10,12,4,0,2
10,12,5,1,1
10,12,6,1,1
10,13,0,0,2
10,13,2,0,4
10,13,3,0,2
10,13,4,0,1
10,13,5,1,2
10,14,0,0,4
10,14,1,0,4
10,14,2,0,2
10,14,3,0,1
10,14,4,0,6
10,14,5,1,2
10,14,6,1,1
10,15,0,0,5
10,15,3,0,1
10,15,4,0,1
10,15,5,1,2
10,15,6,1,4
10,16,0,0,6
10,16,1,0,4
10,16,2,0,4
10,16,3,0,8
10,16,4,0,9
10,16,5,1,2
10,16,6,1,1
10,17,0,0,3
10,17,1,0,3
10,17,2,0,1
10,17,4,0,1
10,17,5,1,4
10,17,6,1,3
10,18,0,0,3
10,18,1,0,2
10,18,3,0,1
10,18,4,0,2
10,18,5,1,3
10,18,6,1,3
10,19,0,0,3
10,19,1,0,1
10,19,2,0,4
10,19,3,0,2
10,19,4,0,1
10,19,5,1,2
10,19,6,1,3
10,20,2,0,2
10,20,3,0,2
10,20,4,0,2
10,20,5,1,3
10,20,6,1,5
10,21,0,0,2
10,21,1,0,2
10,21,2,0,1
10,21,4,0,6
10,21,6,1,1
10,22,0,0,1
10,22,3,0,1
10,22,4,0,2
10,22,5,1,2
10,22,6,1,5
10,23,0,0,2
10,23,1,0,2
10,23,2,0,1
10,23,3,0,2
10,23,4,0,1
10,23,5,1,2
10,23,6,1,1
11,2,1,0,1
11,3,6,1,1
11,5,0,0,1
11,6,0,0,1
11,6,3,0,1
11,6,4,0,1
11,7,4,0,2
11,9,2,0,3
11,9,3,0,1
11,9,4,0,1
11,11,3,0,1
11,17,4,0,1
11,18,1,0,1
12,0,3,0,1
12,7,2,0,1
12,8,2,0,1
12,8,3,0,1
12,8,4,0,2
12,9,0,0,1
12,9,1,0,1
12,9,2,0,1
12,10,0,0,3
12,10,1,0,1
12,10,4,0,2
12,10,5,1,1
12,10,6,1,1
12,11,0,0,1
12,11,1,0,2
12,11,2,0,3
12,11,3,0,3
12,11,4,0,2
12,11,5,1,3
12,11,6,1,4
12,12,0,0,4
12,12,1,0,3
12,12,2,0,3
12,12,3,0,4
12,12,4,0,4
12,12,5,1,7
12,12,6,1,10
12,13,0,0,4
12,13,1,0,5
12,13,2,0,9
12,13,3,0,4
12,13,4,0,5
12,13,5,1,6
12,13,6,1,12
12,14,0,0,9
12,14,1,0,9
12,14,2,0,5
12,14,3,0,6
12,14,4,0,2
12,14,5,1,9
12,14,6,1,9
12,15,0,0,11
12,15,1,0,10
12,15,2,0,7
12,15,3,0,2
12,15,4,0,7
12,15,5,1,15
12,15,6,1,14
12,16,0,0,10
12,16,1,0,2
12,16,2,0,9
12,16,3,0,7
12,16,4,0,6
12,16,5,1,4
12,16,6,1,4
12,17,0,0,6
12,17,1,0,4
12,17,2,0,3
12,17,3,0,5
12,17,4,0,3
12,17,5,1,10
12,17,6,1,4
12,18,1,0,2
12,18,2,0,2
12,18,3,0,1
12,18,4,0,2
12,18,5,1,3
12,19,0,0,1
12,19,4,0,1
12,19,5,1,1
12,20,0,0,1
12,20,2,0,1
12,20,3,0,1
12,21,4,0,3
12,22,2,0,3
12,22,3,0,1
12,23,1,0,1
12,23,5,1,1
13,0,0,0,1
13,0,1,0,1
13,0,2,0,2
13,0,3,0,1
13,0,4,0,3
13,0,5,1,2
13,0,6,1,6
13,1,0,0,1
13,1,1,0,2
13,1,2,0,1
13,1,4,0,2
13,1,6,1,1
13,2,5,1,1
13,3,3,0,1
13,3,4,0,2
13,3,5,1,1
13,3,6,1,4
13,4,0,0,1
13,4,2,0,1
13,4,3,0,1
13,4,4,0,1
13,4,5,1,2
13,4,6,1,3
13,5,0,0,1
13,5,1,0,4
13,5,2,0,5
13,5,3,0,2
13,5,4,0,4
13,5,5,1,3
13,5,6,1,1
13,6,0,0,5
13,6,1,0,15
13,6,2,0,7
13,6,3,0,11
13,6,4,0,8
13,6,5,1,3
13,6,6,1,1
13,7,0,0,23
13,7,1,0,40
13,7,2,0,31
13,7,3,0,35
13,7,4,0,26
13,7,5,1,6
13,7,6,1,3
13,8,0,0,39
13,8,1,0,38
13,8,2,0,36
13,8,3,0,46
13,8,4,0,39
13,8,5,1,11
13,8,6,1,13
13,9,0,0,28
13,9,1,0,49
13,9,2,0,54
13,9,3,0,49
13,9,4,0,37
13,9,5,1,18
13,9,6,1,18
13,10,0,0,29
13,10,1,0,31
13,10,2,0,45
13,10,3,0,42
13,10,4,0,30
13,10,5,1,32
13,10,6,1,30
13,11,0,0,39
13,11,1,0,37
13,11,2,0,46
13,11,3,0,66
13,11,4,0,48
13,11,5,1,40
13,11,6,1,43
13,12,0,0,38
13,12,1,0,48
13,12,2,0,68
13,12,3,0,50
13,12,4,0,55
13,12,5,1,50
13,12,6,1,39
13,13,0,0,52
13,13,1,0,55
13,13,2,0,65
13,13,3,0,74
13,13,4,0,43
13,13,5,1,47
13,13,6,1,36
13,14,0,0,53
13,14,1,0,51
13,14,2,0,80
13,14,3,0,62
13,14,4,0,56
13,14,5,1,56
13,14,6,1,31
13,15,0,0,52
13,15,1,0,45
13,15,2,0,75
13,15,3,0,67
13,15,4,0,65
13,15,5,1,54
13,15,6,1,48
13,16,0,0,64
13,16,1,0,62
13,16,2,0,92
13,16,3,0,89
13,16,4,0,63
13,16,5,1,50
13,16,6,1,41
13,17,0,0,82
13,17,1,0,86
13,17,2,0,88
13,17,3,0,115
13,17,4,0,86
13,17,5,1,48
13,17,6,1,56
13,18,0,0,61
13,18,1,0,98
13,18,2,0,93
13,18,3,0,104
13,18,4,0,101
13,18,5,1,49
13,18,6,1,30
13,19,0,0,55
13,19,1,0,72
13,19,2,0,81
13,19,3,0,128
13,19,4,0,87
13,19,5,1,42
13,19,6,1,26
13,20,0,0,39
13,20,1,0,61
13,20,2,0,63
13,20,3,0,60
13,20,4,0,32
13,20,5,1,35
13,20,6,1,11
13,21,0,0,25
13,21,1,0,35
13,21,2,0,38
13,21,3,0,54
13,21,4,0,29
13,21,5,1,29
13,21,6,1,8
13,22,0,0,5
13,22,1,0,25
13,22,2,0,23
13,22,3,0,28
13,22,4,0,17
13,22,5,1,19
13,22,6,1,2
13,23,0,0,1
13,23,1,0,1
13,23,2,0,7
13,23,3,0,13
13,23,4,0,5
13,23,5,1,13
13,23,6,1,4
14,1,4,0,1
14,1,6,1,1
14,3,2,0,1
14,3,4,0,1
14,3,6,1,3
14,4,2,0,1
14,4,3,0,1
14,4,4,0,2
14,4,6,1,1
14,6,0,0,2
14,6,1,0,2
14,6,2,0,1
14,6,3,0,2
14,6,4,0,2
14,6,6,1,1
14,7,0,0,3
14,7,1,0,3
14,7,2,0,7
14,7,3,0,3
14,7,4,0,3
14,8,0,0,2
14,8,2,0,3
14,9,0,0,1
14,9,1,0,1
14,9,2,0,1
14,9,3,0,1
14,10,1,0,1
14,10,2,0,2
14,10,3,0,1
14,10,4,0,1
14,10,5,1,1
14,10,6,1,1
14,11,0,0,2
14,11,1,0,3
14,11,2,0,5
14,11,3,0,1
14,11,4,0,1
14,12,0,0,2
14,12,1,0,1
14,12,2,0,2
14,12,3,0,1
14,13,0,0,3
14,13,1,0,1
14,13,3,0,1
14,14,0,0,2
14,14,1,0,1
14,14,2,0,3
14,15,1,0,2
14,15,2,0,2
14,15,3,0,1
14,15,5,1,1
14,16,4,0,3
14,16,5,1,1
14,17,2,0,1
14,18,0,0,1
14,18,4,0,2
14,19,2,0,1
14,21,1,0,1
14,22,2,0,1
14,23,3,0,1
15,5,1,0,1
15,5,3,0,1
15,8,4,0,1
15,9,4,0,1
15,12,2,0,1
15,13,4,0,2
15,14,0,0,1
15,14,6,1,1
15,17,2,0,1
16,1,5,1,1
16,7,5,1,1
16,9,1,0,1
16,12,1,0,1
16,12,3,0,1
16,13,2,0,1
16,13,3,0,1
16,14,0,0,1
16,14,2,0,3
16,15,2,0,1
16,15,3,0,1
16,16,3,0,2
16,18,4,0,1
16,19,2,0,1
17,0,4,0,1
17,1,0,0,1
17,1,1,0,1
17,2,5,1,1
17,4,4,0,1
17,4,6,1,1
17,5,1,0,2
17,5,2,0,2
17,5,3,0,2
17,5,4,0,1
17,6,0,0,1
17,6,1,0,1
17,6,3,0,1
17,6,4,0,1
17,7,1,0,2
17,7,2,0,3
17,7,3,0,3
17,7,4,0,1
17,8,0,0,1
17,8,1,0,2
17,8,2,0,2
17,8,3,0,2
17,8,4,0,5
17,8,6,1,4
17,9,0,0,5
17,9,1,0,4
17,9,2,0,2
17,9,3,0,1
17,9,4,0,4
17,9,5,1,2
17,9,6,1,1
17,10,0,0,1
17,10,1,0,1
17,10,3,0,2
17,10,4,0,3
17,10,5,1,1
17,10,6,1,1
17,11,0,0,1
17,11,2,0,1
17,11,3,0,4
17,11,4,0,2
17,11,6,1,3
17,12,0,0,3
17,12,2,0,1
17,12,3,0,1
17,12,4,0,1
17,12,6,1,1
17,13,0,0,2
17,13,2,0,2
17,13,3,0,3
17,13,4,0,1
17,13,5,1,3
17,13,6,1,2
17,14,0,0,1
17,14,1,0,1
17,14,2,0,1
17,14,3,0,2
17,14,4,0,1
17,14,5,1,1
17,15,1,0,2
17,15,2,0,2
17,15,6,1,1
17,16,0,0,2
17,16,1,0,1
17,16,2,0,3
17,16,4,0,2
17,16,6,1,1
17,17,0,0,1
17,17,1,0,1
17,17,3,0,1
17,18,1,0,2
17,18,2,0,1
17,18,3,0,2
17,18,4,0,2
17,19,2,0,2
17,19,4,0,1
17,20,1,0,1
17,20,2,0,1
17,20,4,0,1
17,20,5,1,2
17,20,6,1,1
17,21,0,0,1
17,21,3,0,1
17,21,6,1,1
17,22,5,1,1
18,0,0,0,1
18,4,0,0,1
18,4,1,0,2
18,4,6,1,1
18,5,0,0,1
18,6,1,0,1
18,6,4,0,1
18,7,2,0,2
18,7,3,0,1
18,8,0,0,1
18,8,1,0,2
18,9,0,0,1
18,9,1,0,1
18,9,2,0,2
18,9,3,0,1
18,10,0,0,1
18,10,1,0,1
18,10,3,0,1
18,10,4,0,1
18,10,6,1,1
18,11,2,0,1
18,11,3,0,1
18,11,4,0,1
18,12,1,0,1
18,12,2,0,2
18,12,3,0,1
18,12,6,1,2
18,13,0,0,1
18,13,2,0,1
18,13,4,0,1
18,13,6,1,1
18,14,0,0,1
18,14,1,0,1
18,16,1,0,1
18,17,2,0,1
18,19,5,1,1
18,20,1,0,1
19,4,1,0,1
19,6,0,0,1
19,6,5,1,1
19,7,1,0,1
19,9,5,1,1
19,11,0,0,1
19,11,2,0,1
19,14,1,0,1
19,15,2,0,1
19,15,3,0,1
19,17,6,1,3
19,19,5,1,1
19,20,5,1,1
20,5,1,0,2
20,5,2,0,1
20,5,3,0,1
20,5,4,0,2
20,6,0,0,1
20,6,1,0,1
20,7,2,0,1
20,8,4,0,1
20,8,5,1,1
20,8,6,1,1
20,9,0,0,2
20,9,2,0,1
20,9,3,0,1
20,9,4,0,1
20,10,0,0,1
20,11,0,0,1
20,11,2,0,1
20,11,3,0,3
20,11,4,0,1
20,11,5,1,2
20,12,0,0,2
20,12,1,0,2
20,12,2,0,1
20,12,3,0,1
20,13,0,0,1
20,13,3,0,1
20,13,4,0,1
20,16,0,0,2
20,16,4,0,1
20,17,3,0,1
20,18,5,1,1
20,19,5,1,2
21,6,2,0,1
21,7,0,0,1
21,7,1,0,1
21,7,2,0,2
21,7,4,0,1
21,8,2,0,2
21,8,3,0,1
21,8,4,0,1
21,9,0,0,1
21,9,2,0,2
21,9,3,0,2
21,9,4,0,1
21,10,0,0,1
21,10,3,0,1
21,10,6,1,1
21,11,4,0,1
21,12,0,0,2
21,12,1,0,1
21,12,3,0,2
21,13,0,0,1
21,13,4,0,1
21,14,1,0,1
21,14,3,0,1
21,15,1,0,2
21,16,5,1,1
22,0,3,0,1
22,4,3,0,1
22,5,2,0,1
22,6,1,0,2
22,6,3,0,1
22,6,6,1,1
22,7,1,0,2
22,7,2,0,1
22,7,3,0,2
22,7,4,0,4
22,8,3,0,1
22,9,0,0,2
22,9,1,0,1
22,9,2,0,1
22,9,3,0,2
22,9,4,0,3
22,10,0,0,1
22,10,2,0,1
22,10,3,0,1
22,11,1,0,2
22,11,2,0,1
22,11,4,0,1
22,12,0,0,1
22,12,1,0,1
22,12,3,0,1
22,13,3,0,1
22,14,1,0,1
22,14,2,0,1
22,15,0,0,1
22,15,3,0,1
22,15,4,0,1
22,16,4,0,1
22,17,0,0,1
22,18,4,0,1
23,8,1,0,1
24,0,0,0,3
24,0,1,0,1
24,0,2,0,3
24,0,3,0,1
24,0,4,0,4
24,0,5,1,4
24,0,6,1,5
24,1,0,0,7
24,1,2,0,2
24,1,3,0,1
24,1,4,0,2
24,1,5,1,1
24,2,0,0,3
24,2,2,0,2
24,2,3,0,1
24,2,4,0,1
24,2,5,1,3
24,2,6,1,1
24,3,5,1,2
24,3,6,1,1
24,4,0,0,2
24,4,2,0,1
24,4,4,0,1
24,4,5,1,2
24,4,6,1,1
24,5,1,0,3
24,5,2,0,2
24,5,3,0,2
24,5,4,0,3
24,5,5,1,1
24,5,6,1,3
24,6,0,0,7
24,6,1,0,7
24,6,2,0,2
24,6,3,0,2
24,6,4,0,11
24,6,5,1,5
24,6,6,1,3
24,7,0,0,21
24,7,1,0,22
24,7,2,0,26
24,7,3,0,34
24,7,4,0,25
24,7,5,1,10
24,7,6,1,7
24,8,0,0,25
24,8,1,0,26
24,8,2,0,36
24,8,3,0,37
24,8,4,0,27
24,8,5,1,18
24,8,6,1,17
24,9,0,0,21
24,9,1,0,34
24,9,2,0,32
24,9,3,0,29
24,9,4,0,32
24,9,5,1,21
24,9,6,1,13
24,10,0,0,21
24,10,1,0,29
24,10,2,0,12
24,10,3,0,30
24,10,4,0,32
24,10,5,1,23
24,10,6,1,25
24,11,0,0,19
24,11,1,0,14
24,11,2,0,19
24,11,3,0,21
24,11,4,0,35
24,11,5,1,34
24,11,6,1,17
24,12,0,0,15
24,12,1,0,17
24,12,2,0,18
24,12,3,0,23
24,12,4,0,23
24,12,5,1,25
24,12,6,1,28
24,13,0,0,21
24,13,1,0,16
24,13,2,0,22
24,13,3,0,28
24,13,4,0,16
24,13,5,1,15
24,13,6,1,29
24,14,0,0,21
24,14,1,0,17
24,14,2,0,22
24,14,3,0,25
24,14,4,0,22
24,14,5,1,29
24,14,6,1,21
24,15,0,0,22
24,15,1,0,25
24,15,2,0,27
24,15,3,0,31
24,15,4,0,32
24,15,5,1,19
24,15,6,1,31
24,16,0,0,17
24,16,1,0,14
24,16,2,0,16
24,16,3,0,29
24,16,4,0,28
24,16,5,1,18
24,16,6,1,17
24,17,0,0,11
24,17,1,0,15
24,17,2,0,29
24,17,3,0,33
24,17,4,0,19
24,17,5,1,18
24,17,6,1,23
24,18,0,0,17
24,18,1,0,24
24,18,2,0,26
24,18,3,0,18
24,18,4,0,37
24,18,5,1,28
24,18,6,1,11
24,19,0,0,14
24,19,1,0,17
24,19,2,0,16
24,19,3,0,22
24,19,4,0,24
24,19,5,1,24
24,19,6,1,19
24,20,0,0,6
24,20,1,0,7
24,20,2,0,13
24,20,3,0,14
24,20,4,0,14
24,20,5,1,14
24,20,6,1,11
24,21,0,0,11
24,21,1,0,12
24,21,2,0,10
24,21,3,0,17
24,21,4,0,15
24,21,5,1,12
24,21,6,1,12
24,22,0,0,11
24,22,1,0,3
24,22,2,0,10
24,22,3,0,15
24,22,4,0,12
24,22,5,1,14
24,22,6,1,13
24,23,0,0,3
24,23,1,0,6
24,23,2,0,5
24,23,3,0,13
24,23,4,0,10
24,23,5,1,7
24,23,6,1,5
25,0,1,0,1
25,0,2,0,1
25,0,3,0,1
25,0,4,0,4
25,0,5,1,2
25,0,6,1,6
25,1,0,0,1
25,1,4,0,1
25,1,5,1,2
25,1,6,1,1
25,2,0,0,1
25,2,5,1,2
25,2,6,1,1
25,3,0,0,1
25,5,6,1,1
25,6,0,0,3
25,6,1,0,1
25,6,2,0,2
25,6,3,0,2
25,6,4,0,1
25,6,5,1,2
25,6,6,1,1
25,7,0,0,2
25,7,1,0,2
25,7,2,0,3
25,7,4,0,1
25,7,5,1,1
25,7,6,1,1
25,8,0,0,2
25,8,1,0,2
25,8,2,0,4
25,8,3,0,1
25,8,4,0,3
25,8,5,1,2
25,9,0,0,2
25,9,3,0,3
25,9,5,1,1
25,9,6,1,3
25,10,0,0,2
25,10,1,0,3
25,10,2,0,2
25,10,3,0,4
25,10,4,0,3
25,10,5,1,1
25,10,6,1,4
25,11,0,0,1
25,11,1,0,4
25,11,2,0,5
25,11,3,0,4
25,11,4,0,3
25,11,5,1,1
25,11,6,1,1
25,12,0,0,6
25,12,2,0,3
25,12,3,0,3
25,12,5,1,4
25,12,6,1,2
25,13,0,0,3
25,13,1,0,3
25,13,2,0,5
25,13,3,0,2
25,13,4,0,1
25,13,5,1,2
25,13,6,1,3
25,14,0,0,2
25,14,1,0,1
25,14,2,0,2
25,14,5,1,1
25,14,6,1,6
25,15,0,0,3
25,15,1,0,1
25,15,2,0,5
25,15,3,0,1
25,15,4,0,4
25,15,5,1,2
25,15,6,1,3
25,16,0,0,2
25,16,1,0,2
25,16,2,0,2
25,16,3,0,4
25,16,4,0,4
25,17,0,0,2
25,17,1,0,4
25,17,2,0,4
25,17,3,0,2
25,17,4,0,6
25,17,5,1,3
25,17,6,1,4
25,18,0,0,1
25,18,1,0,5
25,18,2,0,2
25,18,3,0,4
25,18,4,0,2
25,18,5,1,3
25,18,6,1,3
25,19,1,0,3
25,19,2,0,3
25,19,3,0,2
25,19,4,0,2
25,19,5,1,2
25,19,6,1,2
25,20,0,0,2
25,20,1,0,3
25,20,2,0,4
25,20,3,0,4
25,20,4,0,1
25,20,5,1,3
25,20,6,1,3
25,21,0,0,2
25,21,4,0,2
25,21,6,1,2
25,22,0,0,3
25,22,1,0,4
25,22,2,0,6
25,22,3,0,3
25,22,4,0,2
25,22,5,1,1
25,22,6,1,2
25,23,2,0,6
25,23,3,0,3
25,23,4,0,3
25,23,5,1,4
25,23,6,1,1
26,6,0,0,1
26,7,1,0,1
26,7,2,0,1
26,7,4,0,1
26,8,0,0,2
26,8,1,0,1
26,8,3,0,1
26,9,3,0,1
26,9,4,0,1
26,10,0,0,1
26,10,3,0,2
26,10,4,0,1
26,11,1,0,1
26,11,2,0,3
26,11,4,0,2
26,12,0,0,1
26,12,1,0,6
26,12,4,0,2
26,13,0,0,2
26,13,1,0,1
26,13,2,0,3
26,13,3,0,2
26,13,4,0,2
26,14,0,0,2
26,14,1,0,1
26,14,3,0,2
26,14,4,0,1
26,15,0,0,2
26,16,1,0,1
26,16,2,0,2
26,17,0,0,3
26,18,1,0,1
26,18,2,0,1
26,19,1,0,1
26,20,1,0,1
28,0,0,0,2
28,0,1,0,1
28,3,2,0,1
28,4,6,1,2
28,5,1,0,1
28,5,4,0,1
28,6,0,0,3
28,6,1,0,1
28,6,2,0,2
28,6,6,1,1
28,7,0,0,1
28,7,2,0,3
28,7,3,0,1
28,7,5,1,2
28,7,6,1,1
28,8,1,0,1
28,8,3,0,3
28,8,4,0,1
28,8,5,1,2
28,8,6,1,1
28,9,0,0,1
28,9,2,0,2
28,9,4,0,1
28,9,6,1,1
28,10,3,0,1
28,10,4,0,1
28,10,5,1,1
28,10,6,1,1
28,11,0,0,2
28,11,1,0,1
28,11,3,0,1
28,11,4,0,1
28,11,5,1,1
28,11,6,1,2
28,12,0,0,1
28,12,3,0,3
28,12,6,1,1
28,13,1,0,1
28,13,2,0,1
28,13,3,0,2
28,14,2,0,1
28,14,4,0,1
28,15,2,0,2
28,15,4,0,1
28,15,6,1,1
28,16,0,0,2
28,16,1,0,1
28,16,2,0,1
28,16,3,0,1
28,16,4,0,1
28,16,5,1,3
28,16,6,1,1
28,17,2,0,1
28,17,3,0,1
28,17,4,0,1
28,17,6,1,1
28,18,4,0,1
28,18,5,1,1
28,18,6,1,1
28,19,0,0,1
28,19,1,0,1
28,19,5,1,1
28,19,6,1,2
28,20,0,0,2
28,20,2,0,1
28,21,0,0,1
28,21,1,0,1
28,21,3,0,1
28,22,1,0,2
28,23,0,0,1
28,23,2,0,1
28,23,3,0,1
28,23,4,0,1
28,23,6,1,2
29,5,0,0,1
29,5,1,0,1
29,5,2,0,2
29,6,1,0,1
29,6,2,0,1
29,7,0,0,2
29,7,1,0,1
29,7,2,0,6
29,7,3,0,1
29,7,4,0,1
29,8,1,0,2
29,8,2,0,1
29,8,4,0,3
29,9,0,0,1
29,9,1,0,1
29,9,2,0,1
29,9,3,0,1
29,9,4,0,2
29,9,6,1,3
29,10,2,0,1
29,10,3,0,1
29,10,4,0,1
29,10,5,1,2
29,10,6,1,1
29,11,1,0,1
29,11,2,0,4
29,11,5,1,1
29,12,1,0,1
29,12,2,0,1
29,12,3,0,1
29,12,4,0,1
29,12,6,1,1
29,14,1,0,1
29,14,2,0,1
29,14,5,1,1
29,15,0,0,1
29,15,2,0,2
29,15,3,0,3
29,15,4,0,1
29,16,0,0,2
29,16,4,0,1
29,17,1,0,1
29,17,3,0,1
29,17,4,0,1
29,18,3,0,1
29,18,6,1,1
30,1,2,0,1
31,8,0,0,1
31,9,4,0,1
31,12,3,0,1
31,20,1,0,1
32,5,2,0,1
32,6,1,0,2
32,6,3,0,1
32,6,4,0,1
32,7,3,0,1
32,8,0,0,1
32,8,1,0,1
32,8,2,0,2
32,9,1,0,2
32,9,3,0,2
32,9,4,0,1
32,10,1,0,1
32,10,2,0,1
32,10,3,0,2
32,10,6,1,1
32,12,2,0,1
32,12,3,0,1
32,12,5,1,1
32,13,0,0,1
32,13,2,0,1
32,13,4,0,1
32,14,5,1,1
32,14,6,1,1
32,15,3,0,1
32,16,0,0,1
32,16,2,0,1
32,16,3,0,3
32,16,6,1,2
32,17,1,0,1
32,17,3,0,1
33,0,0,0,1
33,0,2,0,1
33,0,3,0,1
33,0,5,1,2
33,0,6,1,4
33,1,0,0,1
33,1,6,1,1
33,2,0,0,1
33,2,4,0,1
33,2,5,1,1
33,3,6,1,1
33,4,5,1,1
33,5,1,0,1
33,6,0,0,1
33,6,1,0,4
33,6,2,0,4
33,6,3,0,2
33,6,4,0,1
33,7,0,0,3
33,7,1,0,2
33,7,2,0,3
33,7,3,0,3
33,7,4,0,4
33,7,6,1,1
33,8,0,0,3
33,8,1,0,9
33,8,2,0,3
33,8,3,0,3
33,8,4,0,4
33,8,5,1,3
33,9,0,0,1
33,9,1,0,2
33,9,2,0,5
33,9,3,0,6
33,9,4,0,4
33,9,5,1,2
33,10,0,0,2
33,10,1,0,3
33,10,2,0,1
33,10,3,0,4
33,10,4,0,3
33,10,6,1,2
33,11,0,0,2
33,11,1,0,4
33,11,2,0,1
33,11,3,0,5
33,11,5,1,1
33,11,6,1,1
33,12,0,0,1
33,12,2,0,5
33,12,3,0,3
33,12,4,0,4
33,12,5,1,1
33,12,6,1,2
33,13,0,0,1
33,13,1,0,2
33,13,2,0,3
33,13,3,0,4
33,13,4,0,2
33,13,5,1,2
33,13,6,1,2
33,14,0,0,4
33,14,3,0,1
33,14,4,0,1
33,14,5,1,2
33,14,6,1,1
33,15,0,0,7
33,15,1,0,8
33,15,2,0,1
33,15,3,0,1
33,15,4,0,2
33,15,5,1,2
33,15,6,1,2
33,16,0,0,4
33,16,1,0,4
33,16,2,0,3
33,16,3,0,3
33,16,4,0,3
33,16,5,1,1
33,16,6,1,1
33,17,0,0,3
33,17,1,0,2
33,17,2,0,3
33,17,3,0,2
33,17,4,0,4
33,17,5,1,2
33,17,6,1,3
33,18,0,0,2
33,18,1,0,6
33,18,2,0,4
33,18,3,0,3
33,18,4,0,4
33,18,5,1,3
33,18,6,1,2
33,19,0,0,1
33,19,1,0,2
33,19,2,0,1
33,19,3,0,4
33,20,0,0,2
33,20,1,0,1
33,20,2,0,2
33,20,3,0,1
33,20,4,0,2
33,20,5,1,5
33,20,6,1,1
33,21,0,0,1
33,21,1,0,1
33,21,2,0,4
33,21,3,0,3
33,21,4,0,3
33,21,5,1,1
33,21,6,1,1
33,22,0,0,3
33,22,1,0,2
33,22,2,0,1
33,22,3,0,2
33,22,4,0,5
33,22,5,1,1
33,23,1,0,1
33,23,3,0,1
33,23,4,0,1
33,23,5,1,3
33,23,6,1,2
34,5,5,1,1
34,7,4,0,1
34,11,5,1,1
34,12,3,0,1
34,12,6,1,1
34,13,2,0,1
34,15,0,0,1
34,16,4,0,1
34,17,4,0,1
34,18,4,0,1
35,4,1,0,1
35,5,0,0,1
35,5,1,0,1
35,5,2,0,2
35,5,3,0,2
35,5,4,0,1
35,6,0,0,2
35,6,1,0,1
35,6,2,0,2
35,6,3,0,3
35,7,0,0,1
35,7,1,0,4
35,7,2,0,2
35,7,3,0,5
35,7,4,0,4
35,7,5,1,1
35,7,6,1,2
35,8,0,0,4
35,8,1,0,2
35,8,2,0,6
35,8,3,0,10
35,8,4,0,2
35,8,5,1,2
35,8,6,1,2
35,9,0,0,5
35,9,1,0,5
35,9,2,0,2
35,9,3,0,4
35,9,4,0,2
35,9,6,1,3
35,10,0,0,1
35,10,1,0,1
35,10,2,0,1
35,10,3,0,2
35,10,4,0,3
35,10,5,1,3
35,10,6,1,2
35,11,0,0,1
35,11,1,0,1
35,11,2,0,2
35,11,4,0,2
35,11,5,1,1
35,11,6,1,1
35,12,0,0,5
35,12,1,0,1
35,12,2,0,1
35,12,3,0,3
35,12,4,0,3
35,12,5,1,1
35,12,6,1,4
35,13,0,0,2
35,13,2,0,2
35,13,3,0,3
35,13,5,1,2
35,13,6,1,1
35,14,0,0,2
35,14,3,0,2
35,14,4,0,3
35,14,5,1,1
35,14,6,1,1
35,15,0,0,1
35,15,1,0,1
35,15,2,0,2
35,15,3,0,1
35,15,4,0,2
35,15,6,1,1
35,16,0,0,1
35,16,1,0,1
35,16,3,0,1
35,17,0,0,2
35,17,2,0,1
35,17,4,0,1
35,18,1,0,1
35,18,2,0,2
35,18,3,0,1
35,18,4,0,2
35,19,2,0,2
35,19,4,0,1
35,19,6,1,1
35,20,4,0,1
35,21,2,0,1
36,0,3,0,1
36,1,0,0,1
36,1,5,1,1
36,1,6,1,1
36,2,5,1,2
36,3,4,0,1
36,3,6,1,1
36,4,3,0,1
36,4,6,1,1
36,5,6,1,1
36,6,4,0,2
36,6,6,1,1
36,8,0,0,2
36,8,1,0,1
36,8,2,0,1
36,8,3,0,1
36,9,5,1,1
36,10,0,0,1
36,11,0,0,1
36,11,1,0,1
36,11,5,1,1
36,13,1,0,1
36,13,2,0,1
36,13,4,0,1
36,16,3,0,1
36,17,1,0,1
36,17,4,0,1
36,19,0,0,1
36,19,4,0,1
36,20,1,0,1
36,22,4,0,1
36,23,4,0,1
36,23,6,1,1
37,1,1,0,1
37,1,5,1,1
37,2,0,0,1
37,2,3,0,1
37,2,5,1,1
37,3,6,1,1
37,4,4,0,2
37,5,2,0,2
37,5,4,0,1
37,5,5,1,2
37,5,6,1,1
37,6,2,0,1
37,6,3,0,3
37,6,4,0,1
37,7,1,0,1
37,7,4,0,4
37,8,0,0,2
37,8,1,0,2
37,8,2,0,1
37,8,3,0,2
37,8,4,0,1
37,9,0,0,1
37,9,1,0,1
37,9,2,0,4
37,9,3,0,1
37,9,4,0,2
37,9,5,1,2
37,10,2,0,1
37,10,6,1,1
37,11,0,0,1
37,11,1,0,2
37,11,2,0,3
37,11,3,0,1
37,12,1,0,2
37,12,2,0,2
37,12,3,0,2
37,12,6,1,1
37,13,0,0,4
37,13,1,0,1
37,13,5,1,1
37,13,6,1,2
37,14,0,0,2
37,14,1,0,1
37,14,2,0,2
37,15,0,0,1
37,15,1,0,2
37,15,2,0,1
37,15,3,0,1
37,15,4,0,2
37,16,1,0,1
37,16,2,0,1
37,16,3,0,1
37,16,4,0,4
37,17,2,0,1
37,17,3,0,2
37,17,5,1,1
37,18,2,0,1
37,18,3,0,2
37,19,0,0,2
37,19,1,0,1
37,19,3,0,1
37,20,3,0,1
37,20,5,1,1
37,22,0,0,1
37,22,5,1,1
37,23,4,0,1
38,4,0,0,1
38,4,1,0,1
38,4,5,1,1
38,5,0,0,1
38,5,2,0,1
38,5,3,0,3
38,5,4,0,2
38,5,6,1,1
38,6,0,0,2
38,6,2,0,1
38,6,4,0,3
38,7,3,0,1
38,7,4,0,1
38,8,3,0,2
38,8,5,1,2
38,9,6,1,1
38,10,1,0,3
38,10,2,0,1
38,10,5,1,2
38,11,2,0,3
38,11,4,0,1
38,12,0,0,1
38,12,1,0,1
38,12,2,0,2
38,12,4,0,1
38,13,0,0,1
38,13,5,1,1
38,15,4,0,1
38,16,4,0,3
38,17,5,1,1
38,22,2,0,1
39,4,0,0,1
39,4,1,0,1
39,4,4,0,1
39,5,0,0,3
39,5,1,0,3
39,5,2,0,2
39,5,3,0,3
39,5,5,1,1
39,6,0,0,7
39,6,1,0,6
39,6,2,0,5
39,6,3,0,1
39,6,4,0,8
39,6,6,1,1
39,7,0,0,1
39,7,1,0,3
39,7,2,0,9
39,7,3,0,5
39,7,4,0,3
39,7,6,1,4
39,8,0,0,3
39,8,1,0,7
39,8,2,0,4
39,8,3,0,6
39,8,4,0,5
39,8,6,1,2
39,9,0,0,2
39,9,1,0,6
39,9,2,0,6
39,9,3,0,2
39,9,4,0,6
39,9,5,1,4
39,9,6,1,1
39,10,0,0,2
39,10,1,0,3
39,10,2,0,2
39,10,3,0,4
39,10,4,0,3
39,10,6,1,1
39,11,1,0,1
39,11,3,0,1
39,11,4,0,2
39,12,0,0,1
39,12,1,0,2
39,12,2,0,3
39,12,3,0,3
39,12,4,0,3
39,13,0,0,3
39,13,1,0,2
39,13,2,0,3
39,13,3,0,3
39,13,6,1,1
39,14,0,0,1
39,14,3,0,2
39,14,4,0,2
39,14,6,1,3
39,15,2,0,1
39,15,5,1,1
39,16,0,0,1
39,16,1,0,1
39,16,3,0,2
39,16,4,0,2
39,17,0,0,2
39,17,1,0,1
39,17,2,0,1
39,17,3,0,1
39,17,4,0,1
39,18,2,0,1
39,18,3,0,1
39,18,4,0,1
39,19,2,0,1
39,19,3,0,1
39,20,3,0,1
39,21,2,0,1
40,0,3,0,1
40,1,2,0,1
40,2,6,1,1
40,5,0,0,1
40,5,2,0,1
40,6,0,0,2
40,6,1,0,1
40,6,2,0,3
40,6,3,0,1
40,7,0,0,4
40,7,1,0,1
40,7,2,0,2
40,7,3,0,3
40,7,4,0,2
40,8,0,0,3
40,8,1,0,4
40,8,2,0,3
40,8,3,0,2
40,8,4,0,1
40,8,6,1,1
40,9,0,0,1
40,9,1,0,3
40,9,2,0,1
40,9,3,0,1
40,9,5,1,1
40,9,6,1,1
40,10,0,0,1
40,10,1,0,1
40,10,2,0,2
40,10,4,0,1
40,11,0,0,4
40,11,1,0,2
40,11,3,0,2
40,11,5,1,1
40,12,0,0,1
40,12,2,0,3
40,12,3,0,1
40,13,0,0,1
40,13,1,0,1
40,13,6,1,2
40,14,3,0,2
40,16,2,0,2
40,16,6,1,2
40,17,1,0,2
40,17,5,1,1
40,17,6,1,3
40,18,0,0,2
40,18,1,0,1
40,18,4,0,1
40,18,6,1,1
40,19,4,0,1
40,19,6,1,1
40,20,0,0,1
40,20,2,0,2
40,20,5,1,2
40,20,6,1,1
40,22,3,0,1
40,22,4,0,1
40,22,6,1,1
40,23,2,0,1
40,23,4,0,1
41,0,0,0,8
41,0,1,0,3
41,0,2,0,6
41,0,3,0,1
41,0,4,0,3
41,0,5,1,4
41,0,6,1,9
41,1,0,0,7
41,1,3,0,2
41,1,4,0,4
41,1,5,1,6
41,1,6,1,6
41,2,0,0,2
41,2,1,0,1
41,2,2,0,1
41,2,4,0,1
41,2,5,1,2
41,2,6,1,6
41,3,0,0,2
41,3,1,0,2
41,3,2,0,1
41,3,3,0,1
41,3,5,1,2
41,3,6,1,4
41,4,0,0,1
41,4,1,0,1
41,4,2,0,1
41,4,4,0,1
41,4,5,1,2
41,4,6,1,2
41,5,1,0,1
41,5,2,0,2
41,5,4,0,2
41,5,5,1,1
41,5,6,1,3
41,6,0,0,9
41,6,1,0,13
41,6,2,0,7
41,6,3,0,11
41,6,4,0,18
41,6,5,1,1
41,6,6,1,3
41,7,0,0,14
41,7,1,0,17
41,7,2,0,27
41,7,3,0,25
41,7,4,0,22
41,7,5,1,5
41,7,6,1,8
41,8,0,0,20
41,8,1,0,22
41,8,2,0,30
41,8,3,0,27
41,8,4,0,36
41,8,5,1,10
41,8,6,1,15
41,9,0,0,16
41,9,1,0,18
41,9,2,0,21
41,9,3,0,25
41,9,4,0,22
41,9,5,1,17
41,9,6,1,15
41,10,0,0,10
41,10,1,0,14
41,10,2,0,14
41,10,3,0,16
41,10,4,0,18
41,10,5,1,19
41,10,6,1,19
41,11,0,0,21
41,11,1,0,14
41,11,2,0,13
41,11,3,0,22
41,11,4,0,26
41,11,5,1,16
41,11,6,1,22
41,12,0,0,7
41,12,1,0,13
41,12,2,0,15
41,12,3,0,22
41,12,4,0,18
41,12,5,1,26
41,12,6,1,21
41,13,0,0,10
41,13,1,0,17
41,13,2,0,17
41,13,3,0,12
41,13,4,0,22
41,13,5,1,21
41,13,6,1,14
41,14,0,0,12
41,14,1,0,18
41,14,2,0,21
41,14,3,0,17
41,14,4,0,15
41,14,5,1,18
41,14,6,1,20
41,15,0,0,16
41,15,1,0,9
41,15,2,0,25
41,15,3,0,17
41,15,4,0,24
41,15,5,1,21
41,15,6,1,20
41,16,0,0,12
41,16,1,0,11
41,16,2,0,21
41,16,3,0,16
41,16,4,0,23
41,16,5,1,25
41,16,6,1,16
41,17,0,0,23
41,17,1,0,16
41,17,2,0,17
41,17,3,0,15
41,17,4,0,31
41,17,5,1,9
41,17,6,1,15
41,18,0,0,11
41,18,1,0,11
41,18,2,0,16
41,18,3,0,19
41,18,4,0,24
41,18,5,1,19
41,18,6,1,15
41,19,0,0,8
41,19,1,0,14
41,19,2,0,8
41,19,3,0,22
41,19,4,0,13
41,19,5,1,18
41,19,6,1,6
41,20,0,0,8
41,20,1,0,11
41,20,2,0,11
41,20,3,0,10
41,20,4,0,12
41,20,5,1,9
41,20,6,1,10
41,21,0,0,7
41,21,1,0,4
41,21,2,0,5
41,21,3,0,11
41,21,4,0,11
41,21,5,1,10
41,21,6,1,8
41,22,0,0,6
41,22,1,0,7
41,22,2,0,5
41,22,3,0,3
41,22,4,0,13
41,22,5,1,17
41,22,6,1,6
41,23,0,0,2
41,23,1,0,1
41,23,2,0,7
41,23,3,0,6
41,23,4,0,8
41,23,5,1,8
41,23,6,1,9
42,0,0,0,2
42,0,1,0,2
42,0,4,0,1
42,0,5,1,3
42,0,6,1,7
42,1,0,0,1
42,1,3,0,2
42,1,4,0,1
42,1,5,1,1
42,1,6,1,2
42,2,1,0,1
42,2,3,0,1
42,2,5,1,1
42,2,6,1,2
42,3,3,0,1
42,3,5,1,3
42,3,6,1,4
42,4,0,0,4
42,4,1,0,1
42,4,2,0,2
42,4,3,0,1
42,4,4,0,2
42,4,5,1,4
42,5,1,0,2
42,5,2,0,1
42,5,3,0,2
42,5,4,0,2
42,5,5,1,1
42,5,6,1,3
42,6,0,0,4
42,6,1,0,5
42,6,2,0,5
42,6,3,0,4
42,6,4,0,2
42,6,5,1,1
42,6,6,1,2
42,7,0,0,10
42,7,1,0,15
42,7,2,0,16
42,7,3,0,18
42,7,4,0,13
42,7,5,1,8
42,7,6,1,3
42,8,0,0,12
42,8,1,0,12
42,8,2,0,17
42,8,3,0,11
42,8,4,0,2
42,8,5,1,5
42,8,6,1,3
42,9,0,0,5
42,9,1,0,7
42,9,2,0,12
42,9,3,0,11
42,9,4,0,7
42,9,5,1,6
42,9,6,1,9
42,10,0,0,9
42,10,1,0,5
42,10,2,0,11
42,10,3,0,6
42,10,4,0,7
42,10,5,1,6
42,10,6,1,4
42,11,0,0,10
42,11,1,0,5
42,11,2,0,10
42,11,3,0,7
42,11,4,0,7
42,11,5,1,2
42,11,6,1,6
42,12,0,0,7
42,12,1,0,6
42,12,2,0,8
42,12,3,0,10
42,12,4,0,7
42,12,5,1,3
42,12,6,1,2
42,13,0,0,5
42,13,1,0,5
42,13,2,0,10
42,13,3,0,7
42,13,4,0,7
42,13,5,1,6
42,13,6,1,6
42,14,0,0,6
42,14,1,0,5
42,14,2,0,7
42,14,3,0,13
42,14,4,0,8
42,14,5,1,6
42,14,6,1,5
42,15,0,0,4
42,15,1,0,7
42,15,2,0,7
42,15,3,0,5
42,15,4,0,15
42,15,5,1,2
42,15,6,1,4
42,16,0,0,5
42,16,1,0,5
42,16,2,0,4
42,16,3,0,13
42,16,4,0,10
42,16,5,1,2
42,16,6,1,1
42,17,0,0,6
42,17,1,0,2
42,17,2,0,4
42,17,3,0,3
42,17,4,0,6
42,17,5,1,2
42,17,6,1,2
42,18,0,0,5
42,18,1,0,3
42,18,2,0,2
42,18,3,0,7
42,18,4,0,3
42,18,5,1,5
42,18,6,1,2
42,19,0,0,2
42,19,1,0,1
42,19,2,0,2
42,19,3,0,6
42,19,4,0,5
42,19,5,1,5
42,19,6,1,4
42,20,1,0,5
42,20,2,0,3
42,20,3,0,5
42,20,4,0,3
42,20,5,1,5
42,20,6,1,4
42,21,0,0,1
42,21,1,0,1
42,21,2,0,1
42,21,3,0,5
42,21,4,0,3
42,21,5,1,2
42,21,6,1,6
42,22,0,0,4
42,22,1,0,1
42,22,2,0,2
42,22,3,0,7
42,22,4,0,3
42,22,5,1,1
42,22,6,1,1
42,23,0,0,2
42,23,1,0,2
42,23,2,0,2
42,23,3,0,1
42,23,4,0,4
42,23,5,1,3
42,23,6,1,1
43,0,0,0,14
43,0,1,0,7
43,0,2,0,10
43,0,3,0,10
43,0,4,0,14
43,0,5,1,18
43,0,6,1,15
43,1,0,0,11
43,1,2,0,2
43,1,3,0,6
43,1,4,0,2
43,1,5,1,5
43,1,6,1,7
43,2,0,0,4
43,2,2,0,3
43,2,3,0,2
43,2,4,0,2
43,2,6,1,4
43,3,0,0,3
43,3,4,0,2
43,3,5,1,2
43,3,6,1,4
43,4,2,0,2
43,4,3,0,3
43,4,4,0,3
43,4,5,1,2
43,4,6,1,2
43,5,0,0,3
43,5,1,0,2
43,5,2,0,5
43,5,3,0,1
43,5,4,0,6
43,5,5,1,2
43,5,6,1,3
43,6,0,0,12
43,6,1,0,19
43,6,2,0,14
43,6,3,0,14
43,6,4,0,21
43,6,5,1,6
43,6,6,1,10
43,7,0,0,40
43,7,1,0,62
43,7,2,0,63
43,7,3,0,49
43,7,4,0,60
43,7,5,1,26
43,7,6,1,21
43,8,0,0,71
43,8,1,0,85
43,8,2,0,93
43,8,3,0,95
43,8,4,0,60
43,8,5,1,48
43,8,6,1,32
43,9,0,0,90
43,9,1,0,94
43,9,2,0,110
43,9,3,0,109
43,9,4,0,103
43,9,5,1,57
43,9,6,1,65
43,10,0,0,126
43,10,1,0,128
43,10,2,0,126
43,10,3,0,147
43,10,4,0,123
43,10,5,1,100
43,10,6,1,93
43,11,0,0,145
43,11,1,0,140
43,11,2,0,164
43,11,3,0,188
43,11,4,0,144
43,11,5,1,153
43,11,6,1,160
43,12,0,0,122
43,12,1,0,158
43,12,2,0,153
43,12,3,0,188
43,12,4,0,173
43,12,5,1,199
43,12,6,1,210
43,13,0,0,157
43,13,1,0,167
43,13,2,0,158
43,13,3,0,220
43,13,4,0,175
43,13,5,1,210
43,13,6,1,236
43,14,0,0,166
43,14,1,0,186
43,14,2,0,157
43,14,3,0,231
43,14,4,0,219
43,14,5,1,253
43,14,6,1,218
43,15,0,0,204
43,15,1,0,209
43,15,2,0,169
43,15,3,0,231
43,15,4,0,259
43,15,5,1,277
43,15,6,1,226
43,16,0,0,204
43,16,1,0,222
43,16,2,0,161
43,16,3,0,262
43,16,4,0,243
43,16,5,1,310
43,16,6,1,267
43,17,0,0,162
43,17,1,0,188
43,17,2,0,175
43,17,3,0,192
43,17,4,0,246
43,17,5,1,257
43,17,6,1,191
43,18,0,0,112
43,18,1,0,162
43,18,2,0,137
43,18,3,0,142
43,18,4,0,197
43,18,5,1,206
43,18,6,1,104
43,19,0,0,93
43,19,1,0,133
43,19,2,0,103
43,19,3,0,134
43,19,4,0,156
43,19,5,1,197
43,19,6,1,70
43,20,0,0,91
43,20,1,0,101
43,20,2,0,95
43,20,3,0,110
43,20,4,0,128
43,20,5,1,150
43,20,6,1,51
43,21,0,0,54
43,21,1,0,71
43,21,2,0,68
43,21,3,0,90
43,21,4,0,106
43,21,5,1,98
43,21,6,1,37
43,22,0,0,26
43,22,1,0,50
43,22,2,0,53
43,22,3,0,80
43,22,4,0,62
43,22,5,1,66
43,22,6,1,23
43,23,0,0,18
43,23,1,0,28
43,23,2,0,23
43,23,3,0,43
43,23,4,0,25
43,23,5,1,47
43,23,6,1,15
45,0,0,0,2
45,0,1,0,3
45,0,2,0,4
45,0,3,0,4
45,0,4,0,4
45,0,5,1,24
45,0,6,1,20
45,1,0,0,3
45,1,1,0,1
45,1,2,0,2
45,1,3,0,2
45,1,4,0,5
45,1,5,1,16
45,1,6,1,14
45,2,0,0,5
45,2,3,0,1
45,2,4,0,2
45,2,5,1,3
45,2,6,1,5
45,3,0,0,2
45,3,6,1,6
45,4,0,0,1
45,4,2,0,1
45,4,5,1,2
45,4,6,1,2
45,5,1,0,2
45,5,4,0,1
45,5,5,1,2
45,6,0,0,1
45,6,1,0,4
45,6,5,1,1
45,6,6,1,1
45,7,0,0,2
45,7,1,0,2
45,7,2,0,1
45,7,3,0,1
45,7,6,1,1
45,8,0,0,2
45,8,1,0,5
45,8,2,0,2
45,8,3,0,3
45,8,4,0,4
45,8,5,1,1
45,9,0,0,4
45,9,1,0,10
45,9,2,0,3
45,9,3,0,5
45,9,4,0,4
45,9,5,1,3
45,9,6,1,3
45,10,0,0,8
45,10,1,0,10
45,10,2,0,6
45,10,3,0,4
45,10,4,0,8
45,10,5,1,6
45,10,6,1,2
45,11,0,0,6
45,11,1,0,13
45,11,2,0,5
45,11,3,0,4
45,11,4,0,6
45,11,5,1,2
45,11,6,1,8
45,12,0,0,16
45,12,1,0,10
45,12,2,0,7
45,12,3,0,16
45,12,4,0,5
45,12,5,1,7
45,12,6,1,13
45,13,0,0,13
45,13,1,0,7
45,13,2,0,11
45,13,3,0,12
45,13,4,0,14
45,13,5,1,10
45,13,6,1,13
45,14,0,0,11
45,14,1,0,15
45,14,2,0,15
45,14,3,0,14
45,14,4,0,5
45,14,5,1,5
45,14,6,1,8
45,15,0,0,11
45,15,1,0,13
45,15,2,0,16
45,15,3,0,12
45,15,4,0,18
45,15,5,1,16
45,15,6,1,9
45,16,0,0,13
45,16,1,0,6
45,16,2,0,11
45,16,3,0,14
45,16,4,0,18
45,16,5,1,11
45,16,6,1,12
45,17,0,0,11
45,17,1,0,9
45,17,2,0,7
45,17,3,0,8
45,17,4,0,14
45,17,5,1,11
45,17,6,1,18
45,18,0,0,10
45,18,1,0,11
45,18,2,0,13
45,18,3,0,12
45,18,4,0,18
45,18,5,1,14
45,18,6,1,13
45,19,0,0,8
45,19,1,0,7
45,19,2,0,13
45,19,3,0,13
45,19,4,0,10
45,19,5,1,21
45,19,6,1,10
45,20,0,0,6
45,20,1,0,14
45,20,2,0,11
45,20,3,0,16
45,20,4,0,18
45,20,5,1,14
45,20,6,1,16
45,21,0,0,7
45,21,1,0,10
45,21,2,0,12
45,21,3,0,21
45,21,4,0,15
45,21,5,1,17
45,21,6,1,9
45,22,0,0,1
45,22,1,0,8
45,22,2,0,4
45,22,3,0,7
45,22,4,0,11
45,22,5,1,12
45,22,6,1,4
45,23,0,0,1
45,23,1,0,3
45,23,2,0,10
45,23,3,0,6
45,23,4,0,14
45,23,5,1,17
45,23,6,1,8
46,11,3,0,1
46,14,0,0,1
46,15,6,1,1
47,0,0,0,1
47,4,2,0,1
47,4,4,0,2
47,6,0,0,1
47,6,2,0,1
47,6,3,0,1
47,7,0,0,1
47,7,1,0,2
47,7,3,0,1
47,7,4,0,1
47,7,5,1,1
47,8,0,0,2
47,8,3,0,1
47,8,4,0,1
47,8,5,1,1
47,8,6,1,2
47,9,0,0,1
47,9,1,0,2
47,9,3,0,1
47,9,4,0,2
47,9,5,1,2
47,9,6,1,1
47,10,0,0,1
47,10,2,0,2
47,10,5,1,2
47,10,6,1,1
47,11,0,0,1
47,11,1,0,1
47,11,3,0,1
47,11,4,0,1
47,11,6,1,1
47,13,3,0,2
47,13,5,1,1
47,13,6,1,2
47,14,0,0,2
47,14,5,1,1
47,16,5,1,1
47,16,6,1,1
47,18,0,0,1
47,20,5,1,1
47,20,6,1,1
48,0,0,0,86
48,0,1,0,64
48,0,2,0,77
48,0,3,0,97
48,0,4,0,153
48,0,5,1,301
48,0,6,1,308
48,1,0,0,73
48,1,1,0,40
48,1,2,0,39
48,1,3,0,61
48,1,4,0,100
48,1,5,1,246
48,1,6,1,245
48,2,0,0,65
48,2,1,0,20
48,2,2,0,31
48,2,3,0,35
48,2,4,0,56
48,2,5,1,161
48,2,6,1,187
48,3,0,0,57
48,3,1,0,16
48,3,2,0,31
48,3,3,0,28
48,3,4,0,52
48,3,5,1,126
48,3,6,1,152
48,4,0,0,41
48,4,1,0,16
48,4,2,0,14
48,4,3,0,27
48,4,4,0,40
48,4,5,1,85
48,4,6,1,109
48,5,0,0,67
48,5,1,0,49
48,5,2,0,54
48,5,3,0,69
48,5,4,0,52
48,5,5,1,28
48,5,6,1,39
48,6,0,0,99
48,6,1,0,113
48,6,2,0,109
48,6,3,0,97
48,6,4,0,99
48,6,5,1,45
48,6,6,1,48
48,7,0,0,121
48,7,1,0,146
48,7,2,0,180
48,7,3,0,158
48,7,4,0,97
48,7,5,1,64
48,7,6,1,65
48,8,0,0,154
48,8,1,0,161
48,8,2,0,167
48,8,3,0,182
48,8,4,0,126
48,8,5,1,88
48,8,6,1,74
48,9,0,0,136
48,9,1,0,144
48,9,2,0,175
48,9,3,0,173
48,9,4,0,137
48,9,5,1,150
48,9,6,1,131
48,10,0,0,119
48,10,1,0,142
48,10,2,0,132
48,10,3,0,167
48,10,4,0,151
48,10,5,1,158
48,10,6,1,174
48,11,0,0,135
48,11,1,0,157
48,11,2,0,153
48,11,3,0,130
48,11,4,0,134
48,11,5,1,156
48,11,6,1,161
48,12,0,0,108
48,12,1,0,108
48,12,2,0,121
48,12,3,0,147
48,12,4,0,140
48,12,5,1,175
48,12,6,1,159
48,13,0,0,134
48,13,1,0,124
48,13,2,0,112
48,13,3,0,141
48,13,4,0,122
48,13,5,1,183
48,13,6,1,157
48,14,0,0,128
48,14,1,0,141
48,14,2,0,144
48,14,3,0,153
48,14,4,0,137
48,14,5,1,139
48,14,6,1,159
48,15,0,0,132
48,15,1,0,115
48,15,2,0,151
48,15,3,0,173
48,15,4,0,131
48,15,5,1,181
48,15,6,1,137
48,16,0,0,140
48,16,1,0,133
48,16,2,0,187
48,16,3,0,174
48,16,4,0,162
48,16,5,1,258
48,16,6,1,180
48,17,0,0,151
48,17,1,0,179
48,17,2,0,201
48,17,3,0,195
48,17,4,0,176
48,17,5,1,266
48,17,6,1,258
48,18,0,0,159
48,18,1,0,219
48,18,2,0,234
48,18,3,0,245
48,18,4,0,225
48,18,5,1,255
48,18,6,1,240
48,19,0,0,161
48,19,1,0,199
48,19,2,0,213
48,19,3,0,238
48,19,4,0,226
48,19,5,1,273
48,19,6,1,219
48,20,0,0,157
48,20,1,0,196
48,20,2,0,195
48,20,3,0,275
48,20,4,0,229
48,20,5,1,237
48,20,6,1,187
48,21,0,0,147
48,21,1,0,278
48,21,2,0,275
48,21,3,0,336
48,21,4,0,328
48,21,5,1,264
48,21,6,1,198
48,22,0,0,144
48,22,1,0,261
48,22,2,0,368
48,22,3,0,365
48,22,4,0,398
48,22,5,1,429
48,22,6,1,190
48,23,0,0,96
48,23,1,0,158
48,23,2,0,192
48,23,3,0,264
48,23,4,0,353
48,23,5,1,372
48,23,6,1,108
49,1,4,0,1
49,1,6,1,2
49,2,0,0,2
49,3,6,1,1
49,4,1,0,2
49,6,1,0,1
49,6,2,0,3
49,7,1,0,2
49,7,4,0,1
49,8,0,0,2
49,8,1,0,4
49,8,3,0,4
49,8,4,0,2
49,8,5,1,1
49,8,6,1,1
49,9,0,0,1
49,9,1,0,2
49,9,2,0,2
49,9,3,0,1
49,9,4,0,1
49,10,0,0,2
49,10,2,0,1
49,10,3,0,2
49,10,4,0,1
49,11,1,0,1
49,11,2,0,1
49,11,3,0,2
49,11,4,0,4
49,11,6,1,2
49,12,1,0,2
49,12,2,0,1
49,12,3,0,2
49,12,6,1,3
49,13,0,0,1
49,13,2,0,1
49,13,3,0,3
49,13,6,1,3
49,14,0,0,2
49,14,1,0,1
49,14,3,0,1
49,14,4,0,1
49,15,0,0,1
49,15,1,0,1
49,15,2,0,1
49,15,3,0,1
49,15,4,0,1
49,16,0,0,1
49,16,1,0,3
49,16,2,0,4
49,16,3,0,1
49,17,0,0,3
49,17,1,0,1
49,17,2,0,3
49,17,3,0,1
49,17,4,0,1
49,17,6,1,1
49,18,1,0,1
49,18,2,0,1
49,18,4,0,2
49,19,3,0,1
49,19,6,1,1
49,20,1,0,1
49,20,4,0,2
49,20,5,1,1
49,21,2,0,2
49,21,5,1,2
49,22,0,0,1
49,22,4,0,2
49,23,0,0,1
49,23,6,1,1
50,0,0,0,9
50,0,1,0,7
50,0,2,0,10
50,0,3,0,9
50,0,4,0,22
50,0,5,1,31
50,0,6,1,43
50,1,0,0,21
50,1,1,0,4
50,1,2,0,5
50,1,3,0,2
50,1,4,0,11
50,1,5,1,32
50,1,6,1,27
50,2,0,0,15
50,2,2,0,2
50,2,3,0,4
50,2,4,0,6
50,2,5,1,23
50,2,6,1,19
50,3,0,0,5
50,3,1,0,2
50,3,2,0,2
50,3,3,0,2
50,3,5,1,14
50,3,6,1,17
50,4,0,0,5
50,4,1,0,3
50,4,2,0,3
50,4,3,0,6
50,4,4,0,3
50,4,5,1,13
50,4,6,1,5
50,5,0,0,2
50,5,1,0,4
50,5,2,0,1
50,5,3,0,2
50,5,4,0,3
50,5,5,1,3
50,5,6,1,2
50,6,0,0,10
50,6,1,0,5
50,6,2,0,8
50,6,3,0,4
50,6,4,0,7
50,6,5,1,3
50,6,6,1,5
50,7,0,0,26
50,7,1,0,32
50,7,2,0,35
50,7,3,0,25
50,7,4,0,37
50,7,5,1,7
50,7,6,1,19
50,8,0,0,48
50,8,1,0,62
50,8,2,0,50
50,8,3,0,43
50,8,4,0,60
50,8,5,1,27
50,8,6,1,45
50,9,0,0,58
50,9,1,0,61
50,9,2,0,48
50,9,3,0,43
50,9,4,0,68
50,9,5,1,27
50,9,6,1,54
50,10,0,0,50
50,10,1,0,60
50,10,2,0,51
50,10,3,0,48
50,10,4,0,43
50,10,5,1,43
50,10,6,1,43
50,11,0,0,31
50,11,1,0,40
50,11,2,0,47
50,11,3,0,41
50,11,4,0,50
50,11,5,1,58
50,11,6,1,58
50,12,0,0,40
50,12,1,0,43
50,12,2,0,34
50,12,3,0,36
50,12,4,0,46
50,12,5,1,57
50,12,6,1,46
50,13,0,0,23
50,13,1,0,45
50,13,2,0,43
50,13,3,0,38
50,13,4,0,42
50,13,5,1,45
50,13,6,1,53
50,14,0,0,40
50,14,1,0,49
50,14,2,0,34
50,14,3,0,36
50,14,4,0,38
50,14,5,1,47
50,14,6,1,39
50,15,0,0,35
50,15,1,0,39
50,15,2,0,47
50,15,3,0,32
50,15,4,0,41
50,15,5,1,54
50,15,6,1,38
50,16,0,0,31
50,16,1,0,30
50,16,2,0,28
50,16,3,0,46
50,16,4,0,52
50,16,5,1,45
50,16,6,1,30
50,17,0,0,48
50,17,1,0,38
50,17,2,0,50
50,17,3,0,52
50,17,4,0,38
50,17,5,1,43
50,17,6,1,35
50,18,0,0,32
50,18,1,0,44
50,18,2,0,68
50,18,3,0,55
50,18,4,0,52
50,18,5,1,50
50,18,6,1,35
50,19,0,0,33
50,19,1,0,46
50,19,2,0,39
50,19,3,0,46
50,19,4,0,43
50,19,5,1,49
50,19,6,1,21
50,20,0,0,24
50,20,1,0,28
50,20,2,0,37
50,20,3,0,45
50,20,4,0,37
50,20,5,1,52
50,20,6,1,21
50,21,0,0,37
50,21,1,0,41
50,21,2,0,28
50,21,3,0,57
50,21,4,0,51
50,21,5,1,44
50,21,6,1,26
50,22,0,0,23
50,22,1,0,24
50,22,2,0,33
50,22,3,0,49
50,22,4,0,45
50,22,5,1,59
50,22,6,1,18
50,23,0,0,19
50,23,1,0,20
50,23,2,0,19
50,23,3,0,23
50,23,4,0,45
50,23,5,1,48
50,23,6,1,10
51,4,1,0,1
51,4,2,0,3
51,4,3,0,1
51,4,4,0,3
51,5,0,0,3
51,5,1,0,1
51,5,2,0,2
51,5,3,0,2
51,5,4,0,2
51,6,0,0,4
51,6,1,0,6
51,6,2,0,5
51,6,3,0,3
51,6,4,0,6
51,7,1,0,1
51,7,2,0,3
51,7,3,0,2
51,7,6,1,2
51,8,0,0,3
51,8,1,0,2
51,8,2,0,2
51,8,3,0,3
51,8,4,0,1
51,8,5,1,1
51,9,1,0,2
51,9,2,0,1
51,9,3,0,1
51,9,4,0,1
51,9,5,1,2
51,9,6,1,1
51,10,0,0,2
51,10,1,0,2
51,10,2,0,1
51,10,3,0,1
51,10,4,0,3
51,10,5,1,1
51,11,0,0,2
51,11,1,0,1
51,11,3,0,1
51,11,4,0,3
51,12,0,0,2
51,12,1,0,2
51,12,3,0,3
51,12,4,0,1
51,13,0,0,1
51,13,1,0,1
51,13,2,0,1
51,13,5,1,3
51,14,2,0,1
51,14,4,0,1
51,14,5,1,1
51,15,0,0,2
51,15,3,0,1
51,15,4,0,1
51,15,6,1,1
51,16,1,0,1
51,16,4,0,2
51,17,0,0,2
51,17,1,0,1
51,18,5,1,1
51,18,6,1,1
51,19,1,0,1
51,19,6,1,1
51,20,3,0,1
52,0,3,0,1
52,0,6,1,1
52,5,2,0,1
52,6,0,0,1
52,6,1,0,2
52,6,3,0,2
52,7,0,0,4
52,7,1,0,3
52,7,2,0,4
52,7,3,0,2
52,7,4,0,1
52,8,0,0,2
52,8,1,0,6
52,8,2,0,6
52,8,3,0,4
52,8,4,0,3
52,8,5,1,1
52,9,0,0,2
52,9,1,0,1
52,9,2,0,4
52,9,4,0,1
52,9,5,1,1
52,9,6,1,2
52,10,0,0,2
52,10,1,0,2
52,10,2,0,4
52,10,5,1,3
52,10,6,1,1
52,11,0,0,2
52,11,1,0,1
52,11,2,0,1
52,11,3,0,2
52,11,4,0,2
52,11,5,1,2
52,12,0,0,2
52,12,1,0,1
52,12,2,0,1
52,12,3,0,2
52,12,5,1,1
52,13,2,0,1
52,13,4,0,2
52,13,5,1,2
52,13,6,1,2
52,14,1,0,2
52,14,5,1,1
52,14,6,1,1
52,15,3,0,2
52,15,4,0,1
52,15,5,1,4
52,16,0,0,2
52,16,1,0,2
52,16,2,0,1
52,16,4,0,1
52,16,6,1,2
52,17,0,0,5
52,17,2,0,2
52,17,4,0,1
52,17,5,1,2
52,18,0,0,1
52,18,1,0,3
52,18,2,0,1
52,18,3,0,2
52,18,4,0,1
52,19,5,1,2
52,19,6,1,1
52,20,0,0,2
52,20,1,0,1
52,21,0,0,1
52,21,2,0,2
52,21,4,0,1
52,21,5,1,1
52,22,1,0,1
52,22,3,0,2
52,22,5,1,2
52,23,5,1,1
53,6,3,0,1
53,8,2,0,1
53,9,3,0,1
53,9,5,1,1
53,10,1,0,1
53,11,2,0,1
53,11,5,1,1
53,13,6,1,1
53,15,1,0,1
53,16,2,0,1
53,23,3,0,1
54,4,6,1,1
54,9,1,0,1
54,9,6,1,2
54,12,6,1,1
54,14,3,0,2
54,22,2,0,1
55,4,0,0,1
55,4,2,0,1
55,4,5,1,1
55,5,0,0,1
55,5,1,0,1
55,5,2,0,3
55,5,4,0,3
55,6,0,0,3
55,6,3,0,2
55,6,4,0,3
55,7,0,0,2
55,7,1,0,2
55,7,2,0,4
55,7,3,0,5
55,7,4,0,1
55,7,5,1,1
55,8,0,0,1
55,8,1,0,5
55,8,2,0,2
55,8,3,0,2
55,8,4,0,3
55,8,5,1,1
55,8,6,1,2
55,9,1,0,2
55,9,4,0,2
55,9,5,1,2
55,9,6,1,1
55,10,2,0,2
55,10,3,0,3
55,10,4,0,1
55,10,6,1,2
55,11,0,0,1
55,11,1,0,1
55,11,2,0,2
55,11,3,0,1
55,12,0,0,2
55,12,1,0,3
55,12,3,0,3
55,12,4,0,1
55,12,6,1,1
55,13,2,0,2
55,14,2,0,3
55,14,3,0,1
55,15,0,0,1
55,15,1,0,1
55,15,3,0,1
55,15,4,0,2
55,16,1,0,1
55,16,2,0,3
55,16,5,1,1
55,16,6,1,1
55,17,1,0,2
55,17,3,0,3
55,17,4,0,1
55,18,0,0,1
55,18,1,0,2
55,18,2,0,1
55,18,6,1,1
56,0,0,0,1
56,0,5,1,1
56,3,3,0,1
56,5,3,0,1
56,5,5,1,1
56,5,6,1,1
56,6,0,0,1
56,6,1,0,1
56,6,3,0,2
56,6,6,1,1
56,7,0,0,1
56,7,1,0,2
56,7,2,0,1
56,7,3,0,3
56,7,4,0,1
56,7,5,1,2
56,7,6,1,3
56,8,2,0,1
56,8,3,0,2
56,8,6,1,1
56,9,0,0,1
56,9,6,1,2
56,10,3,0,2
56,10,4,0,1
56,10,5,1,1
56,11,1,0,1
56,11,2,0,2
56,11,5,1,1
56,11,6,1,1
56,12,1,0,1
56,13,0,0,1
56,14,1,0,1
56,14,2,0,1
56,14,4,0,1
56,14,6,1,1
56,15,2,0,1
56,15,6,1,1
56,16,0,0,1
56,16,1,0,1
56,17,0,0,1
56,17,3,0,1
56,18,0,0,1
56,18,2,0,1
56,20,1,0,1
56,21,3,0,1
56,21,4,0,1
56,21,6,1,2
56,22,1,0,1
56,22,2,0,1
56,22,3,0,1
56,23,2,0,1
57,14,6,1,1
58,0,2,0,1
58,23,5,1,1
59,9,4,0,1
60,4,1,0,1
60,4,2,0,1
60,5,0,0,1
60,5,4,0,1
60,6,3,0,3
60,6,4,0,1
60,8,2,0,1
60,8,4,0,1
60,8,6,1,1
60,9,1,0,1
60,9,2,0,1
60,9,3,0,1
60,9,4,0,1
60,9,5,1,1
60,10,1,0,1
60,10,2,0,1
60,10,3,0,1
60,10,5,1,1
60,11,3,0,1
60,11,4,0,1
60,11,6,1,1
60,13,2,0,1
60,13,3,0,2
60,13,5,1,1
60,13,6,1,1
60,14,2,0,1
60,15,0,0,1
60,16,1,0,1
60,16,4,0,1
61,0,4,0,1
61,2,3,0,1
61,4,3,0,2
61,4,4,0,3
61,5,0,0,3
61,5,1,0,3
61,5,2,0,8
61,5,3,0,4
61,5,4,0,2
61,6,0,0,5
61,6,1,0,3
61,6,2,0,2
61,6,3,0,4
61,6,4,0,3
61,6,5,1,1
61,7,0,0,6
61,7,1,0,4
61,7,2,0,3
61,7,3,0,4
61,7,4,0,5
61,7,6,1,2
61,8,0,0,3
61,8,1,0,10
61,8,2,0,4
61,8,3,0,4
61,8,4,0,4
61,8,5,1,2
61,8,6,1,2
61,9,0,0,6
61,9,1,0,2
61,9,2,0,2
61,9,3,0,3
61,9,4,0,6
61,9,5,1,1
61,9,6,1,3
61,10,0,0,5
61,10,1,0,3
61,10,2,0,6
61,10,3,0,10
61,10,4,0,5
61,10,5,1,3
61,10,6,1,2
61,11,0,0,5
61,11,1,0,2
61,11,2,0,6
61,11,3,0,2
61,11,4,0,4
61,11,5,1,1
61,11,6,1,2
61,12,0,0,1
61,12,1,0,4
61,12,2,0,1
61,12,3,0,2
61,12,4,0,4
61,12,6,1,1
61,13,0,0,6
61,13,1,0,5
61,13,2,0,4
61,13,3,0,10
61,13,4,0,2
61,13,6,1,3
61,14,0,0,4
61,14,1,0,4
61,14,2,0,5
61,14,3,0,1
61,14,4,0,5
61,14,5,1,1
61,14,6,1,2
61,15,0,0,1
61,15,1,0,2
61,15,2,0,1
61,15,3,0,1
61,15,4,0,2
61,15,5,1,1
61,15,6,1,3
61,16,0,0,5
61,16,1,0,2
61,16,3,0,1
61,16,4,0,4
61,16,6,1,1
61,17,0,0,2
61,17,4,0,3
61,18,0,0,2
61,18,1,0,2
61,18,2,0,1
61,18,3,0,5
61,18,6,1,1
61,19,2,0,1
61,19,3,0,1
61,19,4,0,1
61,19,5,1,1
61,20,1,0,1
61,20,4,0,1
61,21,3,0,1
61,23,0,0,1
61,23,3,0,2
61,23,5,1,1
62,4,4,0,2
62,5,0,0,1
62,5,2,0,1
62,5,4,0,1
62,5,5,1,1
62,6,0,0,3
62,6,1,0,2
62,6,2,0,5
62,6,4,0,3
62,7,2,0,5
62,7,3,0,1
62,7,4,0,1
62,7,6,1,2
62,8,0,0,1
62,8,2,0,2
62,8,3,0,5
62,8,4,0,4
62,9,0,0,2
62,9,3,0,3
62,9,4,0,3
62,10,0,0,4
62,10,1,0,1
62,10,2,0,1
62,10,3,0,1
62,10,4,0,2
62,10,6,1,1
62,11,4,0,1
62,11,5,1,1
62,12,0,0,1
62,12,2,0,1
62,12,3,0,1
62,12,6,1,3
62,13,0,0,1
62,13,1,0,3
62,13,2,0,1
62,13,3,0,2
62,13,4,0,2
62,13,5,1,2
62,14,1,0,1
62,14,2,0,2
62,14,5,1,1
62,15,0,0,1
62,15,1,0,1
62,15,2,0,1
62,15,3,0,1
62,15,4,0,1
62,16,1,0,1
62,16,2,0,1
62,16,3,0,1
62,16,4,0,1
62,16,5,1,1
62,17,2,0,1
62,17,3,0,2
62,17,6,1,1
62,18,2,0,1
62,21,0,0,1
62,21,1,0,1
62,22,5,1,1
63,3,3,0,1
63,6,4,0,2
63,6,6,1,2
63,7,0,0,1
63,7,1,0,1
63,7,2,0,1
63,7,3,0,1
63,8,1,0,1
63,8,2,0,2
63,8,6,1,1
63,9,1,0,2
63,9,2,0,1
63,9,4,0,2
63,10,1,0,1
63,10,2,0,1
63,10,3,0,2
63,11,2,0,1
63,11,5,1,1
63,12,1,0,3
63,12,2,0,1
63,12,4,0,1
63,13,1,0,1
63,13,3,0,1
63,14,0,0,1
63,14,3,0,1
63,14,6,1,1
63,15,0,0,1
63,15,4,0,1
63,15,5,1,1
63,16,0,0,1
63,17,0,0,1
63,17,1,0,1
63,17,6,1,1
63,18,2,0,1
63,19,0,0,1
63,19,6,1,1
63,20,3,0,1
63,22,4,0,1
64,0,0,0,1
64,0,1,0,1
64,7,5,1,1
64,8,3,0,1
64,9,0,0,1
64,11,1,0,1
64,11,2,0,1
64,12,1,0,1
64,16,2,0,1
64,17,2,0,1
64,18,4,0,1
64,20,2,0,1
64,22,3,0,1
64,22,6,1,1
65,0,0,0,2
65,0,3,0,2
65,0,4,0,5
65,0,5,1,2
65,0,6,1,3
65,1,4,0,1
65,1,6,1,1
65,2,0,0,1
65,2,6,1,2
65,3,0,0,1
65,3,5,1,1
65,3,6,1,1
65,4,0,0,1
65,5,2,0,1
65,5,3,0,2
65,5,5,1,1
65,6,0,0,3
65,6,3,0,1
65,6,4,0,1
65,6,5,1,1
65,7,0,0,5
65,7,1,0,4
65,7,2,0,5
65,7,3,0,5
65,7,4,0,6
65,7,5,1,1
65,7,6,1,1
65,8,0,0,3
65,8,1,0,4
65,8,2,0,4
65,8,3,0,4
65,8,4,0,2
65,8,5,1,2
65,8,6,1,3
65,9,0,0,2
65,9,1,0,8
65,9,2,0,4
65,9,3,0,3
65,9,4,0,6
65,9,5,1,1
65,9,6,1,3
65,10,1,0,1
65,10,2,0,2
65,10,3,0,1
65,10,4,0,2
65,10,5,1,1
65,10,6,1,6
65,11,0,0,4
65,11,1,0,6
65,11,2,0,3
65,11,3,0,6
65,11,4,0,4
65,11,5,1,1
65,11,6,1,6
65,12,0,0,4
65,12,1,0,3
65,12,2,0,3
65,12,3,0,4
65,12,4,0,8
65,12,5,1,2
65,12,6,1,5
65,13,0,0,5
65,13,1,0,7
65,13,2,0,4
65,13,3,0,2
65,13,4,0,3
65,13,5,1,5
65,13,6,1,2
65,14,0,0,3
65,14,1,0,2
65,14,2,0,3
65,14,3,0,8
65,14,4,0,7
65,14,6,1,3
65,15,0,0,7
65,15,1,0,4
65,15,2,0,2
65,15,3,0,8
65,15,4,0,2
65,15,6,1,6
65,16,0,0,4
65,16,1,0,2
65,16,2,0,2
65,16,3,0,2
65,16,4,0,4
65,16,5,1,2
65,16,6,1,7
65,17,0,0,5
65,17,1,0,7
65,17,2,0,7
65,17,3,0,9
65,17,4,0,7
65,17,5,1,5
65,17,6,1,5
65,18,0,0,2
65,18,1,0,4
65,18,2,0,4
65,18,3,0,2
65,18,4,0,2
65,18,5,1,3
65,18,6,1,7
65,19,0,0,2
65,19,1,0,6
65,19,2,0,8
65,19,3,0,3
65,19,4,0,5
65,19,5,1,3
65,19,6,1,1
65,20,1,0,4
65,20,3,0,7
65,20,4,0,2
65,20,5,1,3
65,20,6,1,4
65,21,0,0,4
65,21,1,0,4
65,21,2,0,2
65,21,3,0,8
65,21,4,0,1
65,21,5,1,4
65,22,0,0,1
65,22,1,0,2
65,22,2,0,2
65,22,3,0,2
65,22,4,0,2
65,22,5,1,3
65,22,6,1,3
65,23,1,0,2
65,23,2,0,1
65,23,3,0,4
65,23,4,0,4
65,23,5,1,3
66,0,0,0,1
66,0,3,0,1
66,0,4,0,1
66,0,6,1,1
66,1,0,0,1
66,1,2,0,1
66,2,5,1,1
66,3,5,1,1
66,4,5,1,1
66,5,0,0,1
66,6,0,0,1
66,6,2,0,2
66,6,3,0,1
66,7,0,0,2
66,7,2,0,2
66,7,4,0,1
66,7,6,1,1
66,8,1,0,2
66,8,2,0,2
66,8,3,0,1
66,8,4,0,1
66,9,1,0,2
66,9,3,0,2
66,10,0,0,1
66,10,2,0,1
66,10,4,0,2
66,10,6,1,1
66,11,0,0,3
66,11,4,0,1
66,11,5,1,1
66,11,6,1,2
66,12,0,0,1
66,12,1,0,3
66,12,4,0,1
66,12,5,1,2
66,12,6,1,1
66,13,0,0,1
66,13,1,0,4
66,13,2,0,1
66,13,3,0,1
66,13,4,0,2
66,13,5,1,1
66,13,6,1,1
66,14,1,0,2
66,14,3,0,1
66,14,4,0,3
66,14,5,1,2
66,14,6,1,4
66,15,1,0,1
66,15,2,0,1
66,15,3,0,1
66,15,4,0,3
66,15,5,1,2
66,15,6,1,2
66,16,0,0,2
66,16,3,0,3
66,16,4,0,5
66,16,5,1,4
66,16,6,1,2
66,17,0,0,1
66,17,1,0,1
66,17,2,0,1
66,17,3,0,1
66,17,4,0,1
66,17,6,1,4
66,18,0,0,3
66,18,1,0,2
66,18,2,0,1
66,18,3,0,1
66,18,4,0,6
66,18,5,1,3
66,18,6,1,3
66,19,0,0,1
66,19,1,0,3
66,19,2,0,2
66,19,3,0,1
66,19,4,0,1
66,19,5,1,1
66,19,6,1,3
66,20,2,0,2
66,20,4,0,1
66,20,5,1,3
66,21,0,0,1
66,21,1,0,2
66,21,2,0,2
66,21,3,0,2
66,21,4,0,1
66,21,5,1,5
66,21,6,1,1
66,22,3,0,1
66,22,4,0,1
66,22,6,1,1
66,23,2,0,1
66,23,4,0,1
66,23,5,1,1
66,23,6,1,1
67,2,5,1,1
67,5,1,0,1
67,6,1,0,3
67,6,2,0,2
67,6,3,0,2
67,6,4,0,1
67,7,2,0,2
67,8,3,0,1
67,11,1,0,2
67,12,2,0,1
67,12,3,0,1
67,16,0,0,1
67,17,1,0,1
67,20,1,0,1
67,20,3,0,1
68,0,0,0,70
68,0,1,0,55
68,0,2,0,62
68,0,3,0,83
68,0,4,0,107
68,0,5,1,162
68,0,6,1,185
68,1,0,0,39
68,1,1,0,27
68,1,2,0,14
68,1,3,0,28
68,1,4,0,87
68,1,5,1,136
68,1,6,1,108
68,2,0,0,35
68,2,1,0,17
68,2,2,0,4
68,2,3,0,24
68,2,4,0,46
68,2,5,1,88
68,2,6,1,122
68,3,0,0,23
68,3,1,0,10
68,3,2,0,3
68,3,3,0,22
68,3,4,0,30
68,3,5,1,81
68,3,6,1,80
68,4,0,0,16
68,4,1,0,5
68,4,2,0,7
68,4,3,0,10
68,4,4,0,17
68,4,5,1,62
68,4,6,1,74
68,5,0,0,17
68,5,1,0,12
68,5,2,0,19
68,5,3,0,8
68,5,4,0,17
68,5,5,1,15
68,5,6,1,12
68,6,0,0,30
68,6,1,0,32
68,6,2,0,29
68,6,3,0,27
68,6,4,0,22
68,6,5,1,17
68,6,6,1,22
68,7,0,0,61
68,7,1,0,69
68,7,2,0,79
68,7,3,0,98
68,7,4,0,71
68,7,5,1,31
68,7,6,1,29
68,8,0,0,122
68,8,1,0,152
68,8,2,0,147
68,8,3,0,190
68,8,4,0,130
68,8,5,1,57
68,8,6,1,48
68,9,0,0,163
68,9,1,0,167
68,9,2,0,161
68,9,3,0,189
68,9,4,0,156
68,9,5,1,92
68,9,6,1,96
68,10,0,0,147
68,10,1,0,201
68,10,2,0,180
68,10,3,0,200
68,10,4,0,172
68,10,5,1,153
68,10,6,1,143
68,11,0,0,184
68,11,1,0,187
68,11,2,0,187
68,11,3,0,197
68,11,4,0,204
68,11,5,1,205
68,11,6,1,189
68,12,0,0,156
68,12,1,0,203
68,12,2,0,234
68,12,3,0,197
68,12,4,0,182
68,12,5,1,249
68,12,6,1,171
68,13,0,0,189
68,13,1,0,182
68,13,2,0,221
68,13,3,0,242
68,13,4,0,219
68,13,5,1,257
68,13,6,1,216
68,14,0,0,162
68,14,1,0,218
68,14,2,0,233
68,14,3,0,236
68,14,4,0,228
68,14,5,1,255
68,14,6,1,230
68,15,0,0,203
68,15,1,0,197
68,15,2,0,217
68,15,3,0,259
68,15,4,0,220
68,15,5,1,245
68,15,6,1,208
68,16,0,0,191
68,16,1,0,206
68,16,2,0,224
68,16,3,0,251
68,16,4,0,240
68,16,5,1,296
68,16,6,1,217
68,17,0,0,239
68,17,1,0,282
68,17,2,0,314
68,17,3,0,299
68,17,4,0,296
68,17,5,1,286
68,17,6,1,274
68,18,0,0,257
68,18,1,0,297
68,18,2,0,328
68,18,3,0,368
68,18,4,0,292
68,18,5,1,325
68,18,6,1,242
68,19,0,0,209
68,19,1,0,232
68,19,2,0,274
68,19,3,0,340
68,19,4,0,306
68,19,5,1,248
68,19,6,1,210
68,20,0,0,211
68,20,1,0,260
68,20,2,0,282
68,20,3,0,304
68,20,4,0,244
68,20,5,1,209
68,20,6,1,183
68,21,0,0,180
68,21,1,0,245
68,21,2,0,262
68,21,3,0,298
68,21,4,0,273
68,21,5,1,240
68,21,6,1,174
68,22,0,0,165
68,22,1,0,196
68,22,2,0,198
68,22,3,0,260
68,22,4,0,240
68,22,5,1,193
68,22,6,1,136
68,23,0,0,85
68,23,1,0,95
68,23,2,0,161
68,23,3,0,176
68,23,4,0,197
68,23,5,1,236
68,23,6,1,100
69,1,6,1,2
69,2,6,1,1
69,4,1,0,1
69,4,4,0,1
69,5,0,0,1
69,5,3,0,1
69,6,2,0,2
69,6,3,0,1
69,6,4,0,2
69,7,0,0,3
69,7,2,0,1
69,7,3,0,3
69,7,4,0,2
69,8,0,0,2
69,8,1,0,2
69,8,2,0,1
69,8,4,0,2
69,8,6,1,1
69,9,0,0,3
69,9,1,0,1
69,9,2,0,1
69,9,3,0,1
69,9,4,0,2
69,9,6,1,1
69,10,0,0,1
69,10,1,0,2
69,10,2,0,1
69,10,3,0,2
69,10,4,0,7
69,10,5,1,2
69,10,6,1,1
69,11,0,0,2
69,11,1,0,2
69,11,2,0,3
69,11,3,0,2
69,11,4,0,1
69,11,5,1,1
69,11,6,1,1
69,12,0,0,1
69,13,1,0,1
69,13,3,0,1
69,13,4,0,4
69,14,0,0,1
69,14,5,1,2
69,14,6,1,3
69,15,3,0,1
69,15,4,0,1
69,16,0,0,1
69,16,2,0,1
69,16,4,0,1
69,17,0,0,1
69,17,3,0,1
69,17,6,1,1
69,18,1,0,1
69,18,2,0,1
69,18,3,0,1
69,18,6,1,1
69,19,0,0,1
69,19,3,0,1
69,19,5,1,2
69,22,4,0,1
69,23,6,1,1
70,0,0,0,31
70,0,1,0,26
70,0,2,0,15
70,0,3,0,15
70,0,4,0,21
70,0,5,1,13
70,0,6,1,16
70,1,0,0,5
70,1,1,0,6
70,1,2,0,4
70,1,4,0,2
70,1,5,1,1
70,1,6,1,5
70,2,0,0,4
70,2,2,0,5
70,2,3,0,2
70,2,4,0,1
70,2,6,1,2
70,3,0,0,3
70,3,4,0,1
70,4,0,0,1
70,5,1,0,2
70,5,2,0,2
70,6,1,0,1
70,6,3,0,1
70,6,4,0,1
70,6,6,1,1
70,7,0,0,7
70,7,1,0,12
70,7,2,0,9
70,7,3,0,11
70,7,4,0,7
70,7,5,1,3
70,7,6,1,2
70,8,0,0,11
70,8,1,0,19
70,8,2,0,14
70,8,3,0,17
70,8,4,0,14
70,8,5,1,7
70,8,6,1,6
70,9,0,0,38
70,9,1,0,32
70,9,2,0,30
70,9,3,0,33
70,9,4,0,40
70,9,5,1,26
70,9,6,1,21
70,10,0,0,40
70,10,1,0,30
70,10,2,0,38
70,10,3,0,30
70,10,4,0,34
70,10,5,1,12
70,10,6,1,26
70,11,0,0,21
70,11,1,0,29
70,11,2,0,30
70,11,3,0,35
70,11,4,0,37
70,11,5,1,15
70,11,6,1,24
70,12,0,0,70
70,12,1,0,41
70,12,2,0,43
70,12,3,0,44
70,12,4,0,49
70,12,5,1,19
70,12,6,1,39
70,13,0,0,52
70,13,1,0,53
70,13,2,0,47
70,13,3,0,56
70,13,4,0,48
70,13,5,1,31
70,13,6,1,38
70,14,0,0,34
70,14,1,0,45
70,14,2,0,35
70,14,3,0,38
70,14,4,0,36
70,14,5,1,28
70,14,6,1,36
70,15,0,0,40
70,15,1,0,37
70,15,2,0,41
70,15,3,0,39
70,15,4,0,42
70,15,5,1,26
70,15,6,1,45
70,16,0,0,34
70,16,1,0,44
70,16,2,0,51
70,16,3,0,41
70,16,4,0,44
70,16,5,1,45
70,16,6,1,42
70,17,0,0,43
70,17,1,0,31
70,17,2,0,31
70,17,3,0,33
70,17,4,0,38
70,17,5,1,18
70,17,6,1,39
70,18,0,0,38
70,18,1,0,34
70,18,2,0,43
70,18,3,0,37
70,18,4,0,22
70,18,5,1,24
70,18,6,1,42
70,19,0,0,34
70,19,1,0,39
70,19,2,0,31
70,19,3,0,46
70,19,4,0,53
70,19,5,1,29
70,19,6,1,48
70,20,0,0,36
70,20,1,0,40
70,20,2,0,27
70,20,3,0,41
70,20,4,0,30
70,20,5,1,34
70,20,6,1,41
70,21,0,0,42
70,21,1,0,30
70,21,2,0,28
70,21,3,0,34
70,21,4,0,34
70,21,5,1,20
70,21,6,1,40
70,22,0,0,49
70,22,1,0,38
70,22,2,0,34
70,22,3,0,34
70,22,4,0,21
70,22,5,1,20
70,22,6,1,61
70,23,0,0,42
70,23,1,0,33
70,23,2,0,34
70,23,3,0,37
70,23,4,0,36
70,23,5,1,30
70,23,6,1,46
71,4,0,0,1
71,4,2,0,1
71,5,1,0,2
71,5,2,0,3
71,5,3,0,2
71,5,4,0,2
71,5,6,1,1
71,6,0,0,3
71,6,1,0,2
71,6,2,0,2
71,6,3,0,2
71,6,4,0,1
71,6,5,1,1
71,7,0,0,1
71,7,1,0,1
71,7,2,0,3
71,7,3,0,3
71,7,4,0,2
71,7,5,1,1
71,8,1,0,1
71,8,2,0,2
71,8,3,0,2
71,8,4,0,1
71,8,5,1,2
71,9,0,0,1
71,9,1,0,2
71,9,2,0,2
71,9,3,0,2
71,9,4,0,2
71,9,5,1,1
71,9,6,1,5
71,10,0,0,2
71,10,2,0,1
71,10,3,0,3
71,10,4,0,1
71,10,6,1,1
71,11,0,0,1
71,11,1,0,3
71,11,2,0,1
71,11,4,0,1
71,11,5,1,1
71,12,1,0,2
71,12,2,0,2
71,12,3,0,3
71,12,4,0,3
71,12,5,1,2
71,12,6,1,2
71,13,1,0,1
71,13,2,0,3
71,13,4,0,2
71,13,5,1,1
71,13,6,1,1
71,14,1,0,2
71,14,3,0,2
71,15,0,0,2
71,15,1,0,3
71,15,2,0,1
71,16,0,0,3
71,16,2,0,1
71,16,3,0,2
71,17,4,0,1
71,18,0,0,1
71,18,1,0,1
71,18,2,0,1
71,18,4,0,1
71,19,1,0,2
71,19,3,0,1
71,20,2,0,1
71,22,4,0,1
72,4,1,0,1
72,4,2,0,1
72,4,4,0,1
72,5,0,0,2
72,5,1,0,1
72,5,3,0,2
72,5,4,0,2
72,5,6,1,1
72,6,0,0,2
72,6,2,0,3
72,6,3,0,1
72,6,4,0,3
72,7,1,0,2
72,7,2,0,2
72,7,3,0,1
72,7,4,0,2
72,8,0,0,4
72,8,1,0,2
72,8,2,0,1
72,8,3,0,3
72,8,4,0,7
72,8,5,1,1
72,8,6,1,1
72,9,0,0,2
72,9,2,0,9
72,9,3,0,1
72,9,4,0,4
72,9,6,1,1
72,10,0,0,1
72,10,1,0,3
72,10,2,0,4
72,10,3,0,2
72,11,1,0,1
72,11,2,0,1
72,11,3,0,2
72,11,6,1,1
72,12,0,0,6
72,12,2,0,1
72,12,3,0,3
72,12,4,0,2
72,13,0,0,2
72,13,1,0,2
72,13,2,0,2
72,13,3,0,2
72,13,4,0,2
72,13,6,1,1
72,14,0,0,1
72,14,1,0,2
72,14,2,0,1
72,14,3,0,2
72,14,4,0,1
72,15,2,0,2
72,15,4,0,3
72,16,0,0,1
72,16,4,0,1
72,17,0,0,1
72,17,3,0,1
72,18,1,0,1
72,18,3,0,1
72,19,2,0,1
72,19,3,0,1
72,19,4,0,1
72,19,5,1,1
72,20,2,0,1
73,5,1,0,1
73,5,2,0,1
73,5,3,0,1
73,6,4,0,1
73,7,3,0,1
73,15,0,0,1
73,15,4,0,1
73,16,2,0,1
73,19,5,1,1
74,0,0,0,4
74,0,1,0,3
74,0,3,0,2
74,0,4,0,3
74,0,5,1,5
74,0,6,1,3
74,1,0,0,3
74,1,5,1,4
74,1,6,1,7
74,2,0,0,1
74,2,2,0,1
74,2,3,0,2
74,2,5,1,3
74,2,6,1,2
74,3,0,0,2
74,3,1,0,1
74,3,2,0,2
74,3,3,0,1
74,3,4,0,1
74,3,5,1,2
74,3,6,1,4
74,4,0,0,4
74,4,1,0,1
74,4,2,0,3
74,4,3,0,5
74,4,4,0,4
74,4,5,1,1
74,4,6,1,2
74,5,0,0,5
74,5,1,0,5
74,5,2,0,4
74,5,3,0,6
74,5,4,0,2
74,5,5,1,7
74,5,6,1,2
74,6,0,0,7
74,6,1,0,6
74,6,2,0,5
74,6,3,0,15
74,6,4,0,18
74,6,5,1,7
74,6,6,1,11
74,7,0,0,20
74,7,1,0,26
74,7,2,0,16
74,7,3,0,23
74,7,4,0,19
74,7,5,1,6
74,7,6,1,13
74,8,0,0,24
74,8,1,0,20
74,8,2,0,19
74,8,3,0,12
74,8,4,0,28
74,8,5,1,11
74,8,6,1,8
74,9,0,0,14
74,9,1,0,12
74,9,2,0,18
74,9,3,0,13
74,9,4,0,14
74,9,5,1,14
74,9,6,1,21
74,10,0,0,12
74,10,1,0,12
74,10,2,0,19
74,10,3,0,27
74,10,4,0,18
74,10,5,1,18
74,10,6,1,13
74,11,0,0,10
74,11,1,0,15
74,11,2,0,14
74,11,3,0,14
74,11,4,0,19
74,11,5,1,18
74,11,6,1,15
74,12,0,0,12
74,12,1,0,11
74,12,2,0,20
74,12,3,0,14
74,12,4,0,23
74,12,5,1,18
74,12,6,1,26
74,13,0,0,12
74,13,1,0,13
74,13,2,0,11
74,13,3,0,18
74,13,4,0,25
74,13,5,1,14
74,13,6,1,14
74,14,0,0,14
74,14,1,0,24
74,14,2,0,15
74,14,3,0,21
74,14,4,0,19
74,14,5,1,18
74,14,6,1,16
74,15,0,0,16
74,15,1,0,10
74,15,2,0,22
74,15,3,0,16
74,15,4,0,36
74,15,5,1,15
74,15,6,1,10
74,16,0,0,16
74,16,1,0,10
74,16,2,0,14
74,16,3,0,14
74,16,4,0,25
74,16,5,1,13
74,16,6,1,10
74,17,0,0,10
74,17,1,0,11
74,17,2,0,15
74,17,3,0,19
74,17,4,0,22
74,17,5,1,15
74,17,6,1,16
74,18,0,0,19
74,18,1,0,16
74,18,2,0,15
74,18,3,0,16
74,18,4,0,21
74,18,5,1,14
74,18,6,1,14
74,19,0,0,18
74,19,1,0,13
74,19,2,0,11
74,19,3,0,7
74,19,4,0,14
74,19,5,1,15
74,19,6,1,11
74,20,0,0,3
74,20,1,0,10
74,20,2,0,12
74,20,3,0,7
74,20,4,0,7
74,20,5,1,19
74,20,6,1,7
74,21,0,0,5
74,21,1,0,8
74,21,2,0,5
74,21,3,0,4
74,21,4,0,15
74,21,5,1,4
74,21,6,1,3
74,22,0,0,9
74,22,1,0,8
74,22,2,0,7
74,22,3,0,5
74,22,4,0,7
74,22,5,1,10
74,22,6,1,6
74,23,0,0,4
74,23,1,0,3
74,23,2,0,3
74,23,3,0,3
74,23,4,0,7
74,23,5,1,7
74,23,6,1,8
75,0,0,0,5
75,0,1,0,3
75,0,2,0,5
75,0,3,0,10
75,0,4,0,9
75,0,5,1,17
75,0,6,1,10
75,1,0,0,6
75,1,1,0,3
75,1,2,0,1
75,1,3,0,2
75,1,4,0,2
75,1,5,1,6
75,1,6,1,9
75,2,0,0,4
75,2,4,0,2
75,2,5,1,5
75,2,6,1,4
75,3,0,0,2
75,3,1,0,2
75,3,2,0,1
75,3,3,0,5
75,3,4,0,3
75,3,5,1,4
75,3,6,1,5
75,4,0,0,3
75,4,1,0,4
75,4,3,0,2
75,4,4,0,2
75,4,5,1,6
75,4,6,1,7
75,5,0,0,4
75,5,1,0,5
75,5,2,0,3
75,5,3,0,5
75,5,4,0,7
75,5,5,1,2
75,5,6,1,4
75,6,0,0,15
75,6,1,0,11
75,6,2,0,17
75,6,3,0,19
75,6,4,0,14
75,6,5,1,14
75,6,6,1,11
75,7,0,0,41
75,7,1,0,42
75,7,2,0,50
75,7,3,0,54
75,7,4,0,41
75,7,5,1,19
75,7,6,1,20
75,8,0,0,31
75,8,1,0,45
75,8,2,0,55
75,8,3,0,54
75,8,4,0,58
75,8,5,1,26
75,8,6,1,30
75,9,0,0,43
75,9,1,0,52
75,9,2,0,76
75,9,3,0,62
75,9,4,0,48
75,9,5,1,51
75,9,6,1,39
75,10,0,0,38
75,10,1,0,58
75,10,2,0,54
75,10,3,0,72
75,10,4,0,54
75,10,5,1,45
75,10,6,1,59
75,11,0,0,62
75,11,1,0,64
75,11,2,0,56
75,11,3,0,68
75,11,4,0,71
75,11,5,1,47
75,11,6,1,51
75,12,0,0,43
75,12,1,0,56
75,12,2,0,52
75,12,3,0,87
75,12,4,0,71
75,12,5,1,52
75,12,6,1,40
75,13,0,0,59
75,13,1,0,57
75,13,2,0,59
75,13,3,0,68
75,13,4,0,68
75,13,5,1,53
75,13,6,1,44
75,14,0,0,54
75,14,1,0,73
75,14,2,0,78
75,14,3,0,81
75,14,4,0,72
75,14,5,1,56
75,14,6,1,46
75,15,0,0,53
75,15,1,0,82
75,15,2,0,83
75,15,3,0,86
75,15,4,0,76
75,15,5,1,43
75,15,6,1,39
75,16,0,0,46
75,16,1,0,68
75,16,2,0,66
75,16,3,0,63
75,16,4,0,71
75,16,5,1,58
75,16,6,1,41
75,17,0,0,50
75,17,1,0,62
75,17,2,0,76
75,17,3,0,79
75,17,4,0,58
75,17,5,1,61
75,17,6,1,28
75,18,0,0,49
75,18,1,0,45
75,18,2,0,62
75,18,3,0,76
75,18,4,0,50
75,18,5,1,42
75,18,6,1,39
75,19,0,0,42
75,19,1,0,33
75,19,2,0,47
75,19,3,0,46
75,19,4,0,45
75,19,5,1,39
75,19,6,1,29
75,20,0,0,18
75,20,1,0,30
75,20,2,0,33
75,20,3,0,30
75,20,4,0,31
75,20,5,1,27
75,20,6,1,18
75,21,0,0,13
75,21,1,0,19
75,21,2,0,21
75,21,3,0,31
75,21,4,0,18
75,21,5,1,16
75,21,6,1,16
75,22,0,0,9
75,22,1,0,23
75,22,2,0,13
75,22,3,0,9
75,22,4,0,16
75,22,5,1,23
75,22,6,1,9
75,23,0,0,12
75,23,1,0,11
75,23,2,0,7
75,23,3,0,16
75,23,4,0,9
75,23,5,1,20
75,23,6,1,15
76,0,1,0,1
76,3,4,0,1
76,4,0,0,1
76,4,1,0,3
76,4,2,0,3
76,4,3,0,2
76,4,4,0,4
76,5,1,0,3
76,5,2,0,2
76,5,3,0,2
76,6,0,0,1
76,6,1,0,8
76,6,2,0,4
76,6,3,0,10
76,6,4,0,1
76,6,5,1,1
76,7,0,0,9
76,7,1,0,11
76,7,2,0,5
76,7,3,0,7
76,7,4,0,4
76,7,5,1,1
76,7,6,1,3
76,8,0,0,4
76,8,1,0,4
76,8,2,0,8
76,8,3,0,8
76,8,4,0,6
76,8,5,1,1
76,8,6,1,3
76,9,0,0,2
76,9,1,0,7
76,9,2,0,5
76,9,3,0,3
76,9,4,0,6
76,9,6,1,3
76,10,0,0,5
76,10,1,0,5
76,10,2,0,3
76,10,3,0,4
76,10,4,0,3
76,10,5,1,2
76,10,6,1,1
76,11,0,0,6
76,11,1,0,4
76,11,2,0,4
76,11,3,0,2
76,11,4,0,2
76,12,0,0,2
76,12,1,0,5
76,12,2,0,1
76,12,3,0,7
76,12,4,0,2
76,12,5,1,1
76,12,6,1,1
76,13,0,0,2
76,13,1,0,1
76,13,2,0,3
76,13,3,0,4
76,13,4,0,3
76,13,5,1,1
76,13,6,1,1
76,14,0,0,2
76,14,1,0,1
76,14,2,0,2
76,14,3,0,5
76,14,4,0,6
76,14,5,1,1
76,14,6,1,2
76,15,0,0,1
76,15,3,0,1
76,15,4,0,2
76,15,5,1,1
76,16,1,0,1
76,16,3,0,1
76,16,4,0,4
76,17,0,0,2
76,17,3,0,1
76,17,4,0,6
76,18,0,0,1
76,18,4,0,3
76,18,5,1,1
76,19,3,0,6
76,19,6,1,1
76,20,2,0,2
76,20,3,0,1
76,20,4,0,1
76,21,3,0,1
76,22,1,0,1
76,22,2,0,1
76,23,2,0,1
77,4,3,0,1
77,4,4,0,1
77,5,0,0,1
77,6,0,0,2
77,6,1,0,3
77,6,2,0,2
77,6,4,0,1
77,7,1,0,3
77,7,2,0,1
77,7,4,0,1
77,7,6,1,1
77,8,0,0,5
77,8,1,0,3
77,8,2,0,1
77,8,4,0,2
77,8,5,1,1
77,8,6,1,2
77,9,0,0,3
77,9,1,0,1
77,9,2,0,1
77,10,2,0,3
77,10,3,0,1
77,10,6,1,2
77,11,2,0,1
77,11,4,0,2
77,12,2,0,1
77,13,0,0,2
77,13,6,1,1
77,14,1,0,2
77,15,3,0,2
77,15,4,0,1
77,16,1,0,1
77,17,4,0,1
77,22,4,0,1
78,4,2,0,1
78,4,3,0,1
78,6,0,0,1
78,6,5,1,1
78,7,0,0,2
78,7,2,0,3
78,7,4,0,1
78,8,0,0,1
78,8,1,0,1
78,8,4,0,2
78,8,5,1,2
78,8,6,1,1
78,9,0,0,1
78,9,1,0,1
78,9,2,0,1
78,9,3,0,1
78,9,4,0,3
78,9,5,1,1
78,10,0,0,2
78,10,1,0,1
78,10,2,0,1
78,10,3,0,3
78,10,4,0,3
78,10,5,1,1
78,10,6,1,1
78,11,0,0,2
78,11,6,1,1
78,12,1,0,1
78,12,2,0,1
78,12,3,0,1
78,12,5,1,2
78,13,0,0,1
78,13,1,0,1
78,13,6,1,1
78,14,1,0,1
78,14,5,1,1
78,14,6,1,1
78,15,1,0,2
78,15,3,0,1
78,16,0,0,1
78,16,2,0,1
78,16,5,1,1
78,17,3,0,2
78,18,3,0,1
78,22,5,1,1
79,0,0,0,88
79,0,1,0,56
79,0,2,0,56
79,0,3,0,98
79,0,4,0,224
79,0,5,1,698
79,0,6,1,664
79,1,0,0,83
79,1,1,0,28
79,1,2,0,32
79,1,3,0,52
79,1,4,0,146
79,1,5,1,719
79,1,6,1,693
79,2,0,0,81
79,2,1,0,20
79,2,2,0,29
79,2,3,0,42
79,2,4,0,94
79,2,5,1,531
79,2,6,1,512
79,3,0,0,51
79,3,1,0,12
79,3,2,0,23
79,3,3,0,19
79,3,4,0,68
79,3,5,1,341
79,3,6,1,381
79,4,0,0,35
79,4,1,0,7
79,4,2,0,18
79,4,3,0,18
79,4,4,0,26
79,4,5,1,124
79,4,6,1,149
79,5,0,0,15
79,5,1,0,9
79,5,2,0,10
79,5,3,0,13
79,5,4,0,11
79,5,5,1,21
79,5,6,1,19
79,6,0,0,21
79,6,1,0,29
79,6,2,0,27
79,6,3,0,20
79,6,4,0,18
79,6,5,1,24
79,6,6,1,13
79,7,0,0,38
79,7,1,0,53
79,7,2,0,61
79,7,3,0,57
79,7,4,0,48
79,7,5,1,33
79,7,6,1,22
79,8,0,0,55
79,8,1,0,85
79,8,2,0,84
79,8,3,0,87
79,8,4,0,66
79,8,5,1,35
79,8,6,1,29
79,9,0,0,69
79,9,1,0,105
79,9,2,0,81
79,9,3,0,87
79,9,4,0,76
79,9,5,1,78
79,9,6,1,50
79,10,0,0,65
79,10,1,0,63
79,10,2,0,78
79,10,3,0,81
79,10,4,0,88
79,10,5,1,97
79,10,6,1,87
79,11,0,0,69
79,11,1,0,62
79,11,2,0,78
79,11,3,0,75
79,11,4,0,83
79,11,5,1,109
79,11,6,1,113
79,12,0,0,71
79,12,1,0,63
79,12,2,0,76
79,12,3,0,87
79,12,4,0,92
79,12,5,1,136
79,12,6,1,101
79,13,0,0,66
79,13,1,0,59
79,13,2,0,97
79,13,3,0,107
79,13,4,0,102
79,13,5,1,180
79,13,6,1,146
79,14,0,0,71
79,14,1,0,83
79,14,2,0,82
79,14,3,0,78
79,14,4,0,100
79,14,5,1,157
79,14,6,1,121
79,15,0,0,81
79,15,1,0,73
79,15,2,0,87
79,15,3,0,85
79,15,4,0,102
79,15,5,1,169
79,15,6,1,154
79,16,0,0,82
79,16,1,0,68
79,16,2,0,65
79,16,3,0,85
79,16,4,0,112
79,16,5,1,209
79,16,6,1,135
79,17,0,0,79
79,17,1,0,87
79,17,2,0,103
79,17,3,0,94
79,17,4,0,131
79,17,5,1,232
79,17,6,1,140
79,18,0,0,94
79,18,1,0,124
79,18,2,0,146
79,18,3,0,124
79,18,4,0,179
79,18,5,1,262
79,18,6,1,179
79,19,0,0,99
79,19,1,0,116
79,19,2,0,156
79,19,3,0,175
79,19,4,0,236
79,19,5,1,298
79,19,6,1,156
79,20,0,0,129
79,20,1,0,158
79,20,2,0,184
79,20,3,0,232
79,20,4,0,270
79,20,5,1,315
79,20,6,1,174
79,21,0,0,134
79,21,1,0,172
79,21,2,0,256
79,21,3,0,297
79,21,4,0,336
79,21,5,1,371
79,21,6,1,156
79,22,0,0,142
79,22,1,0,176
79,22,2,0,250
79,22,3,0,357
79,22,4,0,420
79,22,5,1,479
79,22,6,1,134
79,23,0,0,73
79,23,1,0,98
79,23,2,0,142
79,23,3,0,276
79,23,4,0,536
79,23,5,1,570
79,23,6,1,121
80,0,1,0,2
80,0,2,0,1
80,0,3,0,2
80,0,5,1,3
80,0,6,1,2
80,1,0,0,2
80,1,1,0,2
80,1,2,0,1
80,1,3,0,2
80,1,5,1,3
80,1,6,1,2
80,2,0,0,2
80,2,5,1,2
80,2,6,1,4
80,3,0,0,2
80,3,5,1,3
80,3,6,1,2
80,4,4,0,1
80,4,5,1,3
80,5,0,0,1
80,5,1,0,1
80,5,6,1,3
80,6,3,0,1
80,6,4,0,1
80,7,0,0,1
80,8,2,0,3
80,8,4,0,3
80,8,5,1,1
80,8,6,1,1
80,9,0,0,2
80,9,2,0,1
80,10,0,0,1
80,10,1,0,1
80,10,6,1,1
80,12,0,0,1
80,12,2,0,2
80,12,3,0,2
80,12,5,1,1
80,13,4,0,1
80,13,5,1,1
80,14,4,0,1
80,15,0,0,1
80,15,1,0,3
80,15,5,1,1
80,15,6,1,1
80,16,2,0,1
80,16,3,0,1
80,16,6,1,1
80,17,3,0,1
80,17,4,0,1
80,18,6,1,1
80,20,6,1,1
80,21,0,0,1
80,21,1,0,1
80,21,2,0,1
80,21,4,0,1
80,22,4,0,1
80,23,0,0,1
80,23,1,0,1
80,23,2,0,2
80,23,3,0,3
80,23,4,0,2
80,23,5,1,1
80,23,6,1,2
81,4,6,1,1
81,6,0,0,1
81,6,3,0,1
81,6,6,1,1
81,7,0,0,1
81,7,3,0,1
81,7,4,0,1
81,8,0,0,1
81,8,2,0,1
81,8,3,0,1
81,8,4,0,2
81,8,6,1,1
81,9,3,0,2
81,9,5,1,1
81,10,0,0,2
81,10,1,0,1
81,10,4,0,1
81,10,5,1,1
81,10,6,1,1
81,11,1,0,2
81,11,6,1,1
81,12,4,0,2
81,12,6,1,1
81,13,0,0,2
81,13,1,0,1
81,13,2,0,1
81,13,3,0,1
81,14,6,1,2
81,15,0,0,1
81,15,1,0,1
81,15,3,0,1
81,15,6,1,1
81,17,1,0,1
81,17,4,0,1
81,17,6,1,2
82,0,2,0,2
82,0,5,1,1
82,0,6,1,2
82,1,0,0,1
82,1,4,0,2
82,1,6,1,1
82,2,0,0,1
82,2,4,0,1
82,2,5,1,1
82,2,6,1,1
82,3,5,1,3
82,3,6,1,1
82,4,2,0,2
82,4,5,1,1
82,5,3,0,1
82,6,1,0,1
82,6,2,0,2
82,6,4,0,1
82,6,6,1,2
82,7,0,0,1
82,7,3,0,1
82,7,6,1,2
82,8,0,0,1
82,8,1,0,1
82,8,2,0,3
82,8,3,0,1
82,8,4,0,1
82,8,5,1,3
82,9,0,0,1
82,9,1,0,1
82,9,2,0,1
82,9,3,0,1
82,9,4,0,1
82,9,5,1,3
82,9,6,1,1
82,10,1,0,4
82,10,3,0,1
82,10,6,1,1
82,11,0,0,1
82,11,2,0,2
82,11,5,1,1
82,12,0,0,1
82,12,1,0,1
82,12,2,0,2
82,12,3,0,1
82,13,0,0,1
82,13,1,0,1
82,13,3,0,1
82,13,4,0,2
82,13,5,1,3
82,13,6,1,2
82,14,0,0,1
82,14,3,0,1
82,14,4,0,1
82,15,0,0,3
82,15,1,0,1
82,15,2,0,1
82,15,4,0,1
82,15,5,1,1
82,16,0,0,1
82,16,4,0,1
82,16,5,1,3
82,17,1,0,1
82,17,3,0,1
82,18,2,0,1
82,18,3,0,1
82,18,4,0,1
82,18,6,1,1
82,19,2,0,1
82,19,6,1,2
82,20,0,0,1
82,20,3,0,3
82,20,4,0,1
82,20,6,1,1
82,21,0,0,1
82,21,2,0,1
82,21,3,0,2
82,21,5,1,3
82,22,0,0,2
82,22,1,0,1
82,22,3,0,1
82,22,4,0,1
82,23,1,0,1
82,23,3,0,2
82,23,4,0,2
82,23,5,1,1
82,23,6,1,1
83,1,6,1,2
83,2,2,0,1
83,2,5,1,1
83,4,0,0,1
83,4,1,0,1
83,4,3,0,1
83,4,4,0,1
83,4,5,1,1
83,5,1,0,1
83,5,2,0,1
83,5,4,0,1
83,6,3,0,1
83,7,1,0,1
83,8,1,0,2
83,8,2,0,1
83,10,1,0,1
83,10,4,0,1
83,11,0,0,1
83,11,3,0,1
83,11,4,0,1
83,12,0,0,1
83,12,2,0,1
83,13,2,0,3
83,13,6,1,1
83,14,4,0,1
83,16,2,0,2
83,16,5,1,1
83,17,0,0,1
83,17,4,0,1
83,18,1,0,1
83,18,3,0,1
83,18,5,1,1
83,19,1,0,1
85,1,5,1,1
85,4,3,0,2
85,4,4,0,1
85,5,4,0,1
85,5,5,1,1
85,6,0,0,1
85,6,1,0,1
85,6,2,0,1
85,6,3,0,1
85,6,4,0,2
85,7,0,0,1
85,7,1,0,1
85,7,3,0,2
85,7,4,0,2
85,7,6,1,1
85,8,0,0,2
85,8,2,0,2
85,8,3,0,1
85,8,4,0,1
85,8,5,1,2
85,9,1,0,5
85,9,2,0,1
85,9,3,0,1
85,10,0,0,1
85,10,2,0,2
85,10,3,0,1
85,10,4,0,1
85,10,6,1,1
85,11,1,0,1
85,11,3,0,2
85,11,5,1,2
85,11,6,1,1
85,12,1,0,1
85,12,3,0,3
85,13,1,0,1
85,13,3,0,1
85,13,4,0,2
85,14,0,0,1
85,14,1,0,1
85,14,5,1,1
85,15,1,0,1
85,15,2,0,1
85,15,4,0,1
85,15,6,1,1
85,18,4,0,1
85,22,0,0,1
86,4,2,0,1
86,4,3,0,1
86,5,1,0,1
86,5,2,0,2
86,5,3,0,3
86,5,4,0,1
86,6,0,0,1
86,6,1,0,3
86,6,2,0,2
86,6,4,0,1
86,6,6,1,1
86,7,0,0,1
86,7,1,0,2
86,7,2,0,1
86,7,3,0,3
86,7,4,0,1
86,7,5,1,1
86,7,6,1,1
86,8,0,0,1
86,8,2,0,2
86,8,3,0,2
86,8,4,0,3
86,8,5,1,3
86,8,6,1,1
86,9,0,0,1
86,9,1,0,2
86,9,2,0,1
86,9,3,0,1
86,9,4,0,2
86,9,5,1,1
86,9,6,1,1
86,10,2,0,1
86,10,3,0,1
86,10,4,0,1
86,10,5,1,1
86,11,0,0,1
86,11,1,0,1
86,11,3,0,1
86,11,5,1,1
86,12,1,0,2
86,12,3,0,1
86,12,4,0,1
86,12,5,1,2
86,13,0,0,1
86,13,1,0,3
86,13,3,0,2
86,13,4,0,2
86,13,5,1,3
86,14,1,0,1
86,14,2,0,2
86,15,0,0,2
86,16,0,0,1
86,16,2,0,1
86,16,3,0,1
86,16,6,1,1
86,17,1,0,1
86,17,4,0,2
86,17,6,1,1
86,19,0,0,1
86,20,1,0,1
86,21,1,0,1
87,0,0,0,5
87,0,1,0,2
87,0,2,0,5
87,0,3,0,10
87,0,4,0,20
87,0,5,1,35
87,0,6,1,37
87,1,0,0,17
87,1,1,0,4
87,1,2,0,2
87,1,3,0,4
87,1,4,0,8
87,1,5,1,15
87,1,6,1,21
87,2,0,0,8
87,2,1,0,2
87,2,2,0,1
87,2,4,0,4
87,2,5,1,13
87,2,6,1,13
87,3,0,0,6
87,3,3,0,1
87,3,4,0,1
87,3,5,1,4
87,3,6,1,5
87,4,0,0,1
87,4,1,0,1
87,4,3,0,4
87,4,4,0,4
87,4,5,1,5
87,4,6,1,3
87,5,0,0,1
87,5,1,0,2
87,5,2,0,1
87,5,3,0,2
87,5,4,0,1
87,5,5,1,6
87,5,6,1,2
87,6,0,0,6
87,6,1,0,3
87,6,2,0,2
87,6,3,0,3
87,6,4,0,8
87,6,5,1,1
87,6,6,1,7
87,7,0,0,6
87,7,1,0,11
87,7,2,0,14
87,7,3,0,13
87,7,4,0,10
87,7,5,1,4
87,7,6,1,1
87,8,0,0,11
87,8,1,0,22
87,8,2,0,28
87,8,3,0,28
87,8,4,0,19
87,8,5,1,9
87,8,6,1,8
87,9,0,0,18
87,9,1,0,34
87,9,2,0,36
87,9,3,0,29
87,9,4,0,16
87,9,5,1,12
87,9,6,1,17
87,10,0,0,13
87,10,1,0,18
87,10,2,0,26
87,10,3,0,21
87,10,4,0,30
87,10,5,1,27
87,10,6,1,15
87,11,0,0,23
87,11,1,0,33
87,11,2,0,35
87,11,3,0,47
87,11,4,0,22
87,11,5,1,26
87,11,6,1,21
87,12,0,0,23
87,12,1,0,25
87,12,2,0,32
87,12,3,0,39
87,12,4,0,36
87,12,5,1,29
87,12,6,1,27
87,13,0,0,31
87,13,1,0,26
87,13,2,0,37
87,13,3,0,36
87,13,4,0,33
87,13,5,1,30
87,13,6,1,25
87,14,0,0,28
87,14,1,0,34
87,14,2,0,40
87,14,3,0,37
87,14,4,0,46
87,14,5,1,37
87,14,6,1,22
87,15,0,0,28
87,15,1,0,35
87,15,2,0,33
87,15,3,0,46
87,15,4,0,48
87,15,5,1,41
87,15,6,1,35
87,16,0,0,30
87,16,1,0,33
87,16,2,0,66
87,16,3,0,41
87,16,4,0,36
87,16,5,1,37
87,16,6,1,28
87,17,0,0,49
87,17,1,0,59
87,17,2,0,74
87,17,3,0,76
87,17,4,0,43
87,17,5,1,51
87,17,6,1,40
87,18,0,0,44
87,18,1,0,59
87,18,2,0,60
87,18,3,0,78
87,18,4,0,64
87,18,5,1,43
87,18,6,1,21
87,19,0,0,25
87,19,1,0,47
87,19,2,0,49
87,19,3,0,81
87,19,4,0,69
87,19,5,1,38
87,19,6,1,27
87,20,0,0,31
87,20,1,0,44
87,20,2,0,50
87,20,3,0,49
87,20,4,0,45
87,20,5,1,42
87,20,6,1,15
87,21,0,0,30
87,21,1,0,35
87,21,2,0,39
87,21,3,0,48
87,21,4,0,34
87,21,5,1,42
87,21,6,1,12
87,22,0,0,17
87,22,1,0,24
87,22,2,0,29
87,22,3,0,43
87,22,4,0,39
87,22,5,1,33
87,22,6,1,13
87,23,0,0,10
87,23,1,0,8
87,23,2,0,14
87,23,3,0,34
87,23,4,0,27
87,23,5,1,52
87,23,6,1,11
88,0,0,0,3
88,0,1,0,1
88,0,2,0,5
88,0,3,0,5
88,0,4,0,11
88,0,5,1,17
88,0,6,1,21
88,1,0,0,2
88,1,2,0,2
88,1,3,0,5
88,1,4,0,5
88,1,5,1,14
88,1,6,1,17
88,2,0,0,5
88,2,1,0,1
88,2,3,0,1
88,2,4,0,2
88,2,5,1,7
88,2,6,1,15
88,3,0,0,1
88,3,2,0,1
88,3,5,1,3
88,3,6,1,4
88,4,3,0,1
88,4,5,1,4
88,5,5,1,1
88,5,6,1,1
88,6,0,0,1
88,6,1,0,1
88,6,2,0,1
88,6,3,0,1
88,6,4,0,2
88,6,6,1,1
88,7,0,0,6
88,7,1,0,4
88,7,2,0,6
88,7,3,0,7
88,7,4,0,2
88,7,5,1,2
88,8,0,0,7
88,8,1,0,6
88,8,2,0,8
88,8,3,0,9
88,8,4,0,7
88,8,5,1,2
88,8,6,1,1
88,9,0,0,8
88,9,1,0,8
88,9,2,0,16
88,9,3,0,9
88,9,4,0,10
88,9,5,1,2
88,9,6,1,5
88,10,0,0,3
88,10,1,0,7
88,10,2,0,17
88,10,3,0,17
88,10,4,0,15
88,10,5,1,8
88,10,6,1,10
88,11,0,0,8
88,11,1,0,16
88,11,2,0,12
88,11,3,0,19
88,11,4,0,9
88,11,5,1,10
88,11,6,1,8
88,12,0,0,10
88,12,1,0,9
88,12,2,0,30
88,12,3,0,11
88,12,4,0,10
88,12,5,1,18
88,12,6,1,16
88,13,0,0,23
88,13,1,0,29
88,13,2,0,17
88,13,3,0,25
88,13,4,0,18
88,13,5,1,23
88,13,6,1,18
88,14,0,0,23
88,14,1,0,31
88,14,2,0,20
88,14,3,0,27
88,14,4,0,29
88,14,5,1,22
88,14,6,1,14
88,15,0,0,13
88,15,1,0,24
88,15,2,0,29
88,15,3,0,36
88,15,4,0,39
88,15,5,1,27
88,15,6,1,20
88,16,0,0,30
88,16,1,0,30
88,16,2,0,37
88,16,3,0,32
88,16,4,0,22
88,16,5,1,28
88,16,6,1,26
88,17,0,0,20
88,17,1,0,44
88,17,2,0,50
88,17,3,0,45
88,17,4,0,28
88,17,5,1,20
88,17,6,1,18
88,18,0,0,36
88,18,1,0,31
88,18,2,0,33
88,18,3,0,39
88,18,4,0,36
88,18,5,1,18
88,18,6,1,14
88,19,0,0,13
88,19,1,0,29
88,19,2,0,30
88,19,3,0,30
88,19,4,0,16
88,19,5,1,18
88,19,6,1,7
88,20,0,0,23
88,20,1,0,24
88,20,2,0,27
88,20,3,0,32
88,20,4,0,24
88,20,5,1,16
88,20,6,1,8
88,21,0,0,13
88,21,1,0,22
88,21,2,0,20
88,21,3,0,29
88,21,4,0,20
88,21,5,1,18
88,21,6,1,14
88,22,0,0,6
88,22,1,0,14
88,22,2,0,24
88,22,3,0,19
88,22,4,0,15
88,22,5,1,23
88,22,6,1,6
88,23,0,0,4
88,23,1,0,9
88,23,2,0,13
88,23,3,0,27
88,23,4,0,21
88,23,5,1,20
88,23,6,1,10
89,4,1,0,1
89,4,2,0,3
89,4,4,0,2
89,5,1,0,1
89,5,4,0,1
89,6,0,0,4
89,6,1,0,2
89,6,2,0,5
89,6,3,0,2
89,6,4,0,1
89,7,0,0,2
89,7,1,0,2
89,7,2,0,5
89,7,3,0,3
89,7,4,0,4
89,7,6,1,1
89,8,0,0,1
89,8,1,0,1
89,8,2,0,6
89,8,3,0,8
89,8,4,0,6
89,8,6,1,1
89,9,0,0,6
89,9,1,0,1
89,9,2,0,6
89,9,3,0,3
89,9,4,0,3
89,9,5,1,2
89,9,6,1,1
89,10,0,0,5
89,10,1,0,1
89,10,2,0,5
89,10,3,0,3
89,10,4,0,6
89,10,5,1,1
89,11,0,0,5
89,11,1,0,4
89,11,2,0,2
89,11,3,0,3
89,11,4,0,4
89,11,6,1,1
89,12,0,0,3
89,12,1,0,3
89,12,2,0,2
89,12,3,0,2
89,12,4,0,1
89,13,0,0,4
89,13,1,0,4
89,13,2,0,3
89,13,3,0,3
89,13,4,0,1
89,14,0,0,2
89,14,1,0,1
89,14,2,0,2
89,14,3,0,1
89,14,4,0,2
89,14,5,1,1
89,15,0,0,1
89,15,1,0,1
89,15,2,0,3
89,15,3,0,2
89,15,4,0,2
89,15,5,1,1
89,15,6,1,1
89,16,1,0,1
89,16,2,0,1
89,16,3,0,1
89,16,4,0,1
89,17,0,0,1
89,17,2,0,1
89,17,3,0,1
89,17,4,0,2
89,18,0,0,1
89,18,1,0,1
89,18,2,0,3
89,18,3,0,2
89,18,4,0,1
89,20,1,0,1
89,22,2,0,1
89,22,6,1,1
89,23,4,0,1
90,0,0,0,51
90,0,1,0,31
90,0,2,0,23
90,0,3,0,34
90,0,4,0,77
90,0,5,1,156
90,0,6,1,155
90,1,0,0,28
90,1,1,0,9
90,1,2,0,19
90,1,3,0,30
90,1,4,0,38
90,1,5,1,159
90,1,6,1,122
90,2,0,0,22
90,2,1,0,6
90,2,2,0,12
90,2,3,0,4
90,2,4,0,39
90,2,5,1,80
90,2,6,1,90
90,3,0,0,20
90,3,1,0,4
90,3,2,0,11
90,3,3,0,6
90,3,4,0,14
90,3,5,1,44
90,3,6,1,56
90,4,0,0,18
90,4,1,0,5
90,4,2,0,6
90,4,3,0,9
90,4,4,0,13
90,4,5,1,30
90,4,6,1,29
90,5,0,0,20
90,5,1,0,7
90,5,2,0,9
90,5,3,0,4
90,5,4,0,5
90,5,5,1,13
90,5,6,1,15
90,6,0,0,18
90,6,1,0,13
90,6,2,0,15
90,6,3,0,27
90,6,4,0,19
90,6,5,1,11
90,6,6,1,12
90,7,0,0,41
90,7,1,0,50
90,7,2,0,42
90,7,3,0,48
90,7,4,0,54
90,7,5,1,17
90,7,6,1,10
90,8,0,0,80
90,8,1,0,89
90,8,2,0,94
90,8,3,0,91
90,8,4,0,85
90,8,5,1,36
90,8,6,1,46
90,9,0,0,87
90,9,1,0,109
90,9,2,0,117
90,9,3,0,123
90,9,4,0,110
90,9,5,1,84
90,9,6,1,59
90,10,0,0,83
90,10,1,0,112
90,10,2,0,109
90,10,3,0,107
90,10,4,0,100
90,10,5,1,117
90,10,6,1,78
90,11,0,0,83
90,11,1,0,107
90,11,2,0,86
90,11,3,0,122
90,11,4,0,108
90,11,5,1,121
90,11,6,1,134
90,12,0,0,91
90,12,1,0,105
90,12,2,0,110
90,12,3,0,102
90,12,4,0,91
90,12,5,1,157
90,12,6,1,132
90,13,0,0,98
90,13,1,0,76
90,13,2,0,135
90,13,3,0,114
90,13,4,0,121
90,13,5,1,168
90,13,6,1,135
90,14,0,0,109
90,14,1,0,108
90,14,2,0,144
90,14,3,0,114
90,14,4,0,139
90,14,5,1,175
90,14,6,1,149
90,15,0,0,103
90,15,1,0,107
90,15,2,0,134
90,15,3,0,127
90,15,4,0,126
90,15,5,1,184
90,15,6,1,137
90,16,0,0,88
90,16,1,0,133
90,16,2,0,112
90,16,3,0,143
90,16,4,0,135
90,16,5,1,176
90,16,6,1,121
90,17,0,0,108
90,17,1,0,134
90,17,2,0,150
90,17,3,0,200
90,17,4,0,185
90,17,5,1,184
90,17,6,1,119
90,18,0,0,139
90,18,1,0,164
90,18,2,0,181
90,18,3,0,193
90,18,4,0,184
90,18,5,1,223
90,18,6,1,142
90,19,0,0,93
90,19,1,0,137
90,19,2,0,169
90,19,3,0,219
90,19,4,0,191
90,19,5,1,220
90,19,6,1,99
90,20,0,0,121
90,20,1,0,144
90,20,2,0,152
90,20,3,0,193
90,20,4,0,156
90,20,5,1,181
90,20,6,1,89
90,21,0,0,105
90,21,1,0,154
90,21,2,0,170
90,21,3,0,185
90,21,4,0,179
90,21,5,1,170
90,21,6,1,91
90,22,0,0,75
90,22,1,0,105
90,22,2,0,146
90,22,3,0,173
90,22,4,0,161
90,22,5,1,176
90,22,6,1,66
90,23,0,0,54
90,23,1,0,48
90,23,2,0,100
90,23,3,0,126
90,23,4,0,163
90,23,5,1,190
90,23,6,1,57
91,4,1,0,4
91,5,0,0,2
91,5,1,0,1
91,5,2,0,1
91,5,3,0,3
91,5,4,0,2
91,6,0,0,4
91,6,1,0,4
91,6,2,0,7
91,6,3,0,4
91,6,4,0,4
91,6,6,1,1
91,7,0,0,3
91,7,1,0,2
91,7,2,0,4
91,7,3,0,5
91,7,4,0,6
91,7,6,1,1
91,8,0,0,1
91,8,1,0,1
91,8,2,0,2
91,8,3,0,3
91,8,4,0,2
91,8,6,1,2
91,9,0,0,2
91,9,1,0,1
91,9,2,0,1
91,9,3,0,2
91,9,4,0,2
91,9,5,1,2
91,10,0,0,1
91,10,1,0,1
91,10,2,0,1
91,10,3,0,2
91,10,4,0,4
91,10,6,1,1
91,11,0,0,1
91,11,1,0,1
91,11,3,0,1
91,11,5,1,3
91,12,0,0,3
91,12,1,0,5
91,12,2,0,2
91,12,5,1,2
91,13,1,0,3
91,13,4,0,1
91,13,5,1,1
91,13,6,1,1
91,14,0,0,1
91,14,1,0,2
91,14,2,0,1
91,14,3,0,1
91,14,6,1,1
91,15,1,0,2
91,15,3,0,5
91,15,4,0,1
91,16,4,0,1
91,17,2,0,1
91,17,4,0,1
91,18,0,0,1
91,18,3,0,1
91,18,4,0,2
91,20,4,0,1
91,20,5,1,1
91,21,0,0,2
91,21,1,0,1
91,21,5,1,1
92,0,5,1,1
92,5,1,0,2
92,5,5,1,1
92,6,0,0,1
92,7,1,0,2
92,7,3,0,2
92,8,1,0,1
92,8,3,0,1
92,8,4,0,1
92,9,0,0,1
92,9,4,0,1
92,9,6,1,1
92,10,4,0,1
92,11,1,0,3
92,11,2,0,2
92,11,3,0,1
92,12,0,0,3
92,12,2,0,1
92,12,6,1,1
92,13,2,0,1
92,13,4,0,2
92,13,5,1,2
92,13,6,1,1
92,14,3,0,2
92,15,3,0,2
92,15,5,1,2
92,15,6,1,2
92,16,3,0,2
92,16,4,0,1
92,16,5,1,2
92,16,6,1,1
92,17,3,0,2
92,18,0,0,1
92,19,6,1,1
92,20,1,0,1
93,0,0,0,3
93,0,1,0,1
93,0,3,0,1
93,0,4,0,1
93,0,5,1,2
93,2,0,0,1
93,2,2,0,1
93,2,5,1,2
93,3,3,0,1
93,3,5,1,1
93,4,0,0,1
93,4,5,1,1
93,5,1,0,1
93,5,6,1,2
93,6,1,0,1
93,6,2,0,2
93,6,5,1,2
93,6,6,1,4
93,7,0,0,1
93,7,5,1,1
93,7,6,1,3
93,8,0,0,1
93,8,2,0,1
93,8,3,0,2
93,8,5,1,2
93,8,6,1,1
93,9,3,0,1
93,9,5,1,2
93,9,6,1,2
93,10,2,0,1
93,10,5,1,2
93,11,0,0,2
93,11,2,0,1
93,12,0,0,1
93,12,1,0,1
93,12,6,1,2
93,13,0,0,1
93,13,1,0,1
93,13,2,0,1
93,13,6,1,2
93,14,2,0,1
93,14,3,0,2
93,14,5,1,2
93,15,1,0,1
93,15,2,0,2
93,15,3,0,4
93,15,6,1,4
93,16,0,0,1
93,16,1,0,1
93,16,2,0,5
93,16,3,0,1
93,16,5,1,2
93,16,6,1,3
93,17,0,0,1
93,17,1,0,1
93,17,2,0,1
93,17,4,0,1
93,17,5,1,4
93,17,6,1,1
93,18,0,0,1
93,18,2,0,1
93,18,5,1,1
93,18,6,1,4
93,19,0,0,2
93,19,3,0,3
93,19,5,1,1
93,19,6,1,1
93,20,1,0,1
93,20,4,0,2
93,21,0,0,2
93,21,1,0,2
93,21,2,0,3
93,21,3,0,1
93,21,5,1,3
93,21,6,1,3
93,22,0,0,2
93,22,1,0,1
93,22,3,0,4
93,22,5,1,3
93,23,0,0,1
93,23,1,0,1
93,23,2,0,2
93,23,4,0,2
93,23,5,1,3
93,23,6,1,2
94,4,2,0,1
94,5,2,0,1
94,6,1,0,1
94,6,2,0,1
94,6,3,0,1
94,6,4,0,1
94,7,1,0,2
94,7,6,1,1
94,8,0,0,1
94,9,2,0,1
94,10,4,0,1
94,10,5,1,1
94,11,3,0,1
94,11,4,0,2
94,11,5,1,2
94,12,1,0,1
94,12,2,0,1
94,12,6,1,1
94,13,2,0,1
94,14,1,0,1
94,14,3,0,2
94,14,6,1,1
94,16,4,0,1
94,17,2,0,1
94,17,3,0,1
94,17,5,1,1
94,19,4,0,1
95,0,4,0,1
95,1,6,1,1
95,4,1,0,1
95,4,2,0,1
95,5,0,0,1
95,5,4,0,1
95,6,0,0,3
95,6,1,0,1
95,6,2,0,3
95,6,3,0,3
95,6,4,0,1
95,7,1,0,2
95,7,2,0,2
95,7,4,0,3
95,8,0,0,1
95,8,2,0,4
95,9,0,0,2
95,9,1,0,2
95,9,2,0,2
95,9,3,0,3
95,9,4,0,1
95,10,0,0,3
95,10,1,0,1
95,10,3,0,1
95,10,4,0,2
95,11,0,0,1
95,11,1,0,2
95,11,2,0,3
95,11,3,0,3
95,11,4,0,1
95,11,5,1,1
95,12,0,0,2
95,12,1,0,4
95,12,2,0,3
95,12,4,0,3
95,13,0,0,2
95,13,1,0,2
95,13,2,0,5
95,13,6,1,2
95,14,1,0,2
95,14,2,0,1
95,14,3,0,1
95,14,4,0,2
95,14,6,1,1
95,15,0,0,1
95,15,1,0,2
95,15,2,0,1
95,15,3,0,1
95,15,4,0,1
95,15,6,1,1
95,16,0,0,3
95,16,1,0,1
95,16,2,0,2
95,16,3,0,1
95,17,2,0,1
95,17,4,0,2
95,17,6,1,1
95,18,2,0,1
95,18,3,0,1
95,18,4,0,2
95,19,0,0,1
95,19,2,0,1
95,19,5,1,1
95,19,6,1,1
95,21,0,0,1
95,21,1,0,1
95,21,2,0,1
95,21,3,0,2
95,22,1,0,1
95,22,2,0,1
95,22,3,0,1
95,22,4,0,1
95,23,5,1,2
96,18,0,0,1
97,0,0,0,1
97,0,1,0,2
97,0,2,0,2
97,0,3,0,2
97,0,4,0,2
97,0,5,1,3
97,0,6,1,5
97,1,5,1,3
97,1,6,1,2
97,2,0,0,1
97,2,5,1,1
97,2,6,1,2
97,3,0,0,1
97,3,6,1,1
97,4,0,0,1
97,4,6,1,2
97,5,0,0,1
97,5,3,0,1
97,5,6,1,1
97,6,1,0,3
97,7,0,0,2
97,7,1,0,3
97,7,2,0,4
97,7,3,0,2
97,7,4,0,3
97,8,1,0,1
97,8,3,0,1
97,8,4,0,1
97,8,6,1,2
97,9,0,0,5
97,9,1,0,6
97,9,2,0,1
97,9,3,0,5
97,9,4,0,4
97,9,5,1,2
97,9,6,1,1
97,10,0,0,1
97,10,1,0,2
97,10,3,0,3
97,10,4,0,2
97,10,5,1,1
97,10,6,1,1
97,11,0,0,3
97,11,1,0,1
97,11,2,0,4
97,11,3,0,3
97,11,4,0,2
97,11,6,1,2
97,12,0,0,1
97,12,1,0,3
97,12,2,0,2
97,12,3,0,3
97,12,4,0,4
97,12,5,1,2
97,12,6,1,2
97,13,0,0,3
97,13,1,0,3
97,13,2,0,2
97,13,3,0,1
97,13,4,0,1
97,13,6,1,5
97,14,0,0,3
97,14,1,0,2
97,14,2,0,1
97,14,3,0,6
97,14,4,0,3
97,14,5,1,2
97,14,6,1,3
97,15,0,0,2
97,15,1,0,3
97,15,2,0,1
97,15,3,0,2
97,15,4,0,4
97,15,5,1,2
97,15,6,1,4
97,16,0,0,1
97,16,1,0,4
97,16,2,0,4
97,16,3,0,3
97,16,4,0,2
97,16,5,1,4
97,16,6,1,2
97,17,0,0,2
97,17,2,0,3
97,17,3,0,2
97,17,4,0,3
97,17,6,1,3
97,18,0,0,1
97,18,1,0,1
97,18,3,0,5
97,18,4,0,3
97,18,5,1,2
97,19,0,0,1
97,19,1,0,3
97,19,2,0,3
97,19,3,0,2
97,19,4,0,5
97,19,5,1,2
97,19,6,1,1
97,20,0,0,1
97,20,1,0,3
97,20,2,0,3
97,20,3,0,2
97,20,4,0,2
97,20,5,1,2
97,20,6,1,3
97,21,0,0,3
97,21,1,0,6
97,21,3,0,1
97,21,4,0,5
97,21,5,1,1
97,22,0,0,1
97,22,1,0,6
97,22,2,0,3
97,22,3,0,4
97,22,4,0,3
97,22,5,1,2
97,22,6,1,1
97,23,0,0,3
97,23,1,0,2
97,23,2,0,7
97,23,3,0,1
97,23,4,0,5
97,23,5,1,2
97,23,6,1,6
98,5,6,1,1
98,6,4,0,1
98,8,1,0,1
98,8,5,1,1
98,9,4,0,1
98,9,5,1,1
98,10,0,0,1
98,10,4,0,1
98,11,0,0,1
98,11,3,0,1
98,12,5,1,1
98,12,6,1,1
98,13,0,0,1
98,13,1,0,1
98,13,3,0,1
98,13,4,0,1
98,15,1,0,1
98,15,6,1,1
98,17,3,0,1
98,18,0,0,1
100,0,0,0,31
100,0,1,0,48
100,0,2,0,39
100,0,3,0,47
100,0,4,0,68
100,0,5,1,78
100,0,6,1,103
100,1,0,0,18
100,1,1,0,22
100,1,2,0,18
100,1,3,0,16
100,1,4,0,31
100,1,5,1,58
100,1,6,1,70
100,2,0,0,12
100,2,1,0,5
100,2,2,0,14
100,2,3,0,8
100,2,4,0,23
100,2,5,1,35
100,2,6,1,39
100,3,0,0,8
100,3,1,0,6
100,3,2,0,16
100,3,3,0,5
100,3,4,0,14
100,3,5,1,29
100,3,6,1,42
100,4,0,0,15
100,4,1,0,6
100,4,2,0,11
100,4,3,0,11
100,4,4,0,13
100,4,5,1,20
100,4,6,1,24
100,5,0,0,58
100,5,1,0,61
100,5,2,0,73
100,5,3,0,57
100,5,4,0,61
100,5,5,1,20
100,5,6,1,21
100,6,0,0,127
100,6,1,0,131
100,6,2,0,141
100,6,3,0,163
100,6,4,0,107
100,6,5,1,46
100,6,6,1,23
100,7,0,0,96
100,7,1,0,121
100,7,2,0,134
100,7,3,0,128
100,7,4,0,91
100,7,5,1,32
100,7,6,1,34
100,8,0,0,111
100,8,1,0,111
100,8,2,0,104
100,8,3,0,117
100,8,4,0,81
100,8,5,1,41
100,8,6,1,47
100,9,0,0,99
100,9,1,0,99
100,9,2,0,119
100,9,3,0,130
100,9,4,0,102
100,9,5,1,85
100,9,6,1,61
100,10,0,0,109
100,10,1,0,112
100,10,2,0,90
100,10,3,0,98
100,10,4,0,79
100,10,5,1,105
100,10,6,1,90
100,11,0,0,81
100,11,1,0,123
100,11,2,0,125
100,11,3,0,105
100,11,4,0,97
100,11,5,1,101
100,11,6,1,93
100,12,0,0,92
100,12,1,0,106
100,12,2,0,116
100,12,3,0,129
100,12,4,0,94
100,12,5,1,127
100,12,6,1,99
100,13,0,0,105
100,13,1,0,130
100,13,2,0,124
100,13,3,0,118
100,13,4,0,104
100,13,5,1,145
100,13,6,1,111
100,14,0,0,114
100,14,1,0,123
100,14,2,0,145
100,14,3,0,129
100,14,4,0,120
100,14,5,1,140
100,14,6,1,105
100,15,0,0,121
100,15,1,0,124
100,15,2,0,134
100,15,3,0,133
100,15,4,0,139
100,15,5,1,141
100,15,6,1,111
100,16,0,0,126
100,16,1,0,144
100,16,2,0,164
100,16,3,0,152
100,16,4,0,128
100,16,5,1,160
100,16,6,1,107
100,17,0,0,131
100,17,1,0,174
100,17,2,0,174
100,17,3,0,194
100,17,4,0,159
100,17,5,1,182
100,17,6,1,95
100,18,0,0,167
100,18,1,0,163
100,18,2,0,194
100,18,3,0,233
100,18,4,0,149
100,18,5,1,145
100,18,6,1,110
100,19,0,0,95
100,19,1,0,169
100,19,2,0,178
100,19,3,0,191
100,19,4,0,132
100,19,5,1,118
100,19,6,1,98
100,20,0,0,116
100,20,1,0,124
100,20,2,0,158
100,20,3,0,158
100,20,4,0,116
100,20,5,1,97
100,20,6,1,85
100,21,0,0,92
100,21,1,0,136
100,21,2,0,144
100,21,3,0,154
100,21,4,0,116
100,21,5,1,118
100,21,6,1,68
100,22,0,0,96
100,22,1,0,122
100,22,2,0,118
100,22,3,0,152
100,22,4,0,156
100,22,5,1,126
100,22,6,1,64
100,23,0,0,50
100,23,1,0,63
100,23,2,0,84
100,23,3,0,99
100,23,4,0,101
100,23,5,1,136
100,23,6,1,37
101,4,6,1,1
101,6,1,0,1
101,7,2,0,1
101,7,5,1,1
101,8,3,0,2
101,8,4,0,1
101,8,5,1,2
101,13,3,0,1
101,14,1,0,1
101,14,3,0,1
101,18,2,0,1
101,19,5,1,1
102,5,2,0,1
102,5,3,0,1
102,6,1,0,1
102,6,4,0,2
102,6,5,1,1
102,7,1,0,1
102,7,2,0,2
102,7,4,0,1
102,9,2,0,1
102,10,5,1,1
102,13,0,0,1
102,13,2,0,1
102,13,3,0,1
102,17,3,0,1
105,15,1,0,1
106,0,2,0,1
106,0,6,1,1
106,4,6,1,1
106,5,2,0,1
106,5,4,0,1
106,7,1,0,1
106,10,0,0,1
106,10,2,0,1
106,10,6,1,1
106,11,1,0,1
106,11,3,0,1
106,11,5,1,3
106,12,3,0,1
106,13,6,1,1
106,14,1,0,1
106,14,2,0,1
106,14,3,0,1
106,14,4,0,1
106,14,5,1,1
106,15,2,0,1
106,16,3,0,1
106,16,4,0,1
106,17,0,0,1
106,17,1,0,1
106,17,6,1,1
106,18,2,0,1
106,19,6,1,1
106,20,3,0,1
106,20,5,1,1
106,21,5,1,1
106,22,5,1,1
106,23,3,0,1
107,0,0,0,43
107,0,1,0,25
107,0,2,0,38
107,0,3,0,54
107,0,4,0,76
107,0,5,1,197
107,0,6,1,197
107,1,0,0,26
107,1,1,0,10
107,1,2,0,16
107,1,3,0,13
107,1,4,0,45
107,1,5,1,167
107,1,6,1,197
107,2,0,0,53
107,2,1,0,4
107,2,2,0,5
107,2,3,0,15
107,2,4,0,28
107,2,5,1,113
107,2,6,1,133
107,3,0,0,31
107,3,1,0,4
107,3,2,0,9
107,3,3,0,6
107,3,4,0,6
107,3,5,1,74
107,3,6,1,75
107,4,0,0,18
107,4,1,0,3
107,4,2,0,4
107,4,3,0,13
107,4,4,0,14
107,4,5,1,27
107,4,6,1,38
107,5,0,0,12
107,5,1,0,14
107,5,2,0,14
107,5,3,0,10
107,5,4,0,12
107,5,5,1,23
107,5,6,1,22
107,6,0,0,53
107,6,1,0,46
107,6,2,0,57
107,6,3,0,52
107,6,4,0,47
107,6,5,1,25
107,6,6,1,22
107,7,0,0,87
107,7,1,0,113
107,7,2,0,131
107,7,3,0,125
107,7,4,0,95
107,7,5,1,50
107,7,6,1,32
107,8,0,0,132
107,8,1,0,168
107,8,2,0,176
107,8,3,0,171
107,8,4,0,148
107,8,5,1,64
107,8,6,1,45
107,9,0,0,102
107,9,1,0,167
107,9,2,0,196
107,9,3,0,202
107,9,4,0,143
107,9,5,1,102
107,9,6,1,86
107,10,0,0,138
107,10,1,0,136
107,10,2,0,150
107,10,3,0,150
107,10,4,0,133
107,10,5,1,132
107,10,6,1,106
107,11,0,0,102
107,11,1,0,124
107,11,2,0,130
107,11,3,0,140
107,11,4,0,135
107,11,5,1,180
107,11,6,1,146
107,12,0,0,121
107,12,1,0,124
107,12,2,0,154
107,12,3,0,136
107,12,4,0,116
107,12,5,1,197
107,12,6,1,125
107,13,0,0,110
107,13,1,0,142
107,13,2,0,155
107,13,3,0,164
107,13,4,0,126
107,13,5,1,178
107,13,6,1,171
107,14,0,0,125
107,14,1,0,151
107,14,2,0,183
107,14,3,0,155
107,14,4,0,178
107,14,5,1,162
107,14,6,1,158
107,15,0,0,130
107,15,1,0,133
107,15,2,0,179
107,15,3,0,152
107,15,4,0,142
107,15,5,1,169
107,15,6,1,136
107,16,0,0,121
107,16,1,0,128
107,16,2,0,179
107,16,3,0,173
107,16,4,0,147
107,16,5,1,178
107,16,6,1,122
107,17,0,0,123
107,17,1,0,154
107,17,2,0,164
107,17,3,0,180
107,17,4,0,189
107,17,5,1,189
107,17,6,1,131
107,18,0,0,173
107,18,1,0,166
107,18,2,0,234
107,18,3,0,212
107,18,4,0,223
107,18,5,1,215
107,18,6,1,156
107,19,0,0,139
107,19,1,0,171
107,19,2,0,199
107,19,3,0,231
107,19,4,0,236
107,19,5,1,211
107,19,6,1,114
107,20,0,0,126
107,20,1,0,165
107,20,2,0,211
107,20,3,0,212
107,20,4,0,209
107,20,5,1,189
107,20,6,1,105
107,21,0,0,120
107,21,1,0,165
107,21,2,0,203
107,21,3,0,186
107,21,4,0,192
107,21,5,1,200
107,21,6,1,97
107,22,0,0,86
107,22,1,0,118
107,22,2,0,178
107,22,3,0,243
107,22,4,0,225
107,22,5,1,225
107,22,6,1,91
107,23,0,0,50
107,23,1,0,74
107,23,2,0,101
107,23,3,0,162
107,23,4,0,196
107,23,5,1,241
107,23,6,1,85
108,4,6,1,1
108,5,3,0,1
108,6,1,0,2
108,6,3,0,1
108,6,4,0,1
108,7,0,0,1
108,7,1,0,1
108,7,2,0,2
108,7,3,0,1
108,7,4,0,1
108,8,0,0,1
108,8,1,0,1
108,8,2,0,2
108,8,3,0,1
108,8,4,0,1
108,8,6,1,2
108,9,1,0,1
108,9,3,0,2
108,9,4,0,1
108,10,2,0,1
108,10,3,0,1
108,11,1,0,3
108,11,4,0,1
108,12,4,0,2
108,13,0,0,1
108,13,2,0,1
108,13,3,0,1
108,14,5,1,1
108,15,1,0,2
108,15,3,0,1
108,15,4,0,1
108,17,0,0,1
108,17,2,0,1
108,18,1,0,1
108,19,5,1,1
111,10,6,1,1
112,0,0,0,1
112,0,2,0,3
112,0,4,0,1
112,0,5,1,6
112,0,6,1,1
112,1,0,0,1
112,1,2,0,1
112,1,5,1,3
112,1,6,1,1
112,2,0,0,3
112,2,3,0,1
112,2,4,0,1
112,2,5,1,4
112,2,6,1,1
112,4,5,1,2
112,5,0,0,1
112,6,4,0,2
112,7,6,1,1
112,8,1,0,1
112,8,4,0,1
112,8,6,1,1
112,9,0,0,1
112,9,3,0,1
112,10,3,0,2
112,11,0,0,1
112,11,1,0,1
112,11,3,0,1
112,11,4,0,2
112,11,6,1,1
112,12,1,0,1
112,12,2,0,1
112,12,3,0,1
112,12,5,1,1
112,13,0,0,1
112,13,2,0,1
112,13,4,0,1
112,13,5,1,1
112,13,6,1,1
112,14,1,0,2
112,14,3,0,1
112,14,4,0,2
112,14,5,1,1
112,15,4,0,1
112,15,6,1,1
112,16,1,0,1
112,16,3,0,1
112,16,5,1,3
112,16,6,1,1
112,17,5,1,1
112,17,6,1,1
112,18,4,0,1
112,19,2,0,1
112,19,6,1,1
112,20,0,0,1
112,20,4,0,2
112,20,5,1,1
112,21,2,0,1
112,21,3,0,2
112,21,4,0,1
112,21,6,1,1
112,22,2,0,2
112,22,3,0,4
112,23,0,0,1
112,23,1,0,1
112,23,2,0,1
112,23,3,0,1
112,23,4,0,1
112,23,5,1,3
112,23,6,1,1
113,0,0,0,23
113,0,1,0,15
113,0,2,0,20
113,0,3,0,34
113,0,4,0,69
113,0,5,1,172
113,0,6,1,151
113,1,0,0,9
113,1,1,0,6
113,1,2,0,12
113,1,3,0,19
113,1,4,0,36
113,1,5,1,139
113,1,6,1,170
113,2,0,0,13
113,2,1,0,1
113,2,2,0,2
113,2,3,0,6
113,2,4,0,13
113,2,5,1,110
113,2,6,1,110
113,3,0,0,16
113,3,2,0,2
113,3,3,0,4
113,3,4,0,8
113,3,5,1,53
113,3,6,1,72
113,4,0,0,1
113,4,2,0,1
113,4,3,0,2
113,4,5,1,18
113,4,6,1,11
113,5,0,0,4
113,5,2,0,4
113,5,3,0,3
113,5,4,0,2
113,5,5,1,5
113,6,0,0,11
113,6,1,0,10
113,6,2,0,10
113,6,3,0,15
113,6,4,0,11
113,6,5,1,9
113,6,6,1,4
113,7,0,0,42
113,7,1,0,51
113,7,2,0,53
113,7,3,0,50
113,7,4,0,31
113,7,5,1,7
113,7,6,1,9
113,8,0,0,67
113,8,1,0,79
113,8,2,0,100
113,8,3,0,84
113,8,4,0,68
113,8,5,1,26
113,8,6,1,18
113,9,0,0,79
113,9,1,0,87
113,9,2,0,80
113,9,3,0,110
113,9,4,0,92
113,9,5,1,54
113,9,6,1,44
113,10,0,0,68
113,10,1,0,93
113,10,2,0,93
113,10,3,0,73
113,10,4,0,88
113,10,5,1,79
113,10,6,1,57
113,11,0,0,78
113,11,1,0,79
113,11,2,0,105
113,11,3,0,111
113,11,4,0,102
113,11,5,1,120
113,11,6,1,92
113,12,0,0,79
113,12,1,0,95
113,12,2,0,88
113,12,3,0,112
113,12,4,0,87
113,12,5,1,125
113,12,6,1,106
113,13,0,0,71
113,13,1,0,99
113,13,2,0,105
113,13,3,0,117
113,13,4,0,105
113,13,5,1,160
113,13,6,1,128
113,14,0,0,105
113,14,1,0,98
113,14,2,0,121
113,14,3,0,116
113,14,4,0,115
113,14,5,1,149
113,14,6,1,117
113,15,0,0,119
113,15,1,0,115
113,15,2,0,88
113,15,3,0,133
113,15,4,0,139
113,15,5,1,162
113,15,6,1,121
113,16,0,0,101
113,16,1,0,107
113,16,2,0,127
113,16,3,0,122
113,16,4,0,115
113,16,5,1,157
113,16,6,1,120
113,17,0,0,124
113,17,1,0,124
113,17,2,0,114
113,17,3,0,129
113,17,4,0,146
113,17,5,1,160
113,17,6,1,141
113,18,0,0,102
113,18,1,0,144
113,18,2,0,142
113,18,3,0,164
113,18,4,0,130
113,18,5,1,173
113,18,6,1,116
113,19,0,0,94
113,19,1,0,109
113,19,2,0,149
113,19,3,0,153
113,19,4,0,139
113,19,5,1,172
113,19,6,1,89
113,20,0,0,118
113,20,1,0,141
113,20,2,0,183
113,20,3,0,151
113,20,4,0,149
113,20,5,1,183
113,20,6,1,94
113,21,0,0,108
113,21,1,0,143
113,21,2,0,159
113,21,3,0,170
113,21,4,0,135
113,21,5,1,175
113,21,6,1,89
113,22,0,0,77
113,22,1,0,110
113,22,2,0,131
113,22,3,0,157
113,22,4,0,194
113,22,5,1,186
113,22,6,1,73
113,23,0,0,25
113,23,1,0,55
113,23,2,0,74
113,23,3,0,101
113,23,4,0,171
113,23,5,1,176
113,23,6,1,39
114,0,0,0,89
114,0,1,0,53
114,0,2,0,61
114,0,3,0,106
114,0,4,0,166
114,0,5,1,425
114,0,6,1,428
114,1,0,0,41
114,1,1,0,28
114,1,2,0,31
114,1,3,0,37
114,1,4,0,125
114,1,5,1,514
114,1,6,1,464
114,2,0,0,40
114,2,1,0,12
114,2,2,0,20
114,2,3,0,21
114,2,4,0,68
114,2,5,1,386
114,2,6,1,361
114,3,0,0,26
114,3,1,0,6
114,3,2,0,5
114,3,3,0,5
114,3,4,0,16
114,3,5,1,204
114,3,6,1,206
114,4,0,0,8
114,4,2,0,2
114,4,3,0,9
114,4,4,0,9
114,4,5,1,35
114,4,6,1,48
114,5,0,0,2
114,5,2,0,4
114,5,3,0,2
114,5,5,1,4
114,5,6,1,1
114,6,0,0,9
114,6,1,0,3
114,6,2,0,5
114,6,3,0,7
114,6,4,0,7
114,6,5,1,6
114,6,6,1,5
114,7,0,0,17
114,7,1,0,15
114,7,2,0,20
114,7,3,0,19
114,7,4,0,8
114,7,5,1,5
114,7,6,1,7
114,8,0,0,21
114,8,1,0,25
114,8,2,0,23
114,8,3,0,40
114,8,4,0,13
114,8,5,1,14
114,8,6,1,6
114,9,0,0,21
114,9,1,0,35
114,9,2,0,42
114,9,3,0,36
114,9,4,0,31
114,9,5,1,21
114,9,6,1,15
114,10,0,0,28
114,10,1,0,43
114,10,2,0,31
114,10,3,0,35
114,10,4,0,28
114,10,5,1,35
114,10,6,1,17
114,11,0,0,29
114,11,1,0,42
114,11,2,0,40
114,11,3,0,44
114,11,4,0,50
114,11,5,1,43
114,11,6,1,36
114,12,0,0,42
114,12,1,0,42
114,12,2,0,44
114,12,3,0,38
114,12,4,0,55
114,12,5,1,75
114,12,6,1,53
114,13,0,0,44
114,13,1,0,40
114,13,2,0,59
114,13,3,0,70
114,13,4,0,59
114,13,5,1,83
114,13,6,1,61
114,14,0,0,49
114,14,1,0,51
114,14,2,0,49
114,14,3,0,63
114,14,4,0,72
114,14,5,1,83
114,14,6,1,91
114,15,0,0,49
114,15,1,0,53
114,15,2,0,60
114,15,3,0,66
114,15,4,0,66
114,15,5,1,123
114,15,6,1,77
114,16,0,0,50
114,16,1,0,63
114,16,2,0,69
114,16,3,0,76
114,16,4,0,69
114,16,5,1,137
114,16,6,1,110
114,17,0,0,50
114,17,1,0,66
114,17,2,0,75
114,17,3,0,90
114,17,4,0,92
114,17,5,1,129
114,17,6,1,102
114,18,0,0,62
114,18,1,0,79
114,18,2,0,102
114,18,3,0,120
114,18,4,0,106
114,18,5,1,179
114,18,6,1,99
114,19,0,0,69
114,19,1,0,84
114,19,2,0,106
114,19,3,0,99
114,19,4,0,130
114,19,5,1,198
114,19,6,1,80
114,20,0,0,104
114,20,1,0,95
114,20,2,0,133
114,20,3,0,159
114,20,4,0,137
114,20,5,1,200
114,20,6,1,95
114,21,0,0,100
114,21,1,0,160
114,21,2,0,158
114,21,3,0,168
114,21,4,0,199
114,21,5,1,253
114,21,6,1,107
114,22,0,0,83
114,22,1,0,119
114,22,2,0,159
114,22,3,0,195
114,22,4,0,247
114,22,5,1,283
114,22,6,1,90
114,23,0,0,73
114,23,1,0,110
114,23,2,0,117
114,23,3,0,227
114,23,4,0,348
114,23,5,1,341
114,23,6,1,90
115,9,4,0,1
116,0,4,0,2
116,0,5,1,1
116,0,6,1,8
116,1,0,0,5
116,1,2,0,1
116,1,6,1,1
116,2,0,0,1
116,2,2,0,2
116,2,5,1,2
116,2,6,1,1
116,3,0,0,3
116,3,6,1,2
116,4,0,0,1
116,4,3,0,1
116,4,5,1,1
116,4,6,1,3
116,5,0,0,2
116,5,1,0,3
116,5,2,0,1
116,5,3,0,1
116,5,4,0,4
116,5,6,1,4
116,6,0,0,3
116,6,1,0,2
116,6,2,0,4
116,6,3,0,3
116,6,4,0,5
116,6,5,1,2
116,6,6,1,3
116,7,0,0,9
116,7,1,0,13
116,7,2,0,10
116,7,3,0,12
116,7,4,0,15
116,7,5,1,3
116,7,6,1,2
116,8,0,0,9
116,8,1,0,9
116,8,2,0,10
116,8,3,0,12
116,8,4,0,12
116,8,5,1,6
116,8,6,1,4
116,9,0,0,6
116,9,1,0,3
116,9,2,0,9
116,9,3,0,4
116,9,4,0,7
116,9,5,1,5
116,9,6,1,5
116,10,0,0,4
116,10,1,0,3
116,10,2,0,5
116,10,3,0,5
116,10,4,0,7
116,10,5,1,6
116,10,6,1,4
116,11,0,0,5
116,11,1,0,9
116,11,2,0,8
116,11,3,0,3
116,11,4,0,2
116,11,5,1,8
116,11,6,1,3
116,12,0,0,3
116,12,1,0,4
116,12,2,0,6
116,12,3,0,6
116,12,4,0,5
116,12,5,1,4
116,12,6,1,6
116,13,0,0,2
116,13,1,0,3
116,13,2,0,2
116,13,3,0,7
116,13,4,0,5
116,13,5,1,6
116,13,6,1,6
116,14,0,0,1
116,14,1,0,7
116,14,2,0,5
116,14,3,0,3
116,14,4,0,2
116,14,5,1,5
116,14,6,1,5
116,15,0,0,1
116,15,1,0,2
116,15,2,0,4
116,15,3,0,6
116,15,4,0,10
116,15,5,1,4
116,15,6,1,2
116,16,0,0,2
116,16,1,0,3
116,16,2,0,4
116,16,3,0,5
116,16,4,0,5
116,16,5,1,6
116,16,6,1,5
116,17,0,0,3
116,17,1,0,4
116,17,2,0,5
116,17,3,0,7
116,17,4,0,5
116,17,5,1,4
116,17,6,1,3
116,18,0,0,2
116,18,1,0,3
116,18,2,0,1
116,18,3,0,8
116,18,4,0,6
116,18,5,1,4
116,18,6,1,4
116,19,0,0,2
116,19,1,0,2
116,19,2,0,1
116,19,3,0,1
116,19,4,0,3
116,19,5,1,2
116,19,6,1,4
116,20,2,0,3
116,20,3,0,1
116,20,4,0,3
116,20,5,1,1
116,20,6,1,1
116,21,0,0,1
116,21,1,0,2
116,21,2,0,1
116,21,3,0,2
116,22,0,0,2
116,22,1,0,3
116,22,2,0,2
116,22,3,0,4
116,22,6,1,3
116,23,1,0,2
116,23,2,0,1
116,23,3,0,2
116,23,4,0,1
116,23,5,1,5
116,23,6,1,3
117,4,0,0,1
117,4,4,0,2
117,5,0,0,1
117,5,2,0,2
117,5,5,1,1
117,6,0,0,1
117,6,1,0,3
117,6,2,0,2
117,6,3,0,1
117,6,4,0,1
117,6,6,1,1
117,7,0,0,3
117,7,1,0,1
117,7,2,0,6
117,7,3,0,1
117,7,4,0,5
117,8,0,0,3
117,8,1,0,1
117,8,3,0,2
117,8,4,0,1
117,8,5,1,2
117,9,0,0,1
117,9,1,0,2
117,9,4,0,1
117,9,5,1,2
117,10,1,0,1
117,10,3,0,1
117,10,4,0,2
117,11,0,0,2
117,11,1,0,1
117,11,3,0,1
117,11,5,1,1
117,11,6,1,1
117,12,4,0,2
117,12,6,1,3
117,13,0,0,1
117,13,2,0,1
117,13,3,0,1
117,13,4,0,2
117,13,5,1,1
117,14,0,0,1
117,14,5,1,1
117,15,6,1,1
117,16,0,0,1
117,16,2,0,1
118,4,0,0,1
119,0,3,0,1
119,4,2,0,2
119,5,1,0,1
119,5,2,0,1
119,6,2,0,1
119,7,0,0,2
119,7,1,0,2
119,8,1,0,1
119,8,2,0,1
119,8,5,1,1
119,9,0,0,4
119,9,1,0,1
119,9,2,0,1
119,9,3,0,2
119,9,4,0,3
119,10,1,0,1
119,10,3,0,1
119,10,5,1,1
119,10,6,1,1
119,11,2,0,2
119,11,4,0,3
119,11,6,1,2
119,12,0,0,3
119,12,1,0,1
119,12,2,0,1
119,12,3,0,2
119,12,5,1,2
119,12,6,1,1
119,13,1,0,2
119,13,6,1,1
119,15,4,0,1
119,15,6,1,1
119,17,1,0,1
119,18,3,0,1
119,19,0,0,1
119,23,4,0,1
119,23,5,1,1
120,11,5,1,1
120,12,3,0,1
120,14,2,0,1
120,16,1,0,1
121,4,3,0,1
121,4,4,0,1
121,5,3,0,2
121,6,0,0,1
121,7,0,0,4
121,7,1,0,1
121,7,2,0,3
121,7,4,0,1
121,8,2,0,1
121,8,3,0,1
121,8,4,0,2
121,9,4,0,1
121,9,5,1,1
121,10,0,0,1
121,10,2,0,1
121,10,4,0,1
121,10,5,1,1
121,11,1,0,1
121,11,2,0,4
121,11,3,0,2
121,11,4,0,1
121,12,1,0,1
121,12,2,0,5
121,12,3,0,1
121,12,4,0,2
121,13,0,0,1
121,13,1,0,2
121,13,4,0,1
121,13,5,1,1
121,14,1,0,1
121,14,2,0,2
121,14,4,0,2
121,15,1,0,1
121,15,2,0,1
121,15,3,0,1
121,15,5,1,1
121,16,0,0,1
121,16,1,0,1
121,16,6,1,1
121,17,1,0,2
121,17,3,0,1
121,17,4,0,2
121,17,6,1,1
121,18,2,0,1
121,19,0,0,1
121,19,5,1,1
121,20,5,1,1
122,0,4,0,1
122,5,4,0,1
122,6,0,0,1
122,6,3,0,3
122,6,4,0,1
122,6,5,1,1
122,7,6,1,1
122,8,2,0,1
122,9,2,0,1
122,10,0,0,1
122,12,2,0,1
122,12,4,0,1
122,13,3,0,1
122,13,6,1,1
122,14,0,0,1
122,14,2,0,1
122,15,3,0,1
122,15,6,1,1
122,19,5,1,1
123,4,4,0,1
123,5,1,0,1
123,5,2,0,2
123,6,3,0,1
123,7,3,0,1
123,8,0,0,1
123,8,1,0,2
123,8,2,0,2
123,8,3,0,2
123,8,4,0,1
123,9,3,0,1
123,9,4,0,1
123,10,4,0,3
123,11,0,0,1
123,11,1,0,2
123,11,2,0,1
123,11,3,0,1
123,12,0,0,1
123,12,1,0,2
123,12,2,0,1
123,12,3,0,1
123,12,4,0,1
123,13,4,0,1
123,13,5,1,1
123,14,1,0,1
123,14,3,0,1
123,15,1,0,1
123,15,2,0,2
123,15,3,0,1
123,15,4,0,1
123,16,2,0,1
123,18,0,0,1
123,18,1,0,1
123,19,3,0,1
123,20,0,0,1
123,20,2,0,1
123,20,3,0,1
123,23,1,0,1
124,1,4,0,1
124,5,0,0,2
124,6,0,0,1
124,6,1,0,2
124,7,3,0,2
124,7,5,1,1
124,8,1,0,1
124,9,2,0,1
124,9,6,1,1
124,10,1,0,1
124,10,4,0,1
124,12,0,0,1
124,12,1,0,1
124,12,4,0,1
124,13,5,1,1
124,14,3,0,1
124,14,5,1,1
124,15,4,0,1
124,15,5,1,1
124,16,3,0,1
124,16,4,0,2
124,17,1,0,1
124,17,4,0,1
124,18,5,1,1
124,18,6,1,1
124,19,3,0,1
124,20,3,0,1
124,21,6,1,1
124,22,6,1,1
124,23,1,0,1
125,0,0,0,11
125,0,1,0,4
125,0,2,0,9
125,0,3,0,14
125,0,4,0,22
125,0,5,1,51
125,0,6,1,52
125,1,0,0,7
125,1,1,0,2
125,1,2,0,3
125,1,3,0,15
125,1,4,0,20
125,1,5,1,52
125,1,6,1,48
125,2,0,0,15
125,2,1,0,2
125,2,2,0,1
125,2,3,0,17
125,2,4,0,20
125,2,5,1,37
125,2,6,1,34
125,3,0,0,14
125,3,3,0,7
125,3,4,0,14
125,3,5,1,38
125,3,6,1,39
125,4,0,0,8
125,4,1,0,1
125,4,2,0,1
125,4,3,0,8
125,4,4,0,8
125,4,5,1,21
125,4,6,1,22
125,5,0,0,3
125,5,1,0,2
125,5,5,1,5
125,5,6,1,2
125,6,0,0,5
125,6,1,0,4
125,6,2,0,2
125,6,3,0,4
125,6,4,0,7
125,6,5,1,6
125,6,6,1,1
125,7,0,0,20
125,7,1,0,22
125,7,2,0,23
125,7,3,0,23
125,7,4,0,20
125,7,5,1,4
125,7,6,1,4
125,8,0,0,24
125,8,1,0,35
125,8,2,0,31
125,8,3,0,23
125,8,4,0,33
125,8,5,1,15
125,8,6,1,9
125,9,0,0,24
125,9,1,0,26
125,9,2,0,36
125,9,3,0,37
125,9,4,0,32
125,9,5,1,22
125,9,6,1,12
125,10,0,0,18
125,10,1,0,33
125,10,2,0,29
125,10,3,0,39
125,10,4,0,23
125,10,5,1,25
125,10,6,1,19
125,11,0,0,23
125,11,1,0,28
125,11,2,0,33
125,11,3,0,29
125,11,4,0,26
125,11,5,1,30
125,11,6,1,33
125,12,0,0,30
125,12,1,0,41
125,12,2,0,26
125,12,3,0,29
125,12,4,0,29
125,12,5,1,32
125,12,6,1,40
125,13,0,0,30
125,13,1,0,37
125,13,2,0,27
125,13,3,0,36
125,13,4,0,27
125,13,5,1,40
125,13,6,1,49
125,14,0,0,34
125,14,1,0,31
125,14,2,0,45
125,14,3,0,38
125,14,4,0,33
125,14,5,1,41
125,14,6,1,43
125,15,0,0,39
125,15,1,0,39
125,15,2,0,36
125,15,3,0,40
125,15,4,0,33
125,15,5,1,55
125,15,6,1,35
125,16,0,0,33
125,16,1,0,34
125,16,2,0,42
125,16,3,0,38
125,16,4,0,31
125,16,5,1,54
125,16,6,1,37
125,17,0,0,35
125,17,1,0,50
125,17,2,0,38
125,17,3,0,49
125,17,4,0,41
125,17,5,1,52
125,17,6,1,37
125,18,0,0,34
125,18,1,0,38
125,18,2,0,59
125,18,3,0,68
125,18,4,0,39
125,18,5,1,54
125,18,6,1,34
125,19,0,0,29
125,19,1,0,48
125,19,2,0,37
125,19,3,0,66
125,19,4,0,38
125,19,5,1,42
125,19,6,1,22
125,20,0,0,30
125,20,1,0,36
125,20,2,0,50
125,20,3,0,61
125,20,4,0,46
125,20,5,1,53
125,20,6,1,20
125,21,0,0,34
125,21,1,0,37
125,21,2,0,40
125,21,3,0,57
125,21,4,0,44
125,21,5,1,49
125,21,6,1,26
125,22,0,0,26
125,22,1,0,39
125,22,2,0,60
125,22,3,0,69
125,22,4,0,60
125,22,5,1,62
125,22,6,1,19
125,23,0,0,8
125,23,1,0,19
125,23,2,0,23
125,23,3,0,40
125,23,4,0,37
125,23,5,1,46
125,23,6,1,13
126,5,2,0,1
126,6,1,0,1
126,6,4,0,1
126,7,2,0,1
126,7,4,0,1
126,9,1,0,1
126,9,2,0,1
126,9,3,0,1
126,9,6,1,2
126,11,0,0,1
126,11,1,0,1
126,11,2,0,1
126,11,4,0,1
126,11,6,1,1
126,12,0,0,1
126,12,2,0,2
126,13,3,0,1
126,13,6,1,1
126,14,2,0,2
126,15,2,0,2
126,15,5,1,2
127,0,5,1,1
127,1,5,1,1
127,4,6,1,1
127,5,2,0,1
127,7,1,0,2
127,7,6,1,1
127,8,0,0,2
127,8,3,0,1
127,8,6,1,1
127,9,0,0,1
127,9,1,0,2
127,9,4,0,1
127,10,0,0,1
127,10,1,0,2
127,10,3,0,1
127,10,4,0,1
127,11,2,0,2
127,11,3,0,1
127,12,1,0,1
127,12,2,0,1
127,12,4,0,1
127,12,5,1,1
127,12,6,1,1
127,13,3,0,1
127,13,6,1,1
127,14,0,0,2
127,14,1,0,2
127,14,2,0,1
127,14,4,0,2
127,14,6,1,1
127,15,0,0,1
127,15,1,0,1
127,15,2,0,1
127,15,3,0,1
127,15,6,1,1
127,16,1,0,1
127,16,4,0,1
127,17,4,0,1
127,18,5,1,1
127,19,1,0,1
127,20,3,0,1
127,22,2,0,1
127,23,2,0,2
128,8,1,0,1
128,12,2,0,1
128,14,1,0,1
128,17,4,0,1
129,0,1,0,1
129,0,3,0,2
129,0,5,1,2
129,1,6,1,1
129,2,4,0,1
129,2,5,1,1
129,2,6,1,3
129,3,0,0,1
129,3,2,0,2
129,3,5,1,3
129,4,1,0,1
129,4,3,0,1
129,4,6,1,3
129,5,3,0,2
129,5,4,0,1
129,5,5,1,1
129,5,6,1,2
129,6,5,1,1
129,7,0,0,1
129,7,1,0,1
129,7,2,0,1
129,7,3,0,3
129,7,4,0,2
129,8,0,0,2
129,8,1,0,1
129,8,2,0,2
129,8,3,0,3
129,8,4,0,3
129,8,5,1,1
129,9,0,0,1
129,9,1,0,1
129,9,3,0,2
129,9,4,0,2
129,9,5,1,2
129,9,6,1,2
129,10,0,0,1
129,10,1,0,3
129,10,2,0,3
129,10,3,0,3
129,10,4,0,2
129,10,5,1,2
129,10,6,1,2
129,11,0,0,5
129,11,1,0,2
129,11,2,0,2
129,11,3,0,5
129,11,4,0,4
129,11,5,1,1
129,12,0,0,1
129,12,2,0,1
129,12,3,0,2
129,12,4,0,1
129,12,5,1,3
129,12,6,1,1
129,13,0,0,3
129,13,2,0,2
129,13,3,0,1
129,13,4,0,3
129,14,0,0,2
129,14,2,0,4
129,14,3,0,3
129,14,4,0,3
129,14,5,1,1
129,15,1,0,4
129,15,2,0,2
129,15,4,0,4
129,15,5,1,1
129,15,6,1,1
129,16,2,0,1
129,16,3,0,1
129,16,6,1,2
129,17,2,0,2
129,17,3,0,2
129,17,5,1,2
129,18,1,0,1
129,18,2,0,2
129,18,3,0,1
129,18,4,0,1
129,18,6,1,1
129,19,1,0,1
129,19,2,0,2
129,21,1,0,1
129,21,2,0,2
129,21,4,0,2
129,21,6,1,1
129,22,0,0,1
129,22,3,0,1
129,22,4,0,1
129,22,5,1,1
129,22,6,1,2
129,23,0,0,2
129,23,2,0,3
129,23,3,0,1
129,23,4,0,3
129,23,5,1,1
129,23,6,1,1
130,0,0,0,1
130,0,1,0,2
130,0,2,0,2
130,0,3,0,2
130,0,4,0,1
130,0,6,1,2
130,1,1,0,2
130,1,2,0,1
130,1,3,0,2
130,1,6,1,2
130,3,2,0,1
130,3,6,1,1
130,4,3,0,2
130,4,4,0,1
130,5,0,0,1
130,5,2,0,2
130,5,3,0,1
130,5,4,0,1
130,5,6,1,1
130,6,0,0,4
130,6,2,0,3
130,6,3,0,2
130,6,4,0,1
130,6,6,1,2
130,7,2,0,2
130,7,3,0,2
130,7,4,0,1
130,7,5,1,2
130,8,1,0,1
130,8,2,0,2
130,8,3,0,1
130,8,4,0,1
130,8,5,1,3
130,8,6,1,6
130,9,0,0,1
130,9,1,0,1
130,9,3,0,2
130,9,4,0,2
130,9,5,1,3
130,9,6,1,3
130,10,0,0,2
130,10,2,0,1
130,10,3,0,2
130,10,5,1,2
130,10,6,1,1
130,11,0,0,1
130,11,1,0,1
130,11,2,0,2
130,11,4,0,1
130,11,5,1,2
130,11,6,1,6
130,12,0,0,3
130,12,1,0,2
130,12,2,0,2
130,12,3,0,1
130,12,4,0,2
130,12,5,1,1
130,12,6,1,3
130,13,0,0,1
130,13,1,0,1
130,13,2,0,2
130,13,4,0,4
130,13,5,1,1
130,13,6,1,2
130,14,0,0,2
130,14,3,0,1
130,14,4,0,5
130,14,5,1,1
130,14,6,1,2
130,15,0,0,1
130,15,1,0,1
130,15,3,0,1
130,15,4,0,3
130,15,5,1,5
130,16,0,0,3
130,16,1,0,2
130,16,2,0,5
130,16,3,0,5
130,16,4,0,1
130,16,6,1,2
130,17,0,0,1
130,17,1,0,1
130,17,2,0,2
130,17,3,0,1
130,17,5,1,3
130,17,6,1,1
130,18,0,0,2
130,18,1,0,1
130,18,2,0,1
130,18,4,0,3
130,18,6,1,1
130,19,0,0,2
130,19,2,0,2
130,19,3,0,1
130,19,4,0,1
130,19,5,1,1
130,19,6,1,1
130,20,0,0,1
130,20,1,0,1
130,20,2,0,1
130,20,5,1,1
130,21,0,0,4
130,21,1,0,1
130,21,2,0,1
130,21,3,0,2
130,21,5,1,1
130,21,6,1,3
130,22,0,0,1
130,22,1,0,2
130,22,2,0,1
130,22,5,1,1
130,23,1,0,2
130,23,3,0,1
130,23,5,1,2
130,23,6,1,1
131,2,5,1,1
131,5,4,0,1
131,6,0,0,1
131,6,1,0,2
131,6,2,0,2
131,6,4,0,1
131,7,1,0,2
131,7,2,0,2
131,7,4,0,1
131,7,6,1,2
131,8,0,0,1
131,8,4,0,1
131,8,5,1,1
131,9,1,0,1
131,9,3,0,1
131,9,4,0,2
131,9,6,1,1
131,10,2,0,2
131,10,4,0,1
131,11,2,0,2
131,11,4,0,1
131,11,5,1,1
131,12,0,0,2
131,12,1,0,3
131,13,0,0,2
131,13,1,0,2
131,13,3,0,2
131,13,4,0,2
131,14,0,0,1
131,14,3,0,2
131,14,4,0,1
131,14,6,1,1
131,15,0,0,1
131,15,2,0,1
131,15,3,0,1
131,15,4,0,1
131,19,5,1,1
132,0,0,0,293
132,0,1,0,352
132,0,2,0,290
132,0,3,0,283
132,0,4,0,274
132,0,5,1,240
132,0,6,1,244
132,1,0,0,167
132,1,1,0,129
132,1,2,0,77
132,1,3,0,68
132,1,4,0,112
132,1,5,1,82
132,1,6,1,126
132,2,0,0,65
132,2,1,0,56
132,2,2,0,48
132,2,3,0,20
132,2,4,0,26
132,2,5,1,20
132,2,6,1,32
132,3,0,0,34
132,3,1,0,24
132,3,2,0,34
132,3,3,0,19
132,3,4,0,22
132,3,5,1,25
132,3,6,1,27
132,4,0,0,40
132,4,1,0,34
132,4,2,0,29
132,4,3,0,19
132,4,4,0,15
132,4,5,1,22
132,4,6,1,27
132,5,0,0,96
132,5,1,0,105
132,5,2,0,114
132,5,3,0,100
132,5,4,0,73
132,5,5,1,64
132,5,6,1,87
132,6,0,0,284
132,6,1,0,247
132,6,2,0,207
132,6,3,0,185
132,6,4,0,220
132,6,5,1,148
132,6,6,1,181
132,7,0,0,317
132,7,1,0,279
132,7,2,0,210
132,7,3,0,222
132,7,4,0,253
132,7,5,1,204
132,7,6,1,187
132,8,0,0,190
132,8,1,0,195
132,8,2,0,144
132,8,3,0,167
132,8,4,0,197
132,8,5,1,169
132,8,6,1,166
132,9,0,0,205
132,9,1,0,182
132,9,2,0,136
132,9,3,0,152
132,9,4,0,164
132,9,5,1,157
132,9,6,1,191
132,10,0,0,211
132,10,1,0,193
132,10,2,0,171
132,10,3,0,214
132,10,4,0,178
132,10,5,1,152
132,10,6,1,231
132,11,0,0,186
132,11,1,0,169
132,11,2,0,164
132,11,3,0,150
132,11,4,0,157
132,11,5,1,149
132,11,6,1,181
132,12,0,0,245
132,12,1,0,201
132,12,2,0,188
132,12,3,0,238
132,12,4,0,205
132,12,5,1,162
132,12,6,1,262
132,13,0,0,335
132,13,1,0,341
132,13,2,0,313
132,13,3,0,280
132,13,4,0,289
132,13,5,1,243
132,13,6,1,351
132,14,0,0,467
132,14,1,0,370
132,14,2,0,359
132,14,3,0,353
132,14,4,0,345
132,14,5,1,363
132,14,6,1,410
132,15,0,0,509
132,15,1,0,414
132,15,2,0,412
132,15,3,0,456
132,15,4,0,445
132,15,5,1,402
132,15,6,1,508
132,16,0,0,587
132,16,1,0,485
132,16,2,0,492
132,16,3,0,492
132,16,4,0,500
132,16,5,1,425
132,16,6,1,580
132,17,0,0,467
132,17,1,0,460
132,17,2,0,466
132,17,3,0,439
132,17,4,0,438
132,17,5,1,375
132,17,6,1,486
132,18,0,0,476
132,18,1,0,363
132,18,2,0,385
132,18,3,0,388
132,18,4,0,412
132,18,5,1,367
132,18,6,1,463
132,19,0,0,515
132,19,1,0,380
132,19,2,0,408
132,19,3,0,419
132,19,4,0,383
132,19,5,1,475
132,19,6,1,586
132,20,0,0,478
132,20,1,0,398
132,20,2,0,392
132,20,3,0,455
132,20,4,0,400
132,20,5,1,379
132,20,6,1,499
132,21,0,0,527
132,21,1,0,420
132,21,2,0,406
132,21,3,0,428
132,21,4,0,397
132,21,5,1,381
132,21,6,1,554
132,22,0,0,500
132,22,1,0,409
132,22,2,0,433
132,22,3,0,470
132,22,4,0,416
132,22,5,1,449
132,22,6,1,615
132,23,0,0,511
132,23,1,0,357
132,23,2,0,377
132,23,3,0,386
132,23,4,0,383
132,23,5,1,414
132,23,6,1,582
133,4,6,1,1
133,6,1,0,1
133,6,4,0,1
133,6,6,1,1
133,7,1,0,1
133,7,4,0,1
133,7,6,1,1
133,8,0,0,1
133,8,2,0,1
133,9,4,0,1
133,10,0,0,1
133,10,1,0,1
133,10,3,0,1
133,11,0,0,2
133,11,1,0,1
133,11,5,1,1
133,12,1,0,1
133,12,2,0,2
133,13,3,0,1
133,13,4,0,1
133,14,1,0,1
133,14,2,0,1
133,17,5,1,1
133,18,5,1,1
133,21,1,0,1
133,21,2,0,1
134,0,6,1,1
134,1,5,1,1
134,3,3,0,1
134,4,0,0,2
134,4,3,0,1
134,5,5,1,1
134,6,0,0,1
134,6,1,0,2
134,6,4,0,1
134,6,5,1,1
134,6,6,1,1
134,7,0,0,2
134,7,2,0,1
134,7,3,0,2
134,7,5,1,1
134,7,6,1,1
134,8,2,0,1
134,8,4,0,1
134,9,0,0,2
134,9,3,0,1
134,9,4,0,2
134,9,5,1,1
134,10,0,0,1
134,10,2,0,1
134,11,0,0,1
134,11,1,0,1
134,11,2,0,2
134,11,3,0,3
134,11,4,0,1
134,11,6,1,1
134,12,1,0,2
134,12,2,0,3
134,12,3,0,2
134,12,5,1,1
134,13,0,0,5
134,13,6,1,1
134,14,0,0,1
134,14,1,0,1
134,14,4,0,1
134,14,6,1,2
134,15,1,0,1
134,15,2,0,1
134,15,3,0,1
134,15,4,0,1
134,16,1,0,1
134,16,2,0,1
134,16,3,0,1
134,16,4,0,1
134,16,5,1,2
134,17,2,0,1
134,17,4,0,1
134,17,5,1,2
134,17,6,1,1
134,18,2,0,1
134,18,3,0,1
134,18,6,1,1
134,19,0,0,1
134,19,2,0,1
134,20,1,0,1
134,20,6,1,1
134,21,0,0,1
134,21,6,1,2
134,22,3,0,2
134,23,4,0,1
134,23,6,1,1
135,5,2,0,1
135,5,3,0,2
135,5,6,1,1
135,6,0,0,1
135,7,0,0,1
135,8,0,0,2
135,8,2,0,2
135,8,3,0,1
135,8,5,1,1
135,8,6,1,1
135,9,0,0,1
135,9,5,1,1
135,10,0,0,1
135,10,2,0,2
135,10,3,0,2
135,11,0,0,1
135,11,1,0,1
135,11,2,0,1
135,11,3,0,1
135,12,2,0,1
135,12,4,0,1
135,13,1,0,1
135,13,2,0,3
135,14,0,0,2
135,14,2,0,1
135,14,3,0,1
135,15,6,1,1
135,16,1,0,1
135,16,6,1,1
135,18,0,0,1
135,22,3,0,1
135,22,6,1,1
135,23,2,0,1
136,6,0,0,1
136,7,0,0,1
136,7,3,0,1
136,7,6,1,1
136,8,0,0,1
136,8,6,1,2
136,9,0,0,1
136,9,2,0,1
136,9,3,0,1
136,10,0,0,1
136,11,0,0,2
136,11,1,0,1
136,11,2,0,1
136,11,3,0,1
136,11,4,0,1
136,11,5,1,1
136,12,3,0,2
136,13,2,0,1
136,15,2,0,1
136,15,3,0,1
136,15,4,0,1
136,15,5,1,1
136,16,3,0,1
136,17,3,0,1
136,18,3,0,1
137,0,0,0,26
137,0,1,0,17
137,0,2,0,18
137,0,3,0,26
137,0,4,0,46
137,0,5,1,79
137,0,6,1,84
137,1,0,0,22
137,1,1,0,7
137,1,2,0,10
137,1,3,0,10
137,1,4,0,21
137,1,5,1,72
137,1,6,1,65
137,2,0,0,11
137,2,1,0,3
137,2,2,0,9
137,2,3,0,11
137,2,4,0,14
137,2,5,1,43
137,2,6,1,41
137,3,0,0,11
137,3,1,0,5
137,3,2,0,2
137,3,3,0,5
137,3,4,0,10
137,3,5,1,24
137,3,6,1,33
137,4,0,0,7
137,4,1,0,5
137,4,2,0,4
137,4,3,0,11
137,4,4,0,5
137,4,5,1,11
137,4,6,1,16
137,5,0,0,5
137,5,1,0,4
137,5,2,0,8
137,5,3,0,7
137,5,4,0,6
137,5,5,1,8
137,5,6,1,3
137,6,0,0,18
137,6,1,0,24
137,6,2,0,25
137,6,3,0,31
137,6,4,0,19
137,6,5,1,10
137,6,6,1,10
137,7,0,0,43
137,7,1,0,64
137,7,2,0,57
137,7,3,0,48
137,7,4,0,39
137,7,5,1,31
137,7,6,1,36
137,8,0,0,64
137,8,1,0,67
137,8,2,0,103
137,8,3,0,82
137,8,4,0,58
137,8,5,1,44
137,8,6,1,19
137,9,0,0,54
137,9,1,0,78
137,9,2,0,105
137,9,3,0,79
137,9,4,0,77
137,9,5,1,32
137,9,6,1,31
137,10,0,0,73
137,10,1,0,86
137,10,2,0,108
137,10,3,0,95
137,10,4,0,74
137,10,5,1,61
137,10,6,1,49
137,11,0,0,91
137,11,1,0,81
137,11,2,0,92
137,11,3,0,75
137,11,4,0,98
137,11,5,1,77
137,11,6,1,50
137,12,0,0,74
137,12,1,0,90
137,12,2,0,105
137,12,3,0,83
137,12,4,0,95
137,12,5,1,83
137,12,6,1,55
137,13,0,0,96
137,13,1,0,81
137,13,2,0,107
137,13,3,0,115
137,13,4,0,96
137,13,5,1,87
137,13,6,1,74
137,14,0,0,89
137,14,1,0,99
137,14,2,0,112
137,14,3,0,93
137,14,4,0,122
137,14,5,1,84
137,14,6,1,66
137,15,0,0,88
137,15,1,0,132
137,15,2,0,131
137,15,3,0,85
137,15,4,0,129
137,15,5,1,83
137,15,6,1,65
137,16,0,0,90
137,16,1,0,110
137,16,2,0,140
137,16,3,0,112
137,16,4,0,125
137,16,5,1,85
137,16,6,1,61
137,17,0,0,91
137,17,1,0,126
137,17,2,0,130
137,17,3,0,137
137,17,4,0,116
137,17,5,1,76
137,17,6,1,61
137,18,0,0,92
137,18,1,0,140
137,18,2,0,138
137,18,3,0,126
137,18,4,0,121
137,18,5,1,88
137,18,6,1,67
137,19,0,0,73
137,19,1,0,90
137,19,2,0,115
137,19,3,0,142
137,19,4,0,130
137,19,5,1,120
137,19,6,1,64
137,20,0,0,51
137,20,1,0,72
137,20,2,0,84
137,20,3,0,100
137,20,4,0,97
137,20,5,1,93
137,20,6,1,54
137,21,0,0,40
137,21,1,0,64
137,21,2,0,51
137,21,3,0,86
137,21,4,0,86
137,21,5,1,72
137,21,6,1,59
137,22,0,0,48
137,22,1,0,56
137,22,2,0,66
137,22,3,0,76
137,22,4,0,76
137,22,5,1,92
137,22,6,1,30
137,23,0,0,27
137,23,1,0,28
137,23,2,0,45
137,23,3,0,66
137,23,4,0,94
137,23,5,1,97
137,23,6,1,30
138,0,0,0,193
138,0,1,0,150
138,0,2,0,85
138,0,3,0,91
138,0,4,0,82
138,0,5,1,76
138,0,6,1,88
138,1,0,0,29
138,1,1,0,32
138,1,2,0,27
138,1,3,0,5
138,1,4,0,11
138,1,5,1,13
138,1,6,1,20
138,2,0,0,13
138,2,1,0,9
138,2,2,0,20
138,2,3,0,7
138,2,5,1,4
138,2,6,1,6
138,3,0,0,3
138,3,1,0,3
138,3,2,0,5
138,3,3,0,2
138,3,4,0,2
138,3,5,1,1
138,3,6,1,7
138,4,1,0,7
138,4,2,0,5
138,4,3,0,2
138,4,4,0,2
138,4,5,1,2
138,4,6,1,5
138,5,0,0,2
138,5,1,0,1
138,5,2,0,4
138,5,3,0,2
138,5,5,1,3
138,6,0,0,4
138,6,1,0,3
138,6,2,0,6
138,6,3,0,5
138,6,4,0,1
138,6,5,1,1
138,6,6,1,2
138,7,0,0,72
138,7,1,0,70
138,7,2,0,58
138,7,3,0,43
138,7,4,0,45
138,7,5,1,17
138,7,6,1,18
138,8,0,0,154
138,8,1,0,132
138,8,2,0,136
138,8,3,0,130
138,8,4,0,119
138,8,5,1,44
138,8,6,1,40
138,9,0,0,297
138,9,1,0,236
138,9,2,0,249
138,9,3,0,241
138,9,4,0,198
138,9,5,1,135
138,9,6,1,127
138,10,0,0,324
138,10,1,0,257
138,10,2,0,306
138,10,3,0,321
138,10,4,0,286
138,10,5,1,185
138,10,6,1,217
138,11,0,0,304
138,11,1,0,246
138,11,2,0,228
138,11,3,0,251
138,11,4,0,265
138,11,5,1,143
138,11,6,1,159
138,12,0,0,285
138,12,1,0,273
138,12,2,0,305
138,12,3,0,303
138,12,4,0,268
138,12,5,1,176
138,12,6,1,258
138,13,0,0,321
138,13,1,0,256
138,13,2,0,259
138,13,3,0,283
138,13,4,0,318
138,13,5,1,200
138,13,6,1,278
138,14,0,0,394
138,14,1,0,340
138,14,2,0,335
138,14,3,0,397
138,14,4,0,381
138,14,5,1,226
138,14,6,1,375
138,15,0,0,333
138,15,1,0,321
138,15,2,0,384
138,15,3,0,374
138,15,4,0,369
138,15,5,1,177
138,15,6,1,316
138,16,0,0,298
138,16,1,0,326
138,16,2,0,305
138,16,3,0,331
138,16,4,0,330
138,16,5,1,179
138,16,6,1,307
138,17,0,0,307
138,17,1,0,273
138,17,2,0,288
138,17,3,0,287
138,17,4,0,259
138,17,5,1,166
138,17,6,1,298
138,18,0,0,340
138,18,1,0,305
138,18,2,0,346
138,18,3,0,385
138,18,4,0,326
138,18,5,1,202
138,18,6,1,394
138,19,0,0,413
138,19,1,0,319
138,19,2,0,355
138,19,3,0,433
138,19,4,0,368
138,19,5,1,174
138,19,6,1,439
138,20,0,0,399
138,20,1,0,319
138,20,2,0,333
138,20,3,0,362
138,20,4,0,320
138,20,5,1,160
138,20,6,1,422
138,21,0,0,268
138,21,1,0,273
138,21,2,0,242
138,21,3,0,296
138,21,4,0,236
138,21,5,1,141
138,21,6,1,348
138,22,0,0,352
138,22,1,0,254
138,22,2,0,273
138,22,3,0,253
138,22,4,0,223
138,22,5,1,131
138,22,6,1,340
138,23,0,0,345
138,23,1,0,272
138,23,2,0,267
138,23,3,0,274
138,23,4,0,230
138,23,5,1,134
138,23,6,1,388
139,5,1,0,3
139,5,3,0,1
139,5,4,0,2
139,5,6,1,1
139,6,0,0,1
139,6,1,0,1
139,6,2,0,2
139,6,3,0,2
139,6,4,0,2
139,7,0,0,1
139,7,2,0,1
139,7,3,0,1
139,7,5,1,1
139,8,0,0,1
139,8,3,0,1
139,8,4,0,1
139,9,3,0,1
139,9,6,1,2
139,10,0,0,1
139,11,2,0,2
139,11,6,1,1
139,12,0,0,1
139,13,1,0,2
139,13,3,0,1
139,14,2,0,1
139,15,0,0,1
139,15,1,0,1
139,15,4,0,2
139,16,0,0,1
139,16,2,0,1
139,17,1,0,1
139,17,2,0,1
139,17,3,0,1
139,18,2,0,1
139,18,6,1,1
140,0,0,0,27
140,0,1,0,10
140,0,2,0,17
140,0,3,0,22
140,0,4,0,32
140,0,5,1,43
140,0,6,1,27
140,1,0,0,15
140,1,1,0,9
140,1,2,0,7
140,1,3,0,9
140,1,4,0,15
140,1,5,1,33
140,1,6,1,21
140,2,0,0,9
140,2,1,0,3
140,2,2,0,6
140,2,3,0,6
140,2,4,0,6
140,2,5,1,10
140,2,6,1,10
140,3,0,0,14
140,3,1,0,2
140,3,2,0,4
140,3,3,0,3
140,3,4,0,9
140,3,5,1,13
140,3,6,1,7
140,4,0,0,5
140,4,1,0,4
140,4,2,0,4
140,4,3,0,5
140,4,4,0,9
140,4,5,1,12
140,4,6,1,8
140,5,0,0,15
140,5,1,0,20
140,5,2,0,26
140,5,3,0,10
140,5,4,0,15
140,5,5,1,8
140,5,6,1,3
140,6,0,0,34
140,6,1,0,56
140,6,2,0,52
140,6,3,0,59
140,6,4,0,47
140,6,5,1,18
140,6,6,1,13
140,7,0,0,115
140,7,1,0,166
140,7,2,0,176
140,7,3,0,176
140,7,4,0,137
140,7,5,1,52
140,7,6,1,42
140,8,0,0,192
140,8,1,0,234
140,8,2,0,235
140,8,3,0,258
140,8,4,0,211
140,8,5,1,79
140,8,6,1,57
140,9,0,0,185
140,9,1,0,217
140,9,2,0,247
140,9,3,0,239
140,9,4,0,233
140,9,5,1,101
140,9,6,1,83
140,10,0,0,195
140,10,1,0,219
140,10,2,0,220
140,10,3,0,238
140,10,4,0,188
140,10,5,1,133
140,10,6,1,107
140,11,0,0,191
140,11,1,0,245
140,11,2,0,237
140,11,3,0,238
140,11,4,0,208
140,11,5,1,129
140,11,6,1,135
140,12,0,0,195
140,12,1,0,232
140,12,2,0,251
140,12,3,0,245
140,12,4,0,199
140,12,5,1,165
140,12,6,1,128
140,13,0,0,207
140,13,1,0,236
140,13,2,0,225
140,13,3,0,242
140,13,4,0,200
140,13,5,1,127
140,13,6,1,136
140,14,0,0,236
140,14,1,0,276
140,14,2,0,281
140,14,3,0,296
140,14,4,0,251
140,14,5,1,147
140,14,6,1,127
140,15,0,0,256
140,15,1,0,279
140,15,2,0,291
140,15,3,0,314
140,15,4,0,241
140,15,5,1,145
140,15,6,1,120
140,16,0,0,249
140,16,1,0,299
140,16,2,0,331
140,16,3,0,300
140,16,4,0,258
140,16,5,1,129
140,16,6,1,129
140,17,0,0,223
140,17,1,0,301
140,17,2,0,310
140,17,3,0,253
140,17,4,0,256
140,17,5,1,159
140,17,6,1,146
140,18,0,0,205
140,18,1,0,262
140,18,2,0,258
140,18,3,0,249
140,18,4,0,242
140,18,5,1,156
140,18,6,1,107
140,19,0,0,148
140,19,1,0,188
140,19,2,0,208
140,19,3,0,202
140,19,4,0,193
140,19,5,1,138
140,19,6,1,93
140,20,0,0,118
140,20,1,0,143
140,20,2,0,119
140,20,3,0,137
140,20,4,0,117
140,20,5,1,108
140,20,6,1,78
140,21,0,0,65
140,21,1,0,78
140,21,2,0,94
140,21,3,0,87
140,21,4,0,85
140,21,5,1,56
140,21,6,1,46
140,22,0,0,40
140,22,1,0,41
140,22,2,0,45
140,22,3,0,76
140,22,4,0,92
140,22,5,1,57
140,22,6,1,38
140,23,0,0,27
140,23,1,0,26
140,23,2,0,39
140,23,3,0,45
140,23,4,0,58
140,23,5,1,49
140,23,6,1,23
141,0,0,0,35
141,0,1,0,29
141,0,2,0,24
141,0,3,0,24
141,0,4,0,49
141,0,5,1,104
141,0,6,1,121
141,1,0,0,33
141,1,1,0,11
141,1,2,0,13
141,1,3,0,18
141,1,4,0,30
141,1,5,1,75
141,1,6,1,62
141,2,0,0,25
141,2,1,0,5
141,2,2,0,10
141,2,3,0,16
141,2,4,0,23
141,2,5,1,47
141,2,6,1,43
141,3,0,0,18
141,3,1,0,1
141,3,2,0,6
141,3,3,0,8
141,3,4,0,13
141,3,5,1,33
141,3,6,1,30
141,4,0,0,10
141,4,1,0,6
141,4,2,0,9
141,4,3,0,13
141,4,4,0,8
141,4,5,1,21
141,4,6,1,18
141,5,0,0,22
141,5,1,0,12
141,5,2,0,15
141,5,3,0,14
141,5,4,0,17
141,5,5,1,12
141,5,6,1,9
141,6,0,0,54
141,6,1,0,55
141,6,2,0,73
141,6,3,0,70
141,6,4,0,64
141,6,5,1,24
141,6,6,1,26
141,7,0,0,131
141,7,1,0,157
141,7,2,0,188
141,7,3,0,162
141,7,4,0,134
141,7,5,1,69
141,7,6,1,38
141,8,0,0,177
141,8,1,0,205
141,8,2,0,208
141,8,3,0,242
141,8,4,0,203
141,8,5,1,118
141,8,6,1,77
141,9,0,0,172
141,9,1,0,197
141,9,2,0,204
141,9,3,0,222
141,9,4,0,216
141,9,5,1,168
141,9,6,1,133
141,10,0,0,158
141,10,1,0,174
141,10,2,0,187
141,10,3,0,208
141,10,4,0,217
141,10,5,1,193
141,10,6,1,181
141,11,0,0,191
141,11,1,0,203
141,11,2,0,194
141,11,3,0,186
141,11,4,0,208
141,11,5,1,196
141,11,6,1,220
141,12,0,0,175
141,12,1,0,199
141,12,2,0,223
141,12,3,0,221
141,12,4,0,200
141,12,5,1,240
141,12,6,1,199
141,13,0,0,241
141,13,1,0,241
141,13,2,0,228
141,13,3,0,224
141,13,4,0,217
141,13,5,1,261
141,13,6,1,226
141,14,0,0,200
141,14,1,0,207
141,14,2,0,251
141,14,3,0,216
141,14,4,0,228
141,14,5,1,239
141,14,6,1,201
141,15,0,0,198
141,15,1,0,232
141,15,2,0,231
141,15,3,0,222
141,15,4,0,224
141,15,5,1,226
141,15,6,1,198
141,16,0,0,177
141,16,1,0,174
141,16,2,0,225
141,16,3,0,206
141,16,4,0,204
141,16,5,1,262
141,16,6,1,204
141,17,0,0,195
141,17,1,0,240
141,17,2,0,224
141,17,3,0,232
141,17,4,0,261
141,17,5,1,239
141,17,6,1,175
141,18,0,0,206
141,18,1,0,265
141,18,2,0,255
141,18,3,0,286
141,18,4,0,274
141,18,5,1,261
141,18,6,1,217
141,19,0,0,170
141,19,1,0,206
141,19,2,0,225
141,19,3,0,263
141,19,4,0,239
141,19,5,1,278
141,19,6,1,155
141,20,0,0,181
141,20,1,0,163
141,20,2,0,183
141,20,3,0,213
141,20,4,0,201
141,20,5,1,229
141,20,6,1,122
141,21,0,0,132
141,21,1,0,147
141,21,2,0,188
141,21,3,0,210
141,21,4,0,230
141,21,5,1,234
141,21,6,1,107
141,22,0,0,79
141,22,1,0,134
141,22,2,0,112
141,22,3,0,154
141,22,4,0,195
141,22,5,1,175
141,22,6,1,81
141,23,0,0,41
141,23,1,0,56
141,23,2,0,46
141,23,3,0,96
141,23,4,0,181
141,23,5,1,155
141,23,6,1,69
142,0,0,0,56
142,0,1,0,28
142,0,2,0,38
142,0,3,0,38
142,0,4,0,63
142,0,5,1,136
142,0,6,1,162
142,1,0,0,33
142,1,1,0,13
142,1,2,0,14
142,1,3,0,21
142,1,4,0,39
142,1,5,1,44
142,1,6,1,57
142,2,0,0,19
142,2,1,0,5
142,2,2,0,6
142,2,3,0,2
142,2,4,0,10
142,2,5,1,12
142,2,6,1,21
142,3,0,0,5
142,3,1,0,1
142,3,2,0,1
142,3,3,0,2
142,3,4,0,1
142,3,5,1,9
142,3,6,1,13
142,4,0,0,10
142,4,1,0,5
142,4,2,0,4
142,4,3,0,1
142,4,4,0,2
142,4,5,1,5
142,4,6,1,5
142,5,0,0,11
142,5,1,0,16
142,5,2,0,9
142,5,3,0,12
142,5,4,0,20
142,5,5,1,8
142,5,6,1,6
142,6,0,0,39
142,6,1,0,48
142,6,2,0,36
142,6,3,0,47
142,6,4,0,39
142,6,5,1,12
142,6,6,1,15
142,7,0,0,110
142,7,1,0,147
142,7,2,0,177
142,7,3,0,165
142,7,4,0,138
142,7,5,1,51
142,7,6,1,39
142,8,0,0,171
142,8,1,0,197
142,8,2,0,212
142,8,3,0,200
142,8,4,0,209
142,8,5,1,105
142,8,6,1,95
142,9,0,0,186
142,9,1,0,221
142,9,2,0,223
142,9,3,0,232
142,9,4,0,218
142,9,5,1,153
142,9,6,1,153
142,10,0,0,197
142,10,1,0,218
142,10,2,0,239
142,10,3,0,262
142,10,4,0,229
142,10,5,1,232
142,10,6,1,210
142,11,0,0,212
142,11,1,0,253
142,11,2,0,243
142,11,3,0,230
142,11,4,0,224
142,11,5,1,284
142,11,6,1,228
142,12,0,0,229
142,12,1,0,233
142,12,2,0,278
142,12,3,0,277
142,12,4,0,259
142,12,5,1,312
142,12,6,1,252
142,13,0,0,229
142,13,1,0,240
142,13,2,0,283
142,13,3,0,236
142,13,4,0,265
142,13,5,1,357
142,13,6,1,303
142,14,0,0,228
142,14,1,0,258
142,14,2,0,317
142,14,3,0,289
142,14,4,0,264
142,14,5,1,300
142,14,6,1,275
142,15,0,0,233
142,15,1,0,283
142,15,2,0,291
142,15,3,0,326
142,15,4,0,282
142,15,5,1,336
142,15,6,1,302
142,16,0,0,255
142,16,1,0,213
142,16,2,0,298
142,16,3,0,317
142,16,4,0,320
142,16,5,1,459
142,16,6,1,308
142,17,0,0,249
142,17,1,0,338
142,17,2,0,318
142,17,3,0,349
142,17,4,0,320
142,17,5,1,361
142,17,6,1,337
142,18,0,0,288
142,18,1,0,330
142,18,2,0,391
142,18,3,0,417
142,18,4,0,363
142,18,5,1,366
142,18,6,1,354
142,19,0,0,270
142,19,1,0,286
142,19,2,0,322
142,19,3,0,356
142,19,4,0,322
142,19,5,1,361
142,19,6,1,261
142,20,0,0,237
142,20,1,0,303
142,20,2,0,338
142,20,3,0,345
142,20,4,0,286
142,20,5,1,338
142,20,6,1,208
142,21,0,0,219
142,21,1,0,439
142,21,2,0,502
142,21,3,0,633
142,21,4,0,352
142,21,5,1,441
142,21,6,1,197
142,22,0,0,176
142,22,1,0,343
142,22,2,0,393
142,22,3,0,517
142,22,4,0,533
142,22,5,1,583
142,22,6,1,134
142,23,0,0,124
142,23,1,0,211
142,23,2,0,218
142,23,3,0,185
142,23,4,0,344
142,23,5,1,382
142,23,6,1,96
143,0,0,0,8
143,0,1,0,5
143,0,2,0,6
143,0,3,0,7
143,0,4,0,12
143,0,5,1,31
143,0,6,1,26
143,1,0,0,4
143,1,2,0,4
143,1,3,0,4
143,1,4,0,3
143,1,5,1,9
143,1,6,1,13
143,2,0,0,1
143,2,1,0,3
143,2,2,0,2
143,2,3,0,4
143,2,4,0,1
143,2,5,1,8
143,2,6,1,8
143,3,0,0,1
143,3,3,0,2
143,3,4,0,4
143,3,5,1,2
143,3,6,1,4
143,4,1,0,1
143,4,2,0,2
143,4,3,0,5
143,4,4,0,3
143,4,5,1,3
143,4,6,1,2
143,5,0,0,5
143,5,1,0,8
143,5,2,0,8
143,5,3,0,8
143,5,4,0,9
143,5,5,1,11
143,5,6,1,2
143,6,0,0,31
143,6,1,0,22
143,6,2,0,36
143,6,3,0,22
143,6,4,0,36
143,6,5,1,9
143,6,6,1,7
143,7,0,0,73
143,7,1,0,83
143,7,2,0,91
143,7,3,0,94
143,7,4,0,97
143,7,5,1,27
143,7,6,1,21
143,8,0,0,109
143,8,1,0,131
143,8,2,0,131
143,8,3,0,120
143,8,4,0,110
143,8,5,1,56
143,8,6,1,46
143,9,0,0,102
143,9,1,0,121
143,9,2,0,114
143,9,3,0,127
143,9,4,0,130
143,9,5,1,73
143,9,6,1,67
143,10,0,0,91
143,10,1,0,108
143,10,2,0,100
143,10,3,0,111
143,10,4,0,106
143,10,5,1,110
143,10,6,1,94
143,11,0,0,88
143,11,1,0,93
143,11,2,0,107
143,11,3,0,111
143,11,4,0,126
143,11,5,1,92
143,11,6,1,90
143,12,0,0,89
143,12,1,0,107
143,12,2,0,86
143,12,3,0,127
143,12,4,0,94
143,12,5,1,103
143,12,6,1,97
143,13,0,0,77
143,13,1,0,94
143,13,2,0,101
143,13,3,0,93
143,13,4,0,98
143,13,5,1,111
143,13,6,1,110
143,14,0,0,87
143,14,1,0,95
143,14,2,0,109
143,14,3,0,105
143,14,4,0,128
143,14,5,1,96
143,14,6,1,121
143,15,0,0,112
143,15,1,0,133
143,15,2,0,125
143,15,3,0,124
143,15,4,0,121
143,15,5,1,109
143,15,6,1,98
143,16,0,0,110
143,16,1,0,106
143,16,2,0,133
143,16,3,0,126
143,16,4,0,113
143,16,5,1,70
143,16,6,1,84
143,17,0,0,84
143,17,1,0,103
143,17,2,0,116
143,17,3,0,111
143,17,4,0,124
143,17,5,1,117
143,17,6,1,97
143,18,0,0,112
143,18,1,0,107
143,18,2,0,126
143,18,3,0,149
143,18,4,0,138
143,18,5,1,98
143,18,6,1,77
143,19,0,0,78
143,19,1,0,72
143,19,2,0,83
143,19,3,0,97
143,19,4,0,111
143,19,5,1,108
143,19,6,1,57
143,20,0,0,52
143,20,1,0,59
143,20,2,0,69
143,20,3,0,72
143,20,4,0,79
143,20,5,1,88
143,20,6,1,52
143,21,0,0,30
143,21,1,0,48
143,21,2,0,44
143,21,3,0,48
143,21,4,0,72
143,21,5,1,85
143,21,6,1,31
143,22,0,0,15
143,22,1,0,46
143,22,2,0,52
143,22,3,0,60
143,22,4,0,71
143,22,5,1,64
143,22,6,1,23
143,23,0,0,14
143,23,1,0,14
143,23,2,0,17
143,23,3,0,19
143,23,4,0,47
143,23,5,1,58
143,23,6,1,20
144,0,0,0,25
144,0,1,0,17
144,0,2,0,33
144,0,3,0,30
144,0,4,0,73
144,0,5,1,191
144,0,6,1,211
144,1,0,0,14
144,1,1,0,7
144,1,2,0,16
144,1,3,0,15
144,1,4,0,79
144,1,5,1,200
144,1,6,1,218
144,2,0,0,24
144,2,1,0,3
144,2,2,0,7
144,2,3,0,11
144,2,4,0,57
144,2,5,1,186
144,2,6,1,186
144,3,0,0,9
144,3,2,0,2
144,3,3,0,6
144,3,4,0,29
144,3,5,1,135
144,3,6,1,142
144,4,0,0,6
144,4,2,0,1
144,4,3,0,1
144,4,4,0,16
144,4,5,1,64
144,4,6,1,64
144,5,0,0,4
144,5,1,0,1
144,5,3,0,2
144,5,4,0,1
144,5,5,1,2
144,5,6,1,17
144,6,0,0,2
144,6,2,0,3
144,6,4,0,5
144,6,5,1,4
144,6,6,1,1
144,7,0,0,6
144,7,1,0,6
144,7,2,0,7
144,7,3,0,12
144,7,4,0,4
144,7,5,1,4
144,7,6,1,8
144,8,0,0,8
144,8,1,0,15
144,8,2,0,11
144,8,3,0,10
144,8,4,0,13
144,8,5,1,10
144,8,6,1,7
144,9,0,0,13
144,9,1,0,16
144,9,2,0,25
144,9,3,0,15
144,9,4,0,14
144,9,5,1,13
144,9,6,1,8
144,10,0,0,16
144,10,1,0,14
144,10,2,0,25
144,10,3,0,27
144,10,4,0,24
144,10,5,1,31
144,10,6,1,12
144,11,0,0,30
144,11,1,0,33
144,11,2,0,28
144,11,3,0,38
144,11,4,0,31
144,11,5,1,48
144,11,6,1,30
144,12,0,0,37
144,12,1,0,34
144,12,2,0,33
144,12,3,0,45
144,12,4,0,48
144,12,5,1,66
144,12,6,1,54
144,13,0,0,48
144,13,1,0,46
144,13,2,0,37
144,13,3,0,55
144,13,4,0,60
144,13,5,1,89
144,13,6,1,54
144,14,0,0,63
144,14,1,0,76
144,14,2,0,54
144,14,3,0,71
144,14,4,0,70
144,14,5,1,100
144,14,6,1,69
144,15,0,0,65
144,15,1,0,60
144,15,2,0,57
144,15,3,0,79
144,15,4,0,80
144,15,5,1,123
144,15,6,1,79
144,16,0,0,61
144,16,1,0,49
144,16,2,0,66
144,16,3,0,75
144,16,4,0,90
144,16,5,1,95
144,16,6,1,98
144,17,0,0,73
144,17,1,0,70
144,17,2,0,67
144,17,3,0,73
144,17,4,0,89
144,17,5,1,130
144,17,6,1,83
144,18,0,0,74
144,18,1,0,71
144,18,2,0,77
144,18,3,0,112
144,18,4,0,86
144,18,5,1,116
144,18,6,1,78
144,19,0,0,86
144,19,1,0,83
144,19,2,0,96
144,19,3,0,80
144,19,4,0,107
144,19,5,1,122
144,19,6,1,66
144,20,0,0,45
144,20,1,0,75
144,20,2,0,94
144,20,3,0,104
144,20,4,0,81
144,20,5,1,106
144,20,6,1,54
144,21,0,0,62
144,21,1,0,72
144,21,2,0,83
144,21,3,0,104
144,21,4,0,113
144,21,5,1,98
144,21,6,1,44
144,22,0,0,38
144,22,1,0,78
144,22,2,0,78
144,22,3,0,98
144,22,4,0,142
144,22,5,1,145
144,22,6,1,53
144,23,0,0,19
144,23,1,0,53
144,23,2,0,43
144,23,3,0,81
144,23,4,0,153
144,23,5,1,182
144,23,6,1,18
145,0,0,0,2
145,0,1,0,1
145,0,2,0,1
145,0,3,0,5
145,0,5,1,3
145,0,6,1,2
145,1,0,0,1
145,1,2,0,1
145,1,3,0,1
145,1,4,0,1
145,1,5,1,3
145,1,6,1,2
145,2,1,0,1
145,2,4,0,2
145,2,6,1,1
145,3,0,0,2
145,3,2,0,1
145,3,3,0,1
145,3,4,0,1
145,3,5,1,3
145,4,0,0,2
145,4,1,0,1
145,4,2,0,1
145,4,3,0,2
145,4,4,0,1
145,4,5,1,2
145,4,6,1,4
145,5,0,0,1
145,5,1,0,1
145,5,6,1,1
145,6,0,0,1
145,6,1,0,2
145,6,2,0,1
145,6,5,1,3
145,7,0,0,1
145,7,1,0,2
145,7,2,0,3
145,7,4,0,3
145,7,5,1,4
145,7,6,1,3
145,8,0,0,1
145,8,1,0,2
145,8,2,0,4
145,8,3,0,1
145,8,4,0,1
145,8,5,1,3
145,8,6,1,2
145,9,0,0,3
145,9,1,0,2
145,9,2,0,2
145,9,3,0,1
145,9,5,1,2
145,9,6,1,2
145,10,0,0,3
145,10,1,0,1
145,10,3,0,3
145,10,4,0,4
145,10,5,1,3
145,10,6,1,3
145,11,0,0,1
145,11,1,0,1
145,11,2,0,1
145,11,3,0,2
145,11,4,0,2
145,11,5,1,3
145,11,6,1,1
145,12,0,0,5
145,12,1,0,4
145,12,2,0,4
145,12,3,0,5
145,12,4,0,1
145,12,5,1,5
145,12,6,1,1
145,13,0,0,2
145,13,1,0,5
145,13,2,0,4
145,13,4,0,3
145,13,5,1,2
145,13,6,1,1
145,14,0,0,7
145,14,1,0,7
145,14,2,0,3
145,14,3,0,3
145,14,4,0,1
145,14,5,1,2
145,14,6,1,3
145,15,0,0,1
145,15,1,0,4
145,15,2,0,8
145,15,3,0,1
145,15,5,1,5
145,15,6,1,5
145,16,0,0,6
145,16,1,0,4
145,16,2,0,5
145,16,3,0,5
145,16,4,0,5
145,16,5,1,2
145,16,6,1,1
145,17,0,0,1
145,17,1,0,3
145,17,2,0,2
145,17,3,0,1
145,17,4,0,2
145,17,5,1,2
145,17,6,1,3
145,18,0,0,2
145,18,1,0,1
145,18,2,0,2
145,18,3,0,3
145,18,5,1,6
145,18,6,1,4
145,19,0,0,1
145,19,2,0,3
145,19,3,0,4
145,19,4,0,1
145,19,5,1,1
145,19,6,1,2
145,20,0,0,1
145,20,1,0,5
145,20,2,0,1
145,20,3,0,3
145,20,4,0,1
145,20,5,1,3
145,20,6,1,2
145,21,0,0,1
145,21,1,0,4
145,21,2,0,2
145,21,3,0,5
145,21,5,1,5
145,21,6,1,3
145,22,0,0,3
145,22,1,0,4
145,22,2,0,2
145,22,3,0,2
145,22,4,0,1
145,22,5,1,3
145,22,6,1,5
145,23,0,0,1
145,23,1,0,2
145,23,2,0,1
145,23,3,0,5
145,23,4,0,1
145,23,5,1,2
145,23,6,1,3
146,0,0,0,1
146,0,1,0,1
146,0,2,0,1
146,0,3,0,2
146,0,4,0,1
146,0,5,1,3
146,0,6,1,2
146,1,0,0,1
146,1,4,0,1
146,1,5,1,1
146,1,6,1,1
146,2,4,0,2
146,2,5,1,2
146,2,6,1,2
146,3,0,0,1
146,3,6,1,1
146,4,0,0,2
146,4,2,0,2
146,4,3,0,2
146,4,4,0,2
146,4,5,1,1
146,4,6,1,1
146,5,0,0,3
146,5,1,0,1
146,5,3,0,2
146,5,4,0,2
146,5,5,1,1
146,6,0,0,1
146,6,1,0,5
146,6,2,0,3
146,6,3,0,3
146,6,4,0,2
146,6,5,1,1
146,7,0,0,3
146,7,1,0,1
146,7,2,0,1
146,7,3,0,1
146,7,4,0,2
146,7,5,1,3
146,7,6,1,3
146,8,0,0,1
146,8,1,0,2
146,8,2,0,5
146,8,3,0,3
146,8,4,0,3
146,8,5,1,2
146,8,6,1,3
146,9,0,0,2
146,9,1,0,7
146,9,2,0,4
146,9,3,0,8
146,9,4,0,1
146,9,5,1,5
146,9,6,1,4
146,10,0,0,4
146,10,1,0,4
146,10,2,0,1
146,10,3,0,10
146,10,4,0,2
146,10,5,1,7
146,10,6,1,9
146,11,0,0,5
146,11,1,0,4
146,11,2,0,5
146,11,3,0,7
146,11,4,0,3
146,11,5,1,1
146,11,6,1,1
146,12,0,0,2
146,12,2,0,2
146,12,3,0,5
146,12,4,0,5
146,12,5,1,2
146,12,6,1,3
146,13,0,0,2
146,13,1,0,1
146,13,2,0,1
146,13,3,0,4
146,13,4,0,2
146,13,5,1,4
146,13,6,1,3
146,14,0,0,3
146,14,1,0,3
146,14,2,0,3
146,14,3,0,2
146,14,4,0,4
146,14,5,1,8
146,14,6,1,1
146,15,0,0,6
146,15,1,0,7
146,15,2,0,3
146,15,3,0,4
146,15,4,0,5
146,15,5,1,6
146,15,6,1,2
146,16,0,0,1
146,16,1,0,4
146,16,3,0,5
146,16,4,0,1
146,16,5,1,6
146,16,6,1,3
146,17,1,0,2
146,17,2,0,3
146,17,3,0,3
146,17,4,0,4
146,17,5,1,5
146,17,6,1,6
146,18,0,0,5
146,18,1,0,3
146,18,2,0,3
146,18,3,0,7
146,18,4,0,2
146,18,5,1,2
146,18,6,1,3
146,19,0,0,4
146,19,1,0,1
146,19,2,0,1
146,19,3,0,1
146,19,4,0,1
146,19,5,1,4
146,19,6,1,3
146,20,0,0,3
146,20,3,0,3
146,20,4,0,1
146,20,5,1,1
146,20,6,1,3
146,21,1,0,2
146,21,2,0,1
146,21,3,0,1
146,21,4,0,3
146,21,5,1,3
146,21,6,1,1
146,22,0,0,1
146,22,1,0,2
146,22,3,0,1
146,22,4,0,1
146,22,5,1,5
146,22,6,1,1
146,23,0,0,2
146,23,1,0,2
146,23,3,0,1
146,23,5,1,1
146,23,6,1,1
147,2,5,1,1
147,7,1,0,1
147,7,2,0,1
147,7,3,0,2
147,7,4,0,4
147,8,4,0,1
147,9,0,0,1
147,9,3,0,2
147,10,0,0,1
147,10,3,0,1
147,11,0,0,1
147,11,1,0,1
147,11,5,1,1
147,12,0,0,1
147,13,0,0,1
147,13,2,0,1
147,13,5,1,1
147,13,6,1,1
147,15,5,1,1
147,16,6,1,1
147,17,0,0,1
147,18,3,0,1
147,20,2,0,1
148,0,0,0,51
148,0,1,0,21
148,0,2,0,39
148,0,3,0,52
148,0,4,0,112
148,0,5,1,409
148,0,6,1,399
148,1,0,0,35
148,1,1,0,14
148,1,2,0,20
148,1,3,0,34
148,1,4,0,93
148,1,5,1,469
148,1,6,1,483
148,2,0,0,42
148,2,1,0,4
148,2,2,0,9
148,2,3,0,23
148,2,4,0,82
148,2,5,1,383
148,2,6,1,426
148,3,0,0,33
148,3,1,0,4
148,3,2,0,4
148,3,3,0,24
148,3,4,0,56
148,3,5,1,234
148,3,6,1,285
148,4,0,0,15
148,4,2,0,8
148,4,3,0,19
148,4,4,0,35
148,4,5,1,99
148,4,6,1,124
148,5,0,0,8
148,5,1,0,2
148,5,3,0,3
148,5,4,0,2
148,5,5,1,12
148,5,6,1,16
148,6,0,0,5
148,6,1,0,1
148,6,2,0,7
148,6,3,0,5
148,6,4,0,4
148,6,5,1,1
148,6,6,1,7
148,7,0,0,9
148,7,1,0,16
148,7,2,0,12
148,7,3,0,7
148,7,4,0,9
148,7,5,1,10
148,7,6,1,6
148,8,0,0,12
148,8,1,0,18
148,8,2,0,16
148,8,3,0,14
148,8,4,0,16
148,8,5,1,6
148,8,6,1,15
148,9,0,0,21
148,9,1,0,12
148,9,2,0,20
148,9,3,0,24
148,9,4,0,18
148,9,5,1,18
148,9,6,1,20
148,10,0,0,16
148,10,1,0,12
148,10,2,0,21
148,10,3,0,18
148,10,4,0,16
148,10,5,1,24
148,10,6,1,21
148,11,0,0,14
148,11,1,0,18
148,11,2,0,18
148,11,3,0,23
148,11,4,0,21
148,11,5,1,37
148,11,6,1,26
148,12,0,0,24
148,12,1,0,20
148,12,2,0,20
148,12,3,0,23
148,12,4,0,34
148,12,5,1,44
148,12,6,1,46
148,13,0,0,27
148,13,1,0,32
148,13,2,0,25
148,13,3,0,21
148,13,4,0,26
148,13,5,1,60
148,13,6,1,51
148,14,0,0,31
148,14,1,0,25
148,14,2,0,30
148,14,3,0,32
148,14,4,0,30
148,14,5,1,57
148,14,6,1,52
148,15,0,0,26
148,15,1,0,31
148,15,2,0,30
148,15,3,0,36
148,15,4,0,44
148,15,5,1,78
148,15,6,1,54
148,16,0,0,22
148,16,1,0,23
148,16,2,0,33
148,16,3,0,24
148,16,4,0,28
148,16,5,1,74
148,16,6,1,73
148,17,0,0,41
148,17,1,0,32
148,17,2,0,29
148,17,3,0,29
148,17,4,0,37
148,17,5,1,71
148,17,6,1,57
148,18,0,0,31
148,18,1,0,48
148,18,2,0,49
148,18,3,0,57
148,18,4,0,57
148,18,5,1,88
148,18,6,1,65
148,19,0,0,29
148,19,1,0,44
148,19,2,0,53
148,19,3,0,71
148,19,4,0,70
148,19,5,1,96
148,19,6,1,58
148,20,0,0,48
148,20,1,0,66
148,20,2,0,72
148,20,3,0,95
148,20,4,0,100
148,20,5,1,99
148,20,6,1,57
148,21,0,0,40
148,21,1,0,65
148,21,2,0,76
148,21,3,0,118
148,21,4,0,110
148,21,5,1,140
148,21,6,1,56
148,22,0,0,47
148,22,1,0,83
148,22,2,0,103
148,22,3,0,136
148,22,4,0,161
148,22,5,1,193
148,22,6,1,53
148,23,0,0,24
148,23,1,0,61
148,23,2,0,81
148,23,3,0,136
148,23,4,0,227
148,23,5,1,286
148,23,6,1,54
149,4,2,0,1
149,5,1,0,1
149,5,3,0,1
149,5,5,1,1
149,6,1,0,1
149,6,4,0,1
149,8,3,0,1
149,8,4,0,2
149,9,0,0,1
149,9,1,0,1
149,9,2,0,1
149,9,3,0,1
149,9,4,0,1
149,10,1,0,1
149,10,4,0,1
149,11,0,0,2
149,11,1,0,1
149,11,2,0,1
149,11,3,0,3
149,11,4,0,1
149,11,5,1,2
149,12,0,0,1
149,12,3,0,1
149,12,4,0,1
149,13,0,0,1
149,13,1,0,1
149,13,3,0,1
149,13,4,0,1
149,14,1,0,1
149,15,0,0,1
149,15,4,0,1
149,16,0,0,1
149,17,1,0,1
149,18,4,0,1
149,20,2,0,1
150,5,0,0,1
150,7,0,0,1
150,8,2,0,1
150,10,1,0,1
150,11,3,0,1
150,12,2,0,1
150,12,3,0,1
150,12,4,0,1
150,13,0,0,1
150,13,3,0,1
150,15,3,0,2
150,16,0,0,1
150,17,1,0,1
150,19,4,0,1
151,0,0,0,11
151,0,1,0,2
151,0,2,0,4
151,0,3,0,3
151,0,4,0,4
151,0,5,1,12
151,0,6,1,18
151,1,0,0,9
151,1,1,0,1
151,1,2,0,3
151,1,3,0,2
151,1,4,0,2
151,1,5,1,5
151,1,6,1,8
151,2,0,0,7
151,2,2,0,1
151,2,3,0,2
151,2,5,1,2
151,2,6,1,8
151,3,0,0,2
151,3,1,0,2
151,3,2,0,2
151,3,5,1,1
151,3,6,1,1
151,4,0,0,3
151,4,1,0,3
151,4,2,0,1
151,4,3,0,3
151,4,4,0,5
151,4,5,1,2
151,4,6,1,3
151,5,0,0,5
151,5,1,0,6
151,5,2,0,11
151,5,3,0,7
151,5,4,0,8
151,5,5,1,2
151,5,6,1,1
151,6,0,0,13
151,6,1,0,16
151,6,2,0,26
151,6,3,0,31
151,6,4,0,33
151,6,5,1,16
151,6,6,1,9
151,7,0,0,53
151,7,1,0,67
151,7,2,0,89
151,7,3,0,83
151,7,4,0,62
151,7,5,1,40
151,7,6,1,12
151,8,0,0,74
151,8,1,0,75
151,8,2,0,103
151,8,3,0,104
151,8,4,0,92
151,8,5,1,47
151,8,6,1,27
151,9,0,0,69
151,9,1,0,76
151,9,2,0,82
151,9,3,0,98
151,9,4,0,63
151,9,5,1,67
151,9,6,1,61
151,10,0,0,81
151,10,1,0,60
151,10,2,0,68
151,10,3,0,81
151,10,4,0,95
151,10,5,1,90
151,10,6,1,84
151,11,0,0,68
151,11,1,0,65
151,11,2,0,81
151,11,3,0,73
151,11,4,0,84
151,11,5,1,105
151,11,6,1,70
151,12,0,0,63
151,12,1,0,74
151,12,2,0,81
151,12,3,0,73
151,12,4,0,72
151,12,5,1,91
151,12,6,1,78
151,13,0,0,63
151,13,1,0,83
151,13,2,0,73
151,13,3,0,71
151,13,4,0,75
151,13,5,1,102
151,13,6,1,73
151,14,0,0,48
151,14,1,0,74
151,14,2,0,67
151,14,3,0,93
151,14,4,0,67
151,14,5,1,88
151,14,6,1,104
151,15,0,0,76
151,15,1,0,73
151,15,2,0,73
151,15,3,0,59
151,15,4,0,75
151,15,5,1,94
151,15,6,1,64
151,16,0,0,55
151,16,1,0,49
151,16,2,0,63
151,16,3,0,65
151,16,4,0,77
151,16,5,1,71
151,16,6,1,64
151,17,0,0,53
151,17,1,0,71
151,17,2,0,60
151,17,3,0,105
151,17,4,0,89
151,17,5,1,94
151,17,6,1,61
151,18,0,0,65
151,18,1,0,72
151,18,2,0,92
151,18,3,0,85
151,18,4,0,83
151,18,5,1,80
151,18,6,1,78
151,19,0,0,58
151,19,1,0,46
151,19,2,0,45
151,19,3,0,50
151,19,4,0,65
151,19,5,1,79
151,19,6,1,37
151,20,0,0,30
151,20,1,0,37
151,20,2,0,45
151,20,3,0,52
151,20,4,0,63
151,20,5,1,56
151,20,6,1,32
151,21,0,0,15
151,21,1,0,25
151,21,2,0,26
151,21,3,0,27
151,21,4,0,34
151,21,5,1,41
151,21,6,1,21
151,22,0,0,15
151,22,1,0,15
151,22,2,0,20
151,22,3,0,20
151,22,4,0,43
151,22,5,1,40
151,22,6,1,21
151,23,0,0,4
151,23,1,0,2
151,23,2,0,10
151,23,3,0,20
151,23,4,0,24
151,23,5,1,25
151,23,6,1,12
152,0,0,0,2
152,0,1,0,1
152,0,5,1,2
152,0,6,1,3
152,1,2,0,1
152,1,4,0,1
152,1,5,1,2
152,1,6,1,1
152,2,4,0,1
152,2,5,1,1
152,2,6,1,1
152,4,4,0,1
152,4,6,1,2
152,5,0,0,1
152,5,2,0,1
152,5,3,0,1
152,5,6,1,1
152,6,0,0,3
152,6,1,0,2
152,6,2,0,2
152,6,3,0,2
152,6,4,0,2
152,6,5,1,3
152,6,6,1,1
152,7,0,0,5
152,7,1,0,5
152,7,2,0,7
152,7,3,0,12
152,7,4,0,3
152,7,5,1,2
152,7,6,1,1
152,8,0,0,5
152,8,1,0,12
152,8,2,0,12
152,8,3,0,5
152,8,4,0,5
152,8,5,1,2
152,8,6,1,1
152,9,0,0,2
152,9,1,0,1
152,9,2,0,4
152,9,3,0,3
152,9,4,0,3
152,9,5,1,2
152,9,6,1,4
152,10,0,0,1
152,10,1,0,1
152,10,2,0,2
152,10,3,0,3
152,10,4,0,2
152,10,5,1,3
152,10,6,1,5
152,11,0,0,4
152,11,1,0,3
152,11,2,0,4
152,11,3,0,4
152,11,4,0,4
152,11,5,1,5
152,11,6,1,3
152,12,0,0,9
152,12,1,0,3
152,12,2,0,4
152,12,3,0,3
152,12,4,0,5
152,12,5,1,7
152,12,6,1,3
152,13,0,0,3
152,13,1,0,6
152,13,2,0,6
152,13,3,0,4
152,13,4,0,5
152,13,5,1,3
152,13,6,1,1
152,14,0,0,3
152,14,1,0,5
152,14,2,0,5
152,14,3,0,4
152,14,4,0,4
152,14,5,1,2
152,14,6,1,2
152,15,0,0,3
152,15,1,0,1
152,15,2,0,2
152,15,3,0,7
152,15,4,0,6
152,15,5,1,10
152,15,6,1,4
152,16,0,0,3
152,16,1,0,2
152,16,2,0,3
152,16,3,0,8
152,16,4,0,4
152,16,5,1,6
152,16,6,1,2
152,17,0,0,6
152,17,1,0,2
152,17,2,0,9
152,17,3,0,7
152,17,4,0,6
152,17,5,1,4
152,17,6,1,1
152,18,0,0,3
152,18,1,0,5
152,18,2,0,9
152,18,3,0,9
152,18,4,0,7
152,18,5,1,3
152,18,6,1,3
152,19,0,0,4
152,19,1,0,3
152,19,2,0,7
152,19,3,0,3
152,19,4,0,6
152,19,5,1,5
152,19,6,1,2
152,20,0,0,4
152,20,1,0,2
152,20,2,0,1
152,20,3,0,4
152,20,4,0,3
152,20,5,1,2
152,21,0,0,1
152,21,1,0,1
152,21,2,0,2
152,21,4,0,1
152,21,6,1,1
152,22,0,0,2
152,22,1,0,2
152,22,2,0,1
152,22,3,0,4
152,22,5,1,1
152,22,6,1,3
152,23,0,0,2
152,23,1,0,1
152,23,3,0,1
152,23,4,0,1
152,23,5,1,4
152,23,6,1,1
153,4,1,0,1
153,6,0,0,1
153,7,2,0,1
153,7,4,0,1
153,8,1,0,1
153,8,3,0,1
153,9,6,1,1
153,10,0,0,2
153,10,3,0,1
153,10,5,1,1
153,10,6,1,1
153,11,4,0,1
153,14,0,0,1
153,17,2,0,1
153,17,5,1,1
153,18,2,0,1
154,1,5,1,1
154,2,1,0,1
154,6,5,1,1
154,7,1,0,1
154,8,5,1,1
154,9,3,0,1
154,10,5,1,1
154,11,6,1,1
154,12,2,0,1
154,13,3,0,1
154,18,5,1,1
154,22,1,0,1
154,23,0,0,1
154,23,2,0,1
154,23,5,1,1
155,5,0,0,1
155,5,1,0,1
155,6,0,0,2
155,6,2,0,1
155,6,4,0,1
155,7,0,0,1
155,7,2,0,2
155,7,3,0,1
155,7,4,0,3
155,8,1,0,2
155,8,2,0,2
155,8,4,0,4
155,9,2,0,1
155,9,3,0,1
155,9,4,0,2
155,9,5,1,2
155,10,2,0,1
155,10,3,0,2
155,10,4,0,2
155,10,6,1,2
155,11,0,0,3
155,11,1,0,1
155,11,2,0,1
155,11,3,0,1
155,11,5,1,1
155,12,0,0,2
155,12,3,0,2
155,12,5,1,1
155,13,0,0,1
155,13,1,0,1
155,13,2,0,3
155,13,3,0,1
155,13,4,0,2
155,14,0,0,1
155,14,1,0,2
155,14,3,0,1
155,14,4,0,1
155,14,6,1,1
155,15,0,0,1
155,15,2,0,1
155,16,0,0,1
155,16,2,0,1
155,17,0,0,1
155,18,0,0,1
155,18,3,0,1
155,19,1,0,1
155,19,6,1,1
155,20,6,1,1
155,21,1,0,1
155,22,3,0,1
157,0,0,0,1
157,0,4,0,2
157,2,2,0,1
157,2,5,1,1
157,2,6,1,1
157,3,5,1,3
157,3,6,1,3
157,4,5,1,2
157,4,6,1,4
157,5,1,0,1
157,5,2,0,1
157,5,5,1,2
157,5,6,1,3
157,6,3,0,2
157,6,5,1,1
157,6,6,1,2
157,7,1,0,2
157,7,2,0,2
157,7,3,0,3
157,7,5,1,3
157,7,6,1,1
157,8,0,0,1
157,8,2,0,3
157,8,3,0,1
157,8,4,0,2
157,8,5,1,2
157,8,6,1,1
157,9,2,0,2
157,9,4,0,2
157,9,5,1,1
157,9,6,1,1
157,10,6,1,1
157,11,3,0,1
157,11,4,0,1
157,11,6,1,1
157,12,3,0,1
157,12,6,1,1
157,13,2,0,1
157,13,5,1,2
157,13,6,1,1
157,14,0,0,4
157,14,2,0,1
157,14,4,0,1
157,14,5,1,1
157,14,6,1,1
157,15,0,0,2
157,15,4,0,2
157,16,0,0,2
157,16,2,0,1
157,16,4,0,3
157,16,5,1,1
157,16,6,1,2
157,18,6,1,1
157,19,0,0,1
157,19,3,0,1
157,20,1,0,1
157,20,5,1,1
157,20,6,1,1
157,21,0,0,1
157,21,4,0,2
157,22,0,0,1
157,22,4,0,1
157,23,0,0,2
157,23,1,0,1
157,23,2,0,2
157,23,4,0,1
157,23,5,1,1
157,23,6,1,1
158,0,0,0,37
158,0,1,0,10
158,0,2,0,32
158,0,3,0,45
158,0,4,0,81
158,0,5,1,183
158,0,6,1,178
158,1,0,0,15
158,1,1,0,1
158,1,2,0,18
158,1,3,0,26
158,1,4,0,42
158,1,5,1,204
158,1,6,1,186
158,2,0,0,11
158,2,1,0,3
158,2,2,0,4
158,2,3,0,8
158,2,4,0,18
158,2,5,1,149
158,2,6,1,133
158,3,0,0,4
158,3,1,0,3
158,3,2,0,3
158,3,3,0,13
158,3,4,0,9
158,3,5,1,70
158,3,6,1,95
158,4,0,0,3
158,4,1,0,1
158,4,3,0,3
158,4,4,0,5
158,4,5,1,11
158,4,6,1,12
158,5,0,0,3
158,5,1,0,1
158,5,3,0,2
158,5,4,0,1
158,5,5,1,3
158,5,6,1,2
158,6,0,0,3
158,6,1,0,2
158,6,2,0,5
158,6,3,0,6
158,6,4,0,4
158,6,6,1,3
158,7,0,0,14
158,7,1,0,24
158,7,2,0,19
158,7,3,0,21
158,7,4,0,20
158,7,5,1,2
158,7,6,1,5
158,8,0,0,24
158,8,1,0,25
158,8,2,0,32
158,8,3,0,38
158,8,4,0,26
158,8,5,1,10
158,8,6,1,12
158,9,0,0,24
158,9,1,0,32
158,9,2,0,34
158,9,3,0,38
158,9,4,0,34
158,9,5,1,18
158,9,6,1,21
158,10,0,0,23
158,10,1,0,32
158,10,2,0,45
158,10,3,0,37
158,10,4,0,34
158,10,5,1,23
158,10,6,1,30
158,11,0,0,25
158,11,1,0,36
158,11,2,0,55
158,11,3,0,41
158,11,4,0,33
158,11,5,1,53
158,11,6,1,39
158,12,0,0,29
158,12,1,0,30
158,12,2,0,49
158,12,3,0,37
158,12,4,0,36
158,12,5,1,49
158,12,6,1,55
158,13,0,0,33
158,13,1,0,37
158,13,2,0,43
158,13,3,0,50
158,13,4,0,47
158,13,5,1,78
158,13,6,1,61
158,14,0,0,54
158,14,1,0,42
158,14,2,0,57
158,14,3,0,50
158,14,4,0,48
158,14,5,1,93
158,14,6,1,74
158,15,0,0,44
158,15,1,0,61
158,15,2,0,56
158,15,3,0,67
158,15,4,0,65
158,15,5,1,84
158,15,6,1,71
158,16,0,0,49
158,16,1,0,48
158,16,2,0,63
158,16,3,0,56
158,16,4,0,75
158,16,5,1,97
158,16,6,1,79
158,17,0,0,45
158,17,1,0,45
158,17,2,0,59
158,17,3,0,76
158,17,4,0,79
158,17,5,1,117
158,17,6,1,68
158,18,0,0,56
158,18,1,0,68
158,18,2,0,78
158,18,3,0,85
158,18,4,0,96
158,18,5,1,101
158,18,6,1,88
158,19,0,0,47
158,19,1,0,65
158,19,2,0,71
158,19,3,0,77
158,19,4,0,86
158,19,5,1,99
158,19,6,1,61
158,20,0,0,56
158,20,1,0,65
158,20,2,0,61
158,20,3,0,72
158,20,4,0,105
158,20,5,1,112
158,20,6,1,62
158,21,0,0,50
158,21,1,0,69
158,21,2,0,71
158,21,3,0,117
158,21,4,0,127
158,21,5,1,135
158,21,6,1,57
158,22,0,0,49
158,22,1,0,61
158,22,2,0,100
158,22,3,0,111
158,22,4,0,137
158,22,5,1,139
158,22,6,1,41
158,23,0,0,29
158,23,1,0,57
158,23,2,0,62
158,23,3,0,81
158,23,4,0,162
158,23,5,1,151
158,23,6,1,26
159,0,2,0,1
159,0,5,1,1
159,4,2,0,1
159,5,2,0,1
159,5,4,0,1
159,5,5,1,1
159,6,0,0,1
159,6,1,0,1
159,6,2,0,3
159,6,3,0,1
159,6,4,0,1
159,7,0,0,1
159,7,1,0,1
159,8,1,0,2
159,8,2,0,1
159,8,4,0,1
159,8,5,1,2
159,9,1,0,2
159,9,3,0,2
159,9,4,0,2
159,9,5,1,2
159,9,6,1,1
159,10,0,0,1
159,10,3,0,2
159,10,5,1,1
159,10,6,1,1
159,11,3,0,1
159,11,4,0,3
159,12,2,0,2
159,13,1,0,1
159,13,2,0,3
159,13,3,0,1
159,13,4,0,2
159,14,3,0,1
159,15,0,0,1
159,15,3,0,1
159,15,4,0,1
159,15,5,1,1
159,16,2,0,2
159,16,3,0,2
159,16,4,0,1
159,17,1,0,1
159,17,2,0,1
159,17,4,0,2
159,17,6,1,1
159,18,2,0,1
159,18,3,0,1
159,22,3,0,1
159,23,2,0,1
160,2,4,0,1
160,4,2,0,1
160,8,2,0,1
160,8,4,0,2
160,9,4,0,1
160,10,1,0,1
160,11,0,0,2
160,11,2,0,1
160,11,5,1,1
160,12,1,0,1
160,12,2,0,1
160,12,3,0,2
160,12,5,1,1
160,13,0,0,1
160,13,2,0,1
160,14,6,1,1
160,15,0,0,1
160,16,4,0,1
160,16,6,1,1
160,17,5,1,1
160,21,4,0,1
161,0,0,0,55
161,0,1,0,49
161,0,2,0,69
161,0,3,0,89
161,0,4,0,134
161,0,5,1,106
161,0,6,1,149
161,1,0,0,31
161,1,1,0,15
161,1,2,0,30
161,1,3,0,34
161,1,4,0,49
161,1,5,1,40
161,1,6,1,79
161,2,0,0,23
161,2,1,0,8
161,2,2,0,16
161,2,3,0,16
161,2,4,0,21
161,2,5,1,22
161,2,6,1,31
161,3,0,0,12
161,3,1,0,5
161,3,2,0,3
161,3,3,0,10
161,3,4,0,13
161,3,5,1,12
161,3,6,1,10
161,4,0,0,12
161,4,1,0,7
161,4,2,0,10
161,4,3,0,9
161,4,4,0,12
161,4,5,1,10
161,4,6,1,17
161,5,0,0,16
161,5,1,0,14
161,5,2,0,15
161,5,3,0,18
161,5,4,0,21
161,5,5,1,11
161,5,6,1,14
161,6,0,0,48
161,6,1,0,56
161,6,2,0,57
161,6,3,0,56
161,6,4,0,51
161,6,5,1,31
161,6,6,1,37
161,7,0,0,94
161,7,1,0,147
161,7,2,0,138
161,7,3,0,130
161,7,4,0,103
161,7,5,1,37
161,7,6,1,48
161,8,0,0,168
161,8,1,0,203
161,8,2,0,217
161,8,3,0,218
161,8,4,0,158
161,8,5,1,79
161,8,6,1,90
161,9,0,0,199
161,9,1,0,284
161,9,2,0,285
161,9,3,0,322
161,9,4,0,202
161,9,5,1,127
161,9,6,1,130
161,10,0,0,266
161,10,1,0,296
161,10,2,0,359
161,10,3,0,351
161,10,4,0,259
161,10,5,1,200
161,10,6,1,220
161,11,0,0,312
161,11,1,0,389
161,11,2,0,420
161,11,3,0,436
161,11,4,0,349
161,11,5,1,292
161,11,6,1,284
161,12,0,0,333
161,12,1,0,400
161,12,2,0,492
161,12,3,0,473
161,12,4,0,405
161,12,5,1,335
161,12,6,1,301
161,13,0,0,400
161,13,1,0,471
161,13,2,0,546
161,13,3,0,532
161,13,4,0,437
161,13,5,1,336
161,13,6,1,313
161,14,0,0,459
161,14,1,0,519
161,14,2,0,614
161,14,3,0,591
161,14,4,0,536
161,14,5,1,399
161,14,6,1,327
161,15,0,0,439
161,15,1,0,553
161,15,2,0,593
161,15,3,0,575
161,15,4,0,557
161,15,5,1,438
161,15,6,1,400
161,16,0,0,512
161,16,1,0,591
161,16,2,0,658
161,16,3,0,685
161,16,4,0,593
161,16,5,1,524
161,16,6,1,346
161,17,0,0,560
161,17,1,0,753
161,17,2,0,792
161,17,3,0,824
161,17,4,0,663
161,17,5,1,501
161,17,6,1,399
161,18,0,0,636
161,18,1,0,805
161,18,2,0,880
161,18,3,0,811
161,18,4,0,629
161,18,5,1,462
161,18,6,1,298
161,19,0,0,539
161,19,1,0,728
161,19,2,0,777
161,19,3,0,777
161,19,4,0,483
161,19,5,1,367
161,19,6,1,225
161,20,0,0,435
161,20,1,0,688
161,20,2,0,700
161,20,3,0,630
161,20,4,0,311
161,20,5,1,233
161,20,6,1,170
161,21,0,0,361
161,21,1,0,573
161,21,2,0,635
161,21,3,0,655
161,21,4,0,329
161,21,5,1,239
161,21,6,1,147
161,22,0,0,215
161,22,1,0,417
161,22,2,0,441
161,22,3,0,542
161,22,4,0,363
161,22,5,1,369
161,22,6,1,110
161,23,0,0,103
161,23,1,0,149
161,23,2,0,207
161,23,3,0,291
161,23,4,0,224
161,23,5,1,294
161,23,6,1,48
162,0,0,0,41
162,0,1,0,42
162,0,2,0,40
162,0,3,0,54
162,0,4,0,75
162,0,5,1,85
162,0,6,1,91
162,1,0,0,22
162,1,1,0,18
162,1,2,0,16
162,1,3,0,16
162,1,4,0,41
162,1,5,1,61
162,1,6,1,56
162,2,0,0,26
162,2,1,0,5
162,2,2,0,11
162,2,3,0,15
162,2,4,0,20
162,2,5,1,29
162,2,6,1,30
162,3,0,0,6
162,3,1,0,2
162,3,2,0,5
162,3,3,0,2
162,3,4,0,7
162,3,5,1,13
162,3,6,1,23
162,4,0,0,9
162,4,1,0,8
162,4,2,0,7
162,4,3,0,7
162,4,4,0,14
162,4,5,1,13
162,4,6,1,13
162,5,0,0,27
162,5,1,0,40
162,5,2,0,39
162,5,3,0,25
162,5,4,0,38
162,5,5,1,10
162,5,6,1,20
162,6,0,0,90
162,6,1,0,105
162,6,2,0,101
162,6,3,0,113
162,6,4,0,102
162,6,5,1,39
162,6,6,1,42
162,7,0,0,122
162,7,1,0,219
162,7,2,0,209
162,7,3,0,231
162,7,4,0,150
162,7,5,1,63
162,7,6,1,53
162,8,0,0,243
162,8,1,0,319
162,8,2,0,318
162,8,3,0,312
162,8,4,0,214
162,8,5,1,91
162,8,6,1,85
162,9,0,0,218
162,9,1,0,309
162,9,2,0,319
162,9,3,0,325
162,9,4,0,249
162,9,5,1,128
162,9,6,1,111
162,10,0,0,227
162,10,1,0,313
162,10,2,0,299
162,10,3,0,298
162,10,4,0,268
162,10,5,1,201
162,10,6,1,164
162,11,0,0,243
162,11,1,0,331
162,11,2,0,303
162,11,3,0,349
162,11,4,0,263
162,11,5,1,272
162,11,6,1,219
162,12,0,0,245
162,12,1,0,302
162,12,2,0,309
162,12,3,0,348
162,12,4,0,236
162,12,5,1,293
162,12,6,1,233
162,13,0,0,256
162,13,1,0,318
162,13,2,0,359
162,13,3,0,355
162,13,4,0,323
162,13,5,1,236
162,13,6,1,241
162,14,0,0,297
162,14,1,0,318
162,14,2,0,365
162,14,3,0,427
162,14,4,0,334
162,14,5,1,252
162,14,6,1,227
162,15,0,0,288
162,15,1,0,322
162,15,2,0,363
162,15,3,0,395
162,15,4,0,309
162,15,5,1,244
162,15,6,1,199
162,16,0,0,319
162,16,1,0,431
162,16,2,0,421
162,16,3,0,461
162,16,4,0,391
162,16,5,1,279
162,16,6,1,197
162,17,0,0,418
162,17,1,0,598
162,17,2,0,575
162,17,3,0,608
162,17,4,0,446
162,17,5,1,326
162,17,6,1,224
162,18,0,0,453
162,18,1,0,612
162,18,2,0,675
162,18,3,0,647
162,18,4,0,472
162,18,5,1,335
162,18,6,1,256
162,19,0,0,412
162,19,1,0,535
162,19,2,0,511
162,19,3,0,553
162,19,4,0,392
162,19,5,1,255
162,19,6,1,206
162,20,0,0,314
162,20,1,0,459
162,20,2,0,484
162,20,3,0,432
162,20,4,0,268
162,20,5,1,223
162,20,6,1,190
162,21,0,0,255
162,21,1,0,351
162,21,2,0,361
162,21,3,0,392
162,21,4,0,204
162,21,5,1,174
162,21,6,1,155
162,22,0,0,158
162,22,1,0,221
162,22,2,0,253
162,22,3,0,308
162,22,4,0,183
162,22,5,1,188
162,22,6,1,97
162,23,0,0,69
162,23,1,0,97
162,23,2,0,123
162,23,3,0,174
162,23,4,0,170
162,23,5,1,137
162,23,6,1,48
163,0,0,0,44
163,0,1,0,37
163,0,2,0,51
163,0,3,0,47
163,0,4,0,94
163,0,5,1,85
163,0,6,1,114
163,1,0,0,27
163,1,1,0,22
163,1,2,0,29
163,1,3,0,20
163,1,4,0,39
163,1,5,1,63
163,1,6,1,56
163,2,0,0,25
163,2,1,0,7
163,2,2,0,10
163,2,3,0,11
163,2,4,0,25
163,2,5,1,43
163,2,6,1,38
163,3,0,0,21
163,3,1,0,6
163,3,2,0,10
163,3,3,0,6
163,3,4,0,16
163,3,5,1,20
163,3,6,1,24
163,4,0,0,14
163,4,1,0,7
163,4,2,0,13
163,4,3,0,11
163,4,4,0,17
163,4,5,1,16
163,4,6,1,29
163,5,0,0,18
163,5,1,0,12
163,5,2,0,14
163,5,3,0,15
163,5,4,0,15
163,5,5,1,9
163,5,6,1,21
163,6,0,0,23
163,6,1,0,20
163,6,2,0,25
163,6,3,0,31
163,6,4,0,34
163,6,5,1,14
163,6,6,1,24
163,7,0,0,55
163,7,1,0,80
163,7,2,0,92
163,7,3,0,67
163,7,4,0,71
163,7,5,1,32
163,7,6,1,28
163,8,0,0,99
163,8,1,0,143
163,8,2,0,159
163,8,3,0,159
163,8,4,0,131
163,8,5,1,57
163,8,6,1,69
163,9,0,0,134
163,9,1,0,131
163,9,2,0,152
163,9,3,0,200
163,9,4,0,136
163,9,5,1,105
163,9,6,1,119
163,10,0,0,169
163,10,1,0,173
163,10,2,0,183
163,10,3,0,199
163,10,4,0,204
163,10,5,1,175
163,10,6,1,166
163,11,0,0,211
163,11,1,0,264
163,11,2,0,244
163,11,3,0,254
163,11,4,0,224
163,11,5,1,217
163,11,6,1,211
163,12,0,0,221
163,12,1,0,243
163,12,2,0,247
163,12,3,0,280
163,12,4,0,277
163,12,5,1,248
163,12,6,1,220
163,13,0,0,250
163,13,1,0,269
163,13,2,0,289
163,13,3,0,311
163,13,4,0,260
163,13,5,1,308
163,13,6,1,217
163,14,0,0,255
163,14,1,0,307
163,14,2,0,324
163,14,3,0,318
163,14,4,0,275
163,14,5,1,256
163,14,6,1,219
163,15,0,0,259
163,15,1,0,277
163,15,2,0,322
163,15,3,0,323
163,15,4,0,275
163,15,5,1,282
163,15,6,1,251
163,16,0,0,260
163,16,1,0,329
163,16,2,0,343
163,16,3,0,361
163,16,4,0,359
163,16,5,1,307
163,16,6,1,257
163,17,0,0,359
163,17,1,0,423
163,17,2,0,440
163,17,3,0,370
163,17,4,0,369
163,17,5,1,298
163,17,6,1,217
163,18,0,0,352
163,18,1,0,456
163,18,2,0,474
163,18,3,0,442
163,18,4,0,350
163,18,5,1,290
163,18,6,1,226
163,19,0,0,279
163,19,1,0,386
163,19,2,0,400
163,19,3,0,411
163,19,4,0,280
163,19,5,1,306
163,19,6,1,121
163,20,0,0,257
163,20,1,0,330
163,20,2,0,355
163,20,3,0,373
163,20,4,0,249
163,20,5,1,218
163,20,6,1,133
163,21,0,0,242
163,21,1,0,300
163,21,2,0,367
163,21,3,0,365
163,21,4,0,276
163,21,5,1,214
163,21,6,1,127
163,22,0,0,172
163,22,1,0,260
163,22,2,0,312
163,22,3,0,324
163,22,4,0,261
163,22,5,1,257
163,22,6,1,122
163,23,0,0,78
163,23,1,0,132
163,23,2,0,172
163,23,3,0,170
163,23,4,0,176
163,23,5,1,192
163,23,6,1,60
164,0,0,0,49
164,0,1,0,62
164,0,2,0,63
164,0,3,0,84
164,0,4,0,128
164,0,5,1,168
164,0,6,1,179
164,1,0,0,33
164,1,1,0,24
164,1,2,0,30
164,1,3,0,29
164,1,4,0,62
164,1,5,1,125
164,1,6,1,142
164,2,0,0,30
164,2,1,0,5
164,2,2,0,18
164,2,3,0,21
164,2,4,0,37
164,2,5,1,78
164,2,6,1,87
164,3,0,0,21
164,3,1,0,3
164,3,2,0,5
164,3,3,0,11
164,3,4,0,20
164,3,5,1,51
164,3,6,1,72
164,4,0,0,14
164,4,1,0,8
164,4,2,0,10
164,4,3,0,13
164,4,4,0,27
164,4,5,1,43
164,4,6,1,57
164,5,0,0,16
164,5,1,0,11
164,5,2,0,7
164,5,3,0,12
164,5,4,0,11
164,5,5,1,21
164,5,6,1,18
164,6,0,0,35
164,6,1,0,26
164,6,2,0,20
164,6,3,0,20
164,6,4,0,19
164,6,5,1,19
164,6,6,1,17
164,7,0,0,52
164,7,1,0,75
164,7,2,0,78
164,7,3,0,56
164,7,4,0,52
164,7,5,1,30
164,7,6,1,32
164,8,0,0,87
164,8,1,0,90
164,8,2,0,106
164,8,3,0,127
164,8,4,0,92
164,8,5,1,58
164,8,6,1,42
164,9,0,0,102
164,9,1,0,134
164,9,2,0,137
164,9,3,0,155
164,9,4,0,99
164,9,5,1,88
164,9,6,1,81
164,10,0,0,112
164,10,1,0,165
164,10,2,0,151
164,10,3,0,166
164,10,4,0,128
164,10,5,1,117
164,10,6,1,94
164,11,0,0,131
164,11,1,0,166
164,11,2,0,190
164,11,3,0,184
164,11,4,0,159
164,11,5,1,156
164,11,6,1,117
164,12,0,0,145
164,12,1,0,175
164,12,2,0,182
164,12,3,0,197
164,12,4,0,185
164,12,5,1,177
164,12,6,1,154
164,13,0,0,157
164,13,1,0,187
164,13,2,0,180
164,13,3,0,243
164,13,4,0,183
164,13,5,1,163
164,13,6,1,156
164,14,0,0,188
164,14,1,0,201
164,14,2,0,215
164,14,3,0,193
164,14,4,0,205
164,14,5,1,204
164,14,6,1,146
164,15,0,0,179
164,15,1,0,193
164,15,2,0,206
164,15,3,0,224
164,15,4,0,191
164,15,5,1,187
164,15,6,1,156
164,16,0,0,159
164,16,1,0,205
164,16,2,0,229
164,16,3,0,228
164,16,4,0,212
164,16,5,1,200
164,16,6,1,137
164,17,0,0,226
164,17,1,0,260
164,17,2,0,286
164,17,3,0,275
164,17,4,0,194
164,17,5,1,210
164,17,6,1,145
164,18,0,0,207
164,18,1,0,263
164,18,2,0,307
164,18,3,0,327
164,18,4,0,227
164,18,5,1,201
164,18,6,1,158
164,19,0,0,161
164,19,1,0,249
164,19,2,0,287
164,19,3,0,270
164,19,4,0,250
164,19,5,1,217
164,19,6,1,117
164,20,0,0,161
164,20,1,0,216
164,20,2,0,238
164,20,3,0,288
164,20,4,0,188
164,20,5,1,206
164,20,6,1,128
164,21,0,0,168
164,21,1,0,234
164,21,2,0,286
164,21,3,0,299
164,21,4,0,192
164,21,5,1,184
164,21,6,1,111
164,22,0,0,117
164,22,1,0,185
164,22,2,0,215
164,22,3,0,285
164,22,4,0,195
164,22,5,1,217
164,22,6,1,75
164,23,0,0,54
164,23,1,0,93
164,23,2,0,141
164,23,3,0,208
164,23,4,0,184
164,23,5,1,213
164,23,6,1,55
165,1,6,1,1
165,2,0,0,1
165,2,1,0,1
165,2,3,0,1
165,6,1,0,2
165,6,2,0,1
165,6,4,0,6
165,7,1,0,1
165,7,2,0,1
165,7,3,0,3
165,7,4,0,1
165,8,0,0,1
165,8,1,0,1
165,8,2,0,2
165,8,3,0,1
165,9,0,0,1
165,9,1,0,1
165,9,2,0,3
165,9,3,0,2
165,9,4,0,1
165,9,6,1,1
165,10,0,0,1
165,10,1,0,2
165,10,2,0,2
165,10,3,0,5
165,11,0,0,2
165,11,2,0,3
165,11,3,0,2
165,11,4,0,1
165,11,5,1,1
165,11,6,1,1
165,12,0,0,2
165,12,1,0,1
165,12,2,0,2
165,12,3,0,2
165,12,4,0,1
165,13,0,0,1
165,13,3,0,2
165,13,4,0,1
165,14,0,0,1
165,14,1,0,2
165,14,2,0,2
165,14,3,0,1
165,15,0,0,1
165,15,1,0,4
165,15,3,0,1
165,15,4,0,1
165,15,5,1,1
165,16,0,0,3
165,16,1,0,1
165,16,3,0,4
165,16,4,0,1
165,16,5,1,1
165,17,0,0,1
165,17,1,0,2
165,17,2,0,1
165,17,3,0,1
165,18,1,0,1
165,18,4,0,1
165,19,5,1,1
165,22,1,0,1
165,23,0,0,1
166,0,0,0,5
166,0,1,0,8
166,0,2,0,2
166,0,3,0,7
166,0,4,0,12
166,0,5,1,8
166,0,6,1,17
166,1,0,0,5
166,1,1,0,1
166,1,2,0,4
166,1,3,0,3
166,1,4,0,3
166,1,5,1,6
166,1,6,1,8
166,2,0,0,2
166,2,2,0,1
166,2,3,0,1
166,2,4,0,1
166,2,5,1,1
166,2,6,1,4
166,3,0,0,1
166,3,2,0,3
166,3,5,1,2
166,4,0,0,2
166,4,1,0,3
166,4,2,0,2
166,4,5,1,1
166,4,6,1,3
166,5,0,0,4
166,5,1,0,6
166,5,2,0,3
166,5,3,0,6
166,5,4,0,6
166,5,5,1,2
166,5,6,1,2
166,6,0,0,4
166,6,1,0,9
166,6,2,0,9
166,6,3,0,6
166,6,4,0,9
166,6,5,1,2
166,6,6,1,4
166,7,0,0,15
166,7,1,0,21
166,7,2,0,27
166,7,3,0,26
166,7,4,0,31
166,7,5,1,5
166,7,6,1,12
166,8,0,0,34
166,8,1,0,40
166,8,2,0,47
166,8,3,0,43
166,8,4,0,46
166,8,5,1,19
166,8,6,1,13
166,9,0,0,28
166,9,1,0,34
166,9,2,0,41
166,9,3,0,48
166,9,4,0,49
166,9,5,1,29
166,9,6,1,27
166,10,0,0,39
166,10,1,0,36
166,10,2,0,21
166,10,3,0,45
166,10,4,0,33
166,10,5,1,25
166,10,6,1,29
166,11,0,0,33
166,11,1,0,33
166,11,2,0,24
166,11,3,0,45
166,11,4,0,37
166,11,5,1,32
166,11,6,1,43
166,12,0,0,43
166,12,1,0,49
166,12,2,0,43
166,12,3,0,46
166,12,4,0,60
166,12,5,1,46
166,12,6,1,43
166,13,0,0,30
166,13,1,0,51
166,13,2,0,51
166,13,3,0,53
166,13,4,0,43
166,13,5,1,43
166,13,6,1,44
166,14,0,0,39
166,14,1,0,43
166,14,2,0,54
166,14,3,0,50
166,14,4,0,39
166,14,5,1,30
166,14,6,1,38
166,15,0,0,38
166,15,1,0,43
166,15,2,0,47
166,15,3,0,46
166,15,4,0,54
166,15,5,1,35
166,15,6,1,19
166,16,0,0,39
166,16,1,0,34
166,16,2,0,54
166,16,3,0,72
166,16,4,0,66
166,16,5,1,40
166,16,6,1,26
166,17,0,0,36
166,17,1,0,51
166,17,2,0,51
166,17,3,0,73
166,17,4,0,61
166,17,5,1,45
166,17,6,1,37
166,18,0,0,46
166,18,1,0,51
166,18,2,0,45
166,18,3,0,67
166,18,4,0,41
166,18,5,1,42
166,18,6,1,41
166,19,0,0,22
166,19,1,0,30
166,19,2,0,37
166,19,3,0,38
166,19,4,0,27
166,19,5,1,29
166,19,6,1,28
166,20,0,0,35
166,20,1,0,35
166,20,2,0,39
166,20,3,0,41
166,20,4,0,20
166,20,5,1,19
166,20,6,1,22
166,21,0,0,20
166,21,1,0,33
166,21,2,0,27
166,21,3,0,40
166,21,4,0,20
166,21,5,1,23
166,21,6,1,10
166,22,0,0,20
166,22,1,0,13
166,22,2,0,26
166,22,3,0,29
166,22,4,0,24
166,22,5,1,30
166,22,6,1,8
166,23,0,0,7
166,23,1,0,7
166,23,2,0,13
166,23,3,0,11
166,23,4,0,14
166,23,5,1,15
166,23,6,1,5
167,4,0,0,1
167,4,4,0,1
167,5,0,0,1
167,5,3,0,1
167,5,5,1,1
167,5,6,1,1
167,6,0,0,2
167,6,1,0,3
167,6,2,0,1
167,6,3,0,1
167,6,4,0,2
167,7,0,0,1
167,7,1,0,2
167,7,2,0,2
167,7,3,0,1
167,7,5,1,1
167,8,0,0,1
167,8,1,0,1
167,8,3,0,1
167,8,4,0,1
167,8,6,1,2
167,9,0,0,2
167,9,1,0,1
167,9,2,0,1
167,9,3,0,1
167,9,4,0,1
167,9,6,1,2
167,10,0,0,1
167,10,1,0,2
167,10,2,0,2
167,10,4,0,1
167,10,5,1,2
167,11,0,0,2
167,11,2,0,1
167,11,5,1,1
167,11,6,1,1
167,12,1,0,1
167,12,3,0,1
167,12,5,1,1
167,13,0,0,2
167,13,2,0,2
167,13,3,0,6
167,14,2,0,1
167,14,4,0,2
167,16,1,0,2
167,17,5,1,1
167,17,6,1,1
167,18,5,1,1
167,20,5,1,1
167,23,5,1,1
168,2,3,0,1
168,3,6,1,1
168,4,2,0,1
168,4,4,0,1
168,5,1,0,1
168,5,2,0,1
168,5,4,0,2
168,6,0,0,1
168,6,2,0,1
168,6,3,0,1
168,6,4,0,2
168,7,0,0,4
168,7,1,0,1
168,7,2,0,4
168,7,4,0,2
168,8,0,0,6
168,8,1,0,1
168,8,3,0,1
168,8,4,0,2
168,8,5,1,1
168,8,6,1,1
168,9,0,0,2
168,9,1,0,2
168,9,2,0,2
168,9,5,1,1
168,9,6,1,1
168,10,0,0,4
168,10,1,0,1
168,10,3,0,3
168,10,6,1,2
168,11,0,0,2
168,11,1,0,1
168,11,2,0,1
168,11,3,0,1
168,11,4,0,1
168,12,1,0,2
168,12,5,1,3
168,12,6,1,1
168,13,0,0,1
168,13,1,0,2
168,13,2,0,1
168,13,3,0,1
168,13,4,0,1
168,13,5,1,2
168,14,2,0,4
168,14,3,0,1
168,14,4,0,1
168,14,5,1,1
168,14,6,1,1
168,15,0,0,1
168,15,1,0,1
168,15,2,0,2
168,15,3,0,1
168,15,5,1,1
168,15,6,1,2
168,16,0,0,1
168,16,1,0,2
168,16,2,0,1
168,16,4,0,1
168,16,5,1,1
168,17,0,0,2
168,17,2,0,2
168,17,4,0,1
168,18,0,0,3
168,18,2,0,1
168,18,4,0,2
168,18,6,1,1
168,19,2,0,1
168,20,0,0,1
168,21,1,0,1
168,21,4,0,1
168,21,5,1,1
168,22,0,0,1
168,22,2,0,1
168,23,5,1,1
169,1,5,1,1
169,4,5,1,1
169,5,2,0,2
169,5,4,0,3
169,6,2,0,1
169,6,4,0,1
169,7,0,0,1
169,7,1,0,2
169,7,2,0,2
169,7,3,0,1
169,7,4,0,1
169,8,1,0,2
169,8,2,0,2
169,8,5,1,1
169,9,0,0,1
169,9,4,0,2
169,9,5,1,1
169,10,0,0,1
169,10,2,0,1
169,10,3,0,2
169,10,5,1,1
169,11,0,0,1
169,11,2,0,1
169,11,3,0,1
169,11,5,1,1
169,12,1,0,1
169,12,4,0,1
169,12,5,1,1
169,13,1,0,1
169,13,2,0,2
169,13,4,0,1
169,13,5,1,1
169,14,0,0,1
169,14,4,0,1
169,15,0,0,1
169,16,1,0,1
169,16,2,0,1
169,17,1,0,1
169,17,2,0,2
169,17,6,1,1
169,18,1,0,1
169,18,3,0,1
169,19,3,0,1
169,22,5,1,1
170,0,0,0,50
170,0,1,0,32
170,0,2,0,37
170,0,3,0,50
170,0,4,0,104
170,0,5,1,121
170,0,6,1,119
170,1,0,0,47
170,1,1,0,9
170,1,2,0,21
170,1,3,0,24
170,1,4,0,41
170,1,5,1,85
170,1,6,1,85
170,2,0,0,33
170,2,1,0,8
170,2,2,0,9
170,2,3,0,4
170,2,4,0,17
170,2,5,1,45
170,2,6,1,53
170,3,0,0,11
170,3,1,0,7
170,3,2,0,4
170,3,3,0,5
170,3,4,0,14
170,3,5,1,26
170,3,6,1,28
170,4,0,0,16
170,4,1,0,11
170,4,2,0,4
170,4,3,0,4
170,4,4,0,6
170,4,5,1,14
170,4,6,1,28
170,5,0,0,17
170,5,1,0,23
170,5,2,0,22
170,5,3,0,14
170,5,4,0,13
170,5,5,1,8
170,5,6,1,13
170,6,0,0,50
170,6,1,0,58
170,6,2,0,52
170,6,3,0,58
170,6,4,0,58
170,6,5,1,27
170,6,6,1,24
170,7,0,0,114
170,7,1,0,139
170,7,2,0,148
170,7,3,0,158
170,7,4,0,110
170,7,5,1,38
170,7,6,1,36
170,8,0,0,178
170,8,1,0,211
170,8,2,0,197
170,8,3,0,230
170,8,4,0,173
170,8,5,1,81
170,8,6,1,60
170,9,0,0,211
170,9,1,0,261
170,9,2,0,281
170,9,3,0,250
170,9,4,0,199
170,9,5,1,133
170,9,6,1,105
170,10,0,0,177
170,10,1,0,274
170,10,2,0,284
170,10,3,0,264
170,10,4,0,234
170,10,5,1,170
170,10,6,1,151
170,11,0,0,202
170,11,1,0,281
170,11,2,0,269
170,11,3,0,271
170,11,4,0,251
170,11,5,1,241
170,11,6,1,188
170,12,0,0,205
170,12,1,0,272
170,12,2,0,296
170,12,3,0,287
170,12,4,0,243
170,12,5,1,237
170,12,6,1,195
170,13,0,0,230
170,13,1,0,296
170,13,2,0,311
170,13,3,0,301
170,13,4,0,267
170,13,5,1,250
170,13,6,1,180
170,14,0,0,260
170,14,1,0,298
170,14,2,0,318
170,14,3,0,277
170,14,4,0,296
170,14,5,1,235
170,14,6,1,180
170,15,0,0,237
170,15,1,0,277
170,15,2,0,312
170,15,3,0,320
170,15,4,0,254
170,15,5,1,226
170,15,6,1,162
170,16,0,0,240
170,16,1,0,299
170,16,2,0,350
170,16,3,0,326
170,16,4,0,285
170,16,5,1,249
170,16,6,1,195
170,17,0,0,268
170,17,1,0,343
170,17,2,0,407
170,17,3,0,367
170,17,4,0,330
170,17,5,1,235
170,17,6,1,187
170,18,0,0,284
170,18,1,0,389
170,18,2,0,408
170,18,3,0,419
170,18,4,0,332
170,18,5,1,272
170,18,6,1,172
170,19,0,0,215
170,19,1,0,289
170,19,2,0,364
170,19,3,0,388
170,19,4,0,326
170,19,5,1,258
170,19,6,1,141
170,20,0,0,210
170,20,1,0,264
170,20,2,0,300
170,20,3,0,325
170,20,4,0,222
170,20,5,1,229
170,20,6,1,127
170,21,0,0,144
170,21,1,0,207
170,21,2,0,223
170,21,3,0,328
170,21,4,0,185
170,21,5,1,181
170,21,6,1,101
170,22,0,0,98
170,22,1,0,145
170,22,2,0,194
170,22,3,0,241
170,22,4,0,177
170,22,5,1,200
170,22,6,1,106
170,23,0,0,56
170,23,1,0,79
170,23,2,0,110
170,23,3,0,153
170,23,4,0,150
170,23,5,1,172
170,23,6,1,53
171,5,3,0,1
171,6,5,1,1
171,7,3,0,1
171,8,2,0,1
171,8,3,0,1
171,8,5,1,1
171,9,2,0,1
171,10,1,0,1
171,10,2,0,1
171,11,3,0,1
171,12,4,0,1
171,12,6,1,1
171,14,2,0,1
171,15,3,0,1
171,15,6,1,1
171,16,6,1,1
171,17,6,1,1
171,18,4,0,1
171,18,5,1,1
171,20,3,0,1
172,3,0,0,1
172,15,6,1,1
173,0,6,1,1
173,3,4,0,1
173,4,6,1,1
173,6,6,1,1
173,7,3,0,1
173,8,3,0,1
173,9,1,0,1
173,9,6,1,1
173,10,0,0,1
173,10,3,0,1
173,11,1,0,1
173,11,4,0,1
173,12,1,0,1
173,12,3,0,1
173,13,5,1,1
173,14,0,0,1
173,14,1,0,1
173,14,3,0,2
173,14,6,1,1
173,16,5,1,1
173,18,1,0,1
173,19,3,0,1
173,21,5,1,1
173,22,6,1,1
174,5,3,0,2
174,6,0,0,1
174,6,4,0,1
174,7,0,0,1
174,7,2,0,2
174,7,4,0,1
174,8,0,0,2
174,8,3,0,3
174,8,6,1,2
174,10,0,0,1
174,10,4,0,2
174,11,0,0,1
174,11,1,0,1
174,11,2,0,1
174,11,3,0,1
174,11,5,1,1
174,12,1,0,1
174,12,2,0,2
174,12,3,0,1
174,12,4,0,1
174,12,5,1,1
174,13,1,0,1
174,13,2,0,1
174,13,3,0,2
174,14,0,0,1
174,14,1,0,1
174,14,3,0,1
174,16,1,0,1
174,16,3,0,1
174,16,6,1,1
174,17,0,0,1
174,17,3,0,1
174,18,0,0,1
174,18,3,0,1
174,18,4,0,1
175,9,5,1,1
175,11,6,1,1
175,12,0,0,1
175,12,4,0,1
175,13,2,0,1
175,14,2,0,1
175,15,5,1,1
175,16,1,0,1
175,17,0,0,1
175,18,0,0,1
175,18,1,0,1
175,19,0,0,1
175,19,2,0,3
175,19,3,0,1
175,19,4,0,1
175,22,5,1,1
175,23,4,0,1
177,0,0,0,1
177,0,5,1,1
177,4,5,1,1
177,4,6,1,1
177,5,0,0,1
177,5,1,0,1
177,5,2,0,3
177,5,4,0,1
177,6,0,0,3
177,6,1,0,3
177,6,3,0,2
177,6,4,0,2
177,7,0,0,3
177,7,1,0,2
177,7,2,0,2
177,7,3,0,2
177,7,4,0,2
177,8,0,0,4
177,8,1,0,2
177,8,2,0,3
177,8,3,0,3
177,8,4,0,6
177,8,5,1,1
177,8,6,1,2
177,9,0,0,2
177,9,1,0,1
177,9,2,0,2
177,9,4,0,1
177,9,5,1,1
177,9,6,1,1
177,10,0,0,2
177,10,1,0,3
177,10,2,0,4
177,10,3,0,1
177,10,4,0,3
177,11,0,0,1
177,11,1,0,2
177,11,2,0,1
177,11,3,0,1
177,11,4,0,1
177,11,5,1,1
177,12,0,0,2
177,12,1,0,2
177,12,2,0,5
177,12,3,0,2
177,12,6,1,2
177,13,0,0,1
177,13,1,0,1
177,13,2,0,4
177,13,3,0,1
177,13,4,0,2
177,13,5,1,1
177,14,2,0,1
177,14,3,0,1
177,15,0,0,1
177,15,3,0,1
177,15,4,0,1
177,16,4,0,1
177,17,0,0,1
177,17,2,0,1
177,17,4,0,1
177,17,6,1,1
177,18,1,0,1
177,18,3,0,1
177,18,4,0,1
177,18,5,1,1
177,19,3,0,1
177,21,3,0,1
177,21,4,0,1
177,22,0,0,1
178,5,1,0,1
178,6,0,0,1
178,8,0,0,2
178,8,1,0,2
178,8,3,0,2
178,8,4,0,2
178,9,0,0,1
178,9,1,0,2
178,9,4,0,1
178,9,6,1,1
178,10,3,0,1
178,10,4,0,1
178,13,1,0,1
178,13,6,1,1
178,14,1,0,1
178,16,4,0,1
178,19,2,0,1
178,21,3,0,1
179,0,5,1,1
179,0,6,1,2
179,1,0,0,2
179,1,2,0,1
179,2,5,1,1
179,2,6,1,1
179,3,5,1,1
179,4,0,0,1
179,4,2,0,1
179,4,6,1,2
179,5,1,0,2
179,5,3,0,1
179,6,0,0,1
179,6,1,0,1
179,6,2,0,2
179,6,3,0,1
179,6,4,0,1
179,7,0,0,2
179,7,1,0,1
179,7,3,0,3
179,8,2,0,1
179,8,6,1,2
179,9,0,0,2
179,9,2,0,1
179,9,3,0,1
179,9,4,0,1
179,9,6,1,2
179,10,0,0,2
179,10,1,0,2
179,10,2,0,3
179,10,3,0,2
179,10,4,0,1
179,10,5,1,3
179,11,0,0,2
179,11,2,0,1
179,11,3,0,3
179,11,4,0,2
179,12,0,0,1
179,12,1,0,1
179,12,2,0,3
179,12,3,0,4
179,12,4,0,1
179,12,5,1,2
179,12,6,1,1
179,13,0,0,2
179,13,1,0,1
179,13,2,0,1
179,14,0,0,1
179,14,1,0,4
179,14,2,0,2
179,14,3,0,2
179,14,4,0,2
179,15,0,0,1
179,15,1,0,4
179,15,2,0,1
179,15,4,0,1
179,15,5,1,1
179,16,1,0,1
179,16,2,0,2
179,16,3,0,2
179,16,4,0,2
179,16,5,1,1
179,17,0,0,1
179,17,6,1,2
179,18,3,0,1
179,18,4,0,1
179,18,5,1,1
179,18,6,1,2
179,19,4,0,1
179,20,4,0,1
179,21,2,0,2
179,21,5,1,1
179,22,4,0,1
179,22,5,1,1
179,22,6,1,1
179,23,1,0,1
179,23,4,0,1
179,23,5,1,1
180,0,2,0,1
180,5,0,0,1
180,8,0,0,1
180,8,2,0,1
180,9,0,0,1
180,9,4,0,1
180,10,5,1,1
180,11,1,0,1
180,11,2,0,1
180,11,3,0,2
180,11,6,1,1
180,12,4,0,1
180,14,2,0,1
180,15,0,0,1
180,15,2,0,1
180,19,2,0,1
180,23,3,0,1
180,23,5,1,2
181,0,0,0,1
181,0,1,0,1
181,0,2,0,1
181,0,3,0,1
181,0,4,0,3
181,0,5,1,10
181,0,6,1,5
181,1,0,0,2
181,1,1,0,1
181,1,2,0,1
181,1,4,0,2
181,1,5,1,1
181,2,6,1,2
181,3,0,0,1
181,3,4,0,1
181,3,5,1,1
181,3,6,1,1
181,5,3,0,1
181,5,6,1,1
181,6,1,0,1
181,6,3,0,1
181,6,4,0,1
181,7,1,0,1
181,7,2,0,1
181,8,0,0,1
181,8,1,0,1
181,8,2,0,2
181,8,5,1,2
181,9,0,0,2
181,9,1,0,1
181,9,2,0,3
181,9,3,0,2
181,9,5,1,1
181,9,6,1,1
181,10,0,0,3
181,10,1,0,4
181,10,2,0,1
181,10,3,0,6
181,10,4,0,2
181,10,6,1,1
181,11,0,0,2
181,11,1,0,4
181,11,2,0,6
181,11,3,0,1
181,11,4,0,2
181,11,5,1,3
181,12,0,0,2
181,12,1,0,4
181,12,2,0,3
181,12,3,0,3
181,12,4,0,3
181,12,5,1,1
181,12,6,1,1
181,13,0,0,1
181,13,1,0,3
181,13,2,0,2
181,13,3,0,2
181,13,4,0,1
181,13,5,1,2
181,13,6,1,2
181,14,0,0,4
181,14,1,0,4
181,14,2,0,1
181,14,3,0,3
181,14,5,1,1
181,15,0,0,2
181,15,1,0,1
181,15,3,0,4
181,15,5,1,1
181,15,6,1,2
181,16,0,0,4
181,16,2,0,2
181,16,3,0,3
181,16,4,0,2
181,16,5,1,3
181,16,6,1,4
181,17,0,0,1
181,17,2,0,2
181,17,4,0,4
181,17,5,1,1
181,17,6,1,2
181,18,0,0,1
181,18,1,0,1
181,18,2,0,1
181,18,3,0,4
181,18,4,0,1
181,18,5,1,3
181,18,6,1,2
181,19,0,0,1
181,19,1,0,1
181,19,2,0,3
181,19,4,0,3
181,19,5,1,1
181,20,0,0,1
181,20,1,0,3
181,20,3,0,1
181,20,4,0,2
181,20,5,1,4
181,20,6,1,2
181,21,0,0,3
181,21,1,0,3
181,21,2,0,5
181,21,3,0,1
181,21,5,1,3
181,21,6,1,1
181,22,0,0,5
181,22,1,0,6
181,22,2,0,3
181,22,3,0,3
181,22,4,0,3
181,23,1,0,1
181,23,2,0,2
181,23,3,0,2
181,23,4,0,3
181,23,5,1,5
181,23,6,1,2
182,1,1,0,1
182,5,0,0,2
182,5,1,0,1
182,5,2,0,2
182,5,3,0,2
182,5,5,1,1
182,6,0,0,1
182,6,1,0,1
182,6,2,0,2
182,6,3,0,1
182,6,4,0,1
182,7,1,0,2
182,7,2,0,1
182,7,3,0,1
182,8,4,0,1
182,9,0,0,2
182,9,1,0,1
182,9,2,0,1
182,9,3,0,1
182,9,4,0,1
182,9,6,1,1
182,10,1,0,1
182,10,2,0,1
182,10,4,0,1
182,10,5,1,1
182,10,6,1,1
182,11,0,0,1
182,11,3,0,1
182,11,4,0,1
182,11,6,1,3
182,12,1,0,2
182,12,2,0,1
182,12,3,0,1
182,12,5,1,1
182,13,1,0,1
182,13,2,0,2
182,13,4,0,1
182,14,1,0,2
182,14,2,0,1
182,14,3,0,1
182,16,0,0,1
182,16,2,0,1
182,17,2,0,1
182,17,6,1,1
182,18,2,0,1
182,19,4,0,2
182,20,4,0,1
182,20,5,1,1
183,4,1,0,1
183,4,3,0,1
183,5,4,0,1
183,6,1,0,1
183,7,2,0,1
183,10,5,1,1
183,12,6,1,1
183,13,1,0,1
183,14,0,0,1
183,16,4,0,1
183,19,2,0,1
184,10,1,0,1
185,6,2,0,3
185,6,3,0,3
185,6,4,0,1
185,8,1,0,1
185,8,3,0,1
185,8,5,1,1
185,9,6,1,1
185,10,0,0,1
185,10,2,0,1
185,10,3,0,1
185,11,2,0,1
185,11,6,1,1
185,12,0,0,1
185,13,0,0,1
185,13,1,0,1
185,13,2,0,1
185,14,0,0,1
185,14,1,0,1
185,14,2,0,1
185,14,5,1,1
185,15,6,1,1
185,16,0,0,1
185,16,2,0,3
185,16,4,0,1
185,17,5,1,1
186,0,0,0,95
186,0,1,0,101
186,0,2,0,78
186,0,3,0,87
186,0,4,0,151
186,0,5,1,170
186,0,6,1,173
186,1,0,0,57
186,1,1,0,31
186,1,2,0,34
186,1,3,0,38
186,1,4,0,67
186,1,5,1,91
186,1,6,1,102
186,2,0,0,23
186,2,1,0,20
186,2,2,0,19
186,2,3,0,18
186,2,4,0,27
186,2,5,1,48
186,2,6,1,52
186,3,0,0,41
186,3,1,0,12
186,3,2,0,7
186,3,3,0,9
186,3,4,0,10
186,3,5,1,45
186,3,6,1,52
186,4,0,0,21
186,4,1,0,10
186,4,2,0,12
186,4,3,0,10
186,4,4,0,10
186,4,5,1,22
186,4,6,1,32
186,5,0,0,85
186,5,1,0,85
186,5,2,0,68
186,5,3,0,91
186,5,4,0,61
186,5,5,1,33
186,5,6,1,23
186,6,0,0,161
186,6,1,0,193
186,6,2,0,177
186,6,3,0,202
186,6,4,0,155
186,6,5,1,67
186,6,6,1,44
186,7,0,0,207
186,7,1,0,304
186,7,2,0,348
186,7,3,0,299
186,7,4,0,201
186,7,5,1,40
186,7,6,1,39
186,8,0,0,269
186,8,1,0,346
186,8,2,0,412
186,8,3,0,369
186,8,4,0,210
186,8,5,1,89
186,8,6,1,67
186,9,0,0,306
186,9,1,0,342
186,9,2,0,383
186,9,3,0,365
186,9,4,0,247
186,9,5,1,162
186,9,6,1,128
186,10,0,0,288
186,10,1,0,343
186,10,2,0,307
186,10,3,0,331
186,10,4,0,250
186,10,5,1,239
186,10,6,1,190
186,11,0,0,265
186,11,1,0,294
186,11,2,0,295
186,11,3,0,269
186,11,4,0,282
186,11,5,1,328
186,11,6,1,255
186,12,0,0,279
186,12,1,0,271
186,12,2,0,297
186,12,3,0,248
186,12,4,0,287
186,12,5,1,347
186,12,6,1,259
186,13,0,0,259
186,13,1,0,241
186,13,2,0,295
186,13,3,0,273
186,13,4,0,289
186,13,5,1,325
186,13,6,1,338
186,14,0,0,222
186,14,1,0,203
186,14,2,0,257
186,14,3,0,281
186,14,4,0,299
186,14,5,1,313
186,14,6,1,310
186,15,0,0,228
186,15,1,0,248
186,15,2,0,267
186,15,3,0,260
186,15,4,0,295
186,15,5,1,309
186,15,6,1,270
186,16,0,0,228
186,16,1,0,237
186,16,2,0,235
186,16,3,0,300
186,16,4,0,266
186,16,5,1,342
186,16,6,1,312
186,17,0,0,293
186,17,1,0,279
186,17,2,0,321
186,17,3,0,332
186,17,4,0,360
186,17,5,1,325
186,17,6,1,315
186,18,0,0,297
186,18,1,0,305
186,18,2,0,323
186,18,3,0,365
186,18,4,0,347
186,18,5,1,327
186,18,6,1,299
186,19,0,0,238
186,19,1,0,251
186,19,2,0,244
186,19,3,0,329
186,19,4,0,347
186,19,5,1,235
186,19,6,1,338
186,20,0,0,251
186,20,1,0,216
186,20,2,0,238
186,20,3,0,284
186,20,4,0,267
186,20,5,1,232
186,20,6,1,288
186,21,0,0,364
186,21,1,0,418
186,21,2,0,257
186,21,3,0,379
186,21,4,0,263
186,21,5,1,267
186,21,6,1,266
186,22,0,0,204
186,22,1,0,250
186,22,2,0,253
186,22,3,0,295
186,22,4,0,234
186,22,5,1,250
186,22,6,1,201
186,23,0,0,140
186,23,1,0,145
186,23,2,0,184
186,23,3,0,223
186,23,4,0,234
186,23,5,1,236
186,23,6,1,144
188,3,5,1,1
188,4,4,0,1
188,5,0,0,1
188,5,1,0,3
188,5,4,0,1
188,5,5,1,2
188,5,6,1,1
188,6,0,0,2
188,6,1,0,3
188,6,2,0,6
188,6,3,0,6
188,6,4,0,1
188,7,0,0,4
188,7,1,0,2
188,7,2,0,6
188,7,3,0,5
188,7,4,0,4
188,8,2,0,2
188,8,3,0,4
188,8,4,0,3
188,8,5,1,1
188,8,6,1,1
188,9,0,0,1
188,9,1,0,4
188,9,2,0,4
188,9,4,0,2
188,9,5,1,1
188,9,6,1,2
188,10,0,0,3
188,10,1,0,5
188,10,2,0,1
188,10,3,0,1
188,10,5,1,4
188,10,6,1,1
188,11,0,0,3
188,11,1,0,4
188,11,3,0,2
188,11,4,0,1
188,11,5,1,2
188,11,6,1,1
188,12,0,0,6
188,12,1,0,2
188,12,2,0,3
188,12,3,0,5
188,12,4,0,3
188,12,5,1,1
188,12,6,1,1
188,13,0,0,4
188,13,1,0,2
188,13,2,0,2
188,13,3,0,7
188,13,4,0,3
188,14,1,0,1
188,14,2,0,2
188,14,3,0,2
188,14,4,0,3
188,14,5,1,1
188,14,6,1,1
188,15,0,0,3
188,15,1,0,1
188,15,2,0,1
188,15,3,0,1
188,15,4,0,2
188,16,1,0,3
188,16,3,0,1
188,16,4,0,3
188,17,0,0,4
188,17,1,0,1
188,17,2,0,1
188,17,3,0,2
188,17,4,0,3
188,18,5,1,1
188,18,6,1,1
188,19,2,0,1
188,19,3,0,2
188,20,3,0,1
188,21,0,0,1
188,23,1,0,1
188,23,6,1,1
189,0,3,0,2
189,0,6,1,1
189,1,1,0,1
189,1,3,0,1
189,1,5,1,2
189,3,5,1,1
189,5,2,0,1
189,5,3,0,1
189,6,1,0,2
189,6,3,0,1
189,7,4,0,1
189,8,0,0,1
189,8,1,0,1
189,8,2,0,1
189,8,3,0,2
189,8,5,1,1
189,9,0,0,1
189,9,1,0,2
189,9,2,0,1
189,9,4,0,1
189,9,5,1,1
189,10,0,0,1
189,10,1,0,1
189,10,2,0,2
189,10,3,0,2
189,10,5,1,1
189,11,0,0,2
189,11,2,0,2
189,11,3,0,1
189,11,4,0,1
189,11,5,1,2
189,12,2,0,1
189,12,4,0,1
189,13,5,1,2
189,14,1,0,1
189,14,6,1,1
189,15,2,0,2
189,15,4,0,1
189,15,6,1,2
189,16,0,0,1
189,16,1,0,3
189,17,4,0,1
189,17,5,1,2
189,18,4,0,2
189,19,4,0,2
189,19,5,1,2
189,20,1,0,1
189,20,3,0,1
189,20,4,0,1
189,21,1,0,1
189,21,2,0,1
189,21,3,0,2
189,22,0,0,1
189,22,1,0,1
189,22,2,0,1
189,22,3,0,1
189,22,4,0,2
189,23,3,0,1
189,23,4,0,1
189,23,6,1,1
190,0,4,0,1
190,1,1,0,1
190,6,2,0,1
190,11,3,0,1
190,13,5,1,1
190,15,3,0,1
190,16,3,0,1
190,16,4,0,1
190,19,2,0,1
190,20,1,0,1
190,20,5,1,1
191,0,4,0,1
191,2,2,0,1
191,5,1,0,1
191,5,4,0,1
191,5,5,1,1
191,6,0,0,2
191,6,1,0,1
191,6,3,0,1
191,7,1,0,1
191,7,3,0,1
191,7,4,0,1
191,7,5,1,1
191,7,6,1,1
191,8,0,0,1
191,8,1,0,2
191,8,2,0,1
191,8,3,0,2
191,8,4,0,1
191,8,5,1,1
191,9,1,0,1
191,9,2,0,1
191,9,3,0,1
191,9,4,0,3
191,9,5,1,1
191,10,1,0,3
191,10,2,0,1
191,10,3,0,1
191,10,4,0,1
191,11,1,0,2
191,11,3,0,1
191,11,4,0,2
191,12,0,0,3
191,12,1,0,1
191,12,2,0,1
191,12,3,0,2
191,12,4,0,2
191,12,6,1,1
191,13,0,0,1
191,13,2,0,2
191,13,3,0,2
191,13,4,0,1
191,14,0,0,2
191,14,1,0,2
191,14,4,0,1
191,14,6,1,1
191,15,2,0,2
191,15,3,0,1
191,15,4,0,1
191,15,5,1,2
191,15,6,1,1
191,16,2,0,2
191,17,0,0,1
191,17,1,0,1
191,17,4,0,1
191,18,6,1,1
192,7,1,0,1
192,11,0,0,1
192,11,2,0,1
192,11,4,0,1
192,12,2,0,1
192,14,2,0,1
192,15,4,0,1
193,1,4,0,1
193,1,5,1,3
193,2,0,0,2
193,2,3,0,1
193,2,6,1,1
193,3,6,1,1
193,5,0,0,1
193,5,1,0,1
193,5,2,0,2
193,5,3,0,3
193,5,4,0,4
193,6,0,0,2
193,6,1,0,3
193,6,2,0,4
193,6,3,0,2
193,6,5,1,3
193,6,6,1,1
193,7,1,0,1
193,7,2,0,1
193,7,3,0,1
193,7,4,0,2
193,7,5,1,1
193,8,1,0,1
193,8,2,0,3
193,8,3,0,3
193,8,4,0,1
193,8,5,1,1
193,8,6,1,2
193,9,0,0,1
193,9,1,0,1
193,9,2,0,1
193,9,3,0,1
193,9,4,0,5
193,9,6,1,2
193,10,0,0,2
193,10,1,0,1
193,10,3,0,3
193,10,4,0,3
193,11,0,0,2
193,11,1,0,1
193,11,4,0,3
193,11,5,1,1
193,11,6,1,1
193,12,1,0,1
193,12,2,0,2
193,12,5,1,1
193,12,6,1,2
193,13,0,0,1
193,13,2,0,1
193,13,3,0,1
193,13,6,1,1
193,14,0,0,2
193,14,1,0,1
193,14,2,0,1
193,14,3,0,2
193,14,4,0,1
193,14,5,1,2
193,14,6,1,2
193,15,0,0,1
193,15,1,0,1
193,15,2,0,1
193,15,3,0,2
193,16,0,0,1
193,16,2,0,3
193,16,4,0,1
193,16,6,1,1
193,17,2,0,1
193,17,3,0,3
193,18,0,0,1
193,18,6,1,1
193,19,4,0,2
193,20,1,0,3
193,21,0,0,1
193,21,1,0,1
193,21,5,1,1
193,22,2,0,1
193,22,4,0,1
193,22,5,1,1
194,1,5,1,1
194,4,4,0,1
194,5,3,0,1
194,6,0,0,1
194,7,0,0,2
194,7,5,1,1
194,8,0,0,2
194,9,2,0,1
194,9,3,0,2
194,11,3,0,1
194,11,4,0,1
194,12,1,0,1
194,12,5,1,1
194,13,3,0,1
194,14,5,1,2
194,15,0,0,1
194,15,1,0,2
194,16,1,0,2
194,16,5,1,1
194,17,5,1,1
194,19,3,0,1
194,19,6,1,1
194,20,4,0,1
194,22,5,1,1
195,2,0,0,1
195,4,0,0,1
195,6,2,0,1
195,7,2,0,3
195,7,3,0,1
195,7,4,0,1
195,7,6,1,9
195,8,2,0,1
195,8,6,1,15
195,9,2,0,1
195,9,5,1,4
195,9,6,1,12
195,10,2,0,3
195,10,3,0,2
195,10,5,1,4
195,10,6,1,4
195,11,1,0,1
195,11,5,1,2
195,12,0,0,1
195,12,3,0,1
195,12,5,1,1
195,12,6,1,2
195,13,0,0,1
195,13,2,0,1
195,13,3,0,1
195,15,4,0,1
195,17,3,0,1
195,17,5,1,4
195,18,0,0,1
195,18,2,0,1
195,20,3,0,1
195,21,3,0,2
195,21,4,0,1
195,22,0,0,1
196,0,0,0,1
196,0,4,0,1
196,5,0,0,2
196,5,1,0,1
196,5,4,0,1
196,6,0,0,1
196,6,1,0,2
196,6,5,1,1
196,7,0,0,1
196,7,2,0,1
196,7,6,1,1
196,8,0,0,1
196,8,1,0,1
196,8,3,0,1
196,8,5,1,1
196,8,6,1,1
196,9,0,0,1
196,9,1,0,1
196,10,1,0,1
196,10,6,1,1
196,11,2,0,2
196,11,3,0,2
196,11,4,0,1
196,11,5,1,1
196,12,1,0,1
196,12,4,0,1
196,13,1,0,1
196,13,2,0,2
196,13,4,0,2
196,13,5,1,1
196,13,6,1,1
196,14,1,0,1
196,14,2,0,1
196,14,3,0,3
196,14,4,0,1
196,14,5,1,2
196,14,6,1,1
196,16,2,0,3
196,17,1,0,1
196,17,2,0,2
196,18,0,0,1
196,18,2,0,1
196,21,2,0,1
196,22,6,1,1
196,23,5,1,1
197,0,5,1,1
197,1,1,0,1
197,1,4,0,1
197,4,4,0,1
197,5,1,0,1
197,5,2,0,2
197,5,3,0,1
197,5,4,0,1
197,6,1,0,4
197,6,2,0,1
197,6,3,0,1
197,7,0,0,3
197,7,1,0,3
197,7,2,0,1
197,7,3,0,1
197,7,4,0,1
197,8,0,0,3
197,8,3,0,1
197,8,5,1,1
197,8,6,1,3
197,9,0,0,1
197,9,2,0,3
197,9,3,0,1
197,9,4,0,2
197,9,6,1,1
197,10,0,0,1
197,10,2,0,2
197,10,3,0,1
197,10,4,0,1
197,11,0,0,1
197,11,1,0,3
197,11,2,0,2
197,11,3,0,1
197,11,4,0,1
197,11,5,1,1
197,11,6,1,1
197,12,0,0,1
197,12,2,0,4
197,12,3,0,2
197,13,1,0,1
197,13,2,0,3
197,13,3,0,1
197,13,4,0,2
197,13,5,1,3
197,14,0,0,2
197,14,2,0,5
197,14,4,0,2
197,14,5,1,1
197,14,6,1,1
197,15,0,0,2
197,15,1,0,1
197,15,2,0,3
197,15,3,0,2
197,15,4,0,1
197,16,0,0,4
197,16,1,0,1
197,16,2,0,2
197,16,3,0,2
197,16,4,0,2
197,17,0,0,2
197,17,1,0,1
197,17,3,0,2
197,17,5,1,1
197,18,3,0,1
197,18,6,1,1
197,19,3,0,1
197,20,1,0,1
197,20,3,0,1
197,20,5,1,2
197,20,6,1,1
197,21,2,0,1
197,21,3,0,1
197,21,5,1,2
197,21,6,1,1
197,22,6,1,1
197,23,4,0,1
197,23,5,1,1
198,0,2,0,1
198,0,3,0,1
198,1,6,1,1
198,5,4,0,2
198,6,2,0,2
198,7,0,0,1
198,7,2,0,3
198,8,2,0,1
198,8,4,0,1
198,8,5,1,1
198,9,1,0,1
198,9,2,0,2
198,9,6,1,1
198,10,3,0,2
198,11,1,0,2
198,11,4,0,1
198,11,5,1,1
198,12,0,0,1
198,12,1,0,1
198,12,6,1,1
198,13,1,0,1
198,13,2,0,2
198,13,5,1,1
198,14,1,0,1
198,14,5,1,1
198,14,6,1,1
198,15,4,0,1
198,15,6,1,1
198,16,1,0,1
198,17,3,0,1
198,17,4,0,1
198,18,5,1,1
198,19,2,0,1
198,20,6,1,1
198,21,4,0,1
198,23,1,0,1
200,0,0,0,1
200,0,5,1,1
200,1,1,0,1
200,4,4,0,1
200,5,4,0,1
200,5,5,1,1
200,5,6,1,1
200,6,1,0,1
200,6,2,0,1
200,8,2,0,2
200,8,4,0,1
200,9,1,0,2
200,9,6,1,1
200,11,2,0,1
200,11,3,0,1
200,11,4,0,1
200,11,5,1,1
200,12,1,0,1
200,12,3,0,2
200,12,4,0,1
200,13,0,0,1
200,13,5,1,1
200,14,3,0,1
200,14,4,0,1
200,15,2,0,1
200,15,5,1,1
200,17,3,0,1
200,17,6,1,1
200,19,6,1,1
201,4,2,0,1
201,5,4,0,1
201,6,1,0,1
201,6,3,0,1
201,7,2,0,1
201,7,5,1,1
201,8,1,0,1
201,8,2,0,1
201,10,5,1,1
201,11,1,0,1
201,13,1,0,1
201,14,1,0,1
201,14,6,1,1
201,16,1,0,1
201,16,2,0,1
201,17,2,0,1
202,2,0,0,1
202,7,3,0,1
202,7,4,0,1
202,8,1,0,1
202,8,4,0,1
202,9,5,1,1
202,10,0,0,1
202,10,2,0,1
202,11,1,0,1
202,11,2,0,1
202,11,5,1,1
202,12,1,0,1
202,12,3,0,1
202,13,6,1,1
202,14,1,0,1
202,14,5,1,2
202,15,0,0,1
202,15,1,0,1
202,15,6,1,1
202,16,0,0,1
202,16,2,0,1
202,16,3,0,1
202,17,5,1,1
202,17,6,1,1
202,18,1,0,1
202,18,3,0,1
202,18,6,1,1
202,20,1,0,1
202,21,3,0,1
202,21,6,1,1
202,22,0,0,1
203,1,5,1,1
203,4,1,0,1
203,4,2,0,2
203,5,0,0,2
203,5,1,0,2
203,5,2,0,5
203,5,3,0,1
203,5,4,0,2
203,6,0,0,1
203,6,2,0,1
203,6,3,0,1
203,6,6,1,1
203,7,0,0,1
203,7,2,0,3
203,7,3,0,2
203,7,4,0,2
203,7,5,1,1
203,8,0,0,1
203,8,1,0,1
203,8,4,0,1
203,8,5,1,1
203,8,6,1,1
203,9,0,0,1
203,9,2,0,2
203,9,4,0,1
203,10,2,0,1
203,10,4,0,1
203,11,0,0,1
203,11,2,0,1
203,11,3,0,1
203,11,4,0,1
203,11,6,1,1
203,12,2,0,1
203,13,2,0,1
203,14,3,0,1
203,14,5,1,1
203,16,3,0,1
203,18,3,0,1
203,18,4,0,1
203,22,2,0,1
203,22,6,1,1
203,23,2,0,1
203,23,3,0,1
205,2,2,0,1
205,3,2,0,1
205,3,6,1,1
205,4,3,0,1
205,4,4,0,3
205,5,1,0,2
205,5,2,0,2
205,5,4,0,1
205,6,0,0,1
205,6,1,0,1
205,6,2,0,3
205,6,3,0,3
205,6,4,0,3
205,7,0,0,2
205,7,1,0,2
205,7,2,0,3
205,7,3,0,4
205,8,0,0,2
205,8,1,0,5
205,8,2,0,2
205,8,3,0,2
205,8,5,1,1
205,9,0,0,2
205,9,1,0,1
205,9,2,0,1
205,9,3,0,5
205,9,4,0,2
205,9,5,1,4
205,9,6,1,2
205,10,1,0,1
205,10,2,0,1
205,10,4,0,2
205,10,5,1,1
205,10,6,1,2
205,11,0,0,1
205,11,1,0,3
205,11,2,0,1
205,11,3,0,2
205,11,6,1,1
205,12,0,0,2
205,12,2,0,1
205,12,3,0,2
205,12,4,0,2
205,12,5,1,1
205,12,6,1,1
205,13,4,0,1
205,13,5,1,1
205,14,0,0,1
205,14,1,0,3
205,14,2,0,1
205,15,0,0,5
205,15,2,0,1
205,15,5,1,2
205,16,0,0,1
205,16,1,0,1
205,16,2,0,1
205,16,3,0,1
205,16,4,0,3
205,17,0,0,1
205,17,2,0,1
205,18,2,0,1
205,18,4,0,1
205,18,5,1,1
205,19,2,0,1
205,19,3,0,1
205,19,5,1,1
205,20,1,0,1
207,0,5,1,1
207,10,0,0,1
207,13,2,0,1
207,13,3,0,1
207,13,6,1,1
207,14,1,0,1
207,14,4,0,1
207,16,0,0,1
207,19,4,0,1
208,3,2,0,1
208,5,4,0,1
208,5,6,1,1
208,6,2,0,1
208,8,3,0,1
208,9,1,0,1
208,9,2,0,1
208,9,4,0,1
208,10,4,0,1
208,11,1,0,1
208,11,3,0,2
208,12,0,0,1
208,12,1,0,3
208,12,3,0,1
208,12,4,0,1
208,13,4,0,1
208,14,2,0,1
208,14,3,0,1
208,14,4,0,1
208,15,3,0,1
208,15,4,0,1
208,17,5,1,1
208,17,6,1,1
208,18,4,0,1
208,20,2,0,1
209,0,0,0,3
209,0,1,0,1
209,0,2,0,4
209,0,3,0,4
209,0,4,0,11
209,0,5,1,17
209,0,6,1,27
209,1,0,0,6
209,1,3,0,2
209,1,4,0,10
209,1,5,1,17
209,1,6,1,14
209,2,0,0,3
209,2,3,0,2
209,2,4,0,4
209,2,5,1,8
209,2,6,1,14
209,3,0,0,1
209,3,2,0,1
209,3,5,1,4
209,3,6,1,9
209,4,1,0,1
209,4,4,0,2
209,4,5,1,3
209,4,6,1,3
209,5,2,0,1
209,5,4,0,2
209,5,5,1,1
209,5,6,1,1
209,6,1,0,2
209,6,4,0,2
209,6,5,1,2
209,6,6,1,1
209,7,0,0,3
209,7,1,0,2
209,7,2,0,6
209,7,3,0,6
209,7,4,0,3
209,7,5,1,1
209,7,6,1,1
209,8,2,0,7
209,8,3,0,7
209,8,4,0,10
209,8,5,1,2
209,8,6,1,1
209,9,0,0,6
209,9,1,0,7
209,9,2,0,7
209,9,3,0,9
209,9,4,0,7
209,9,5,1,7
209,9,6,1,2
209,10,0,0,3
209,10,1,0,7
209,10,2,0,5
209,10,3,0,8
209,10,4,0,5
209,10,5,1,5
209,10,6,1,7
209,11,0,0,11
209,11,1,0,13
209,11,2,0,12
209,11,3,0,8
209,11,4,0,10
209,11,5,1,12
209,11,6,1,12
209,12,0,0,5
209,12,1,0,13
209,12,2,0,4
209,12,3,0,13
209,12,4,0,8
209,12,5,1,6
209,12,6,1,11
209,13,0,0,4
209,13,1,0,7
209,13,2,0,14
209,13,3,0,8
209,13,4,0,12
209,13,5,1,10
209,13,6,1,17
209,14,0,0,6
209,14,1,0,14
209,14,2,0,7
209,14,3,0,15
209,14,4,0,17
209,14,5,1,22
209,14,6,1,10
209,15,0,0,6
209,15,1,0,10
209,15,2,0,7
209,15,3,0,18
209,15,4,0,19
209,15,5,1,11
209,15,6,1,14
209,16,0,0,16
209,16,1,0,8
209,16,2,0,6
209,16,3,0,9
209,16,4,0,10
209,16,5,1,21
209,16,6,1,13
209,17,0,0,9
209,17,1,0,8
209,17,2,0,22
209,17,3,0,15
209,17,4,0,16
209,17,5,1,19
209,17,6,1,12
209,18,0,0,11
209,18,1,0,12
209,18,2,0,23
209,18,3,0,21
209,18,4,0,15
209,18,5,1,26
209,18,6,1,20
209,19,0,0,16
209,19,1,0,8
209,19,2,0,28
209,19,3,0,16
209,19,4,0,22
209,19,5,1,17
209,19,6,1,7
209,20,0,0,14
209,20,1,0,14
209,20,2,0,12
209,20,3,0,15
209,20,4,0,17
209,20,5,1,24
209,20,6,1,10
209,21,0,0,15
209,21,1,0,20
209,21,2,0,20
209,21,3,0,20
209,21,4,0,21
209,21,5,1,23
209,21,6,1,11
209,22,0,0,8
209,22,1,0,11
209,22,2,0,15
209,22,3,0,18
209,22,4,0,28
209,22,5,1,12
209,22,6,1,8
209,23,1,0,8
209,23,2,0,8
209,23,3,0,14
209,23,4,0,20
209,23,5,1,21
209,23,6,1,4
210,4,4,0,1
210,5,0,0,1
210,5,2,0,1
210,5,3,0,1
210,5,4,0,1
210,6,0,0,1
210,6,1,0,1
210,6,2,0,2
210,6,4,0,3
210,7,0,0,2
210,7,4,0,1
210,8,0,0,1
210,8,1,0,1
210,8,2,0,3
210,8,3,0,2
210,8,4,0,1
210,8,5,1,1
210,9,0,0,1
210,9,1,0,2
210,9,2,0,4
210,9,4,0,2
210,9,5,1,1
210,10,0,0,1
210,10,1,0,1
210,10,3,0,3
210,10,5,1,1
210,11,1,0,1
210,11,2,0,1
210,11,3,0,3
210,11,4,0,2
210,12,0,0,1
210,12,4,0,1
210,13,0,0,1
210,13,1,0,1
210,13,5,1,1
210,14,1,0,1
210,14,3,0,1
210,14,4,0,4
210,15,2,0,1
210,15,4,0,1
210,15,5,1,1
210,16,0,0,1
210,17,1,0,1
210,17,3,0,1
210,17,4,0,1
210,18,0,0,1
210,18,1,0,1
210,18,2,0,2
210,20,6,1,1
210,23,6,1,1
211,0,0,0,14
211,0,1,0,9
211,0,2,0,15
211,0,3,0,23
211,0,4,0,60
211,0,5,1,127
211,0,6,1,111
211,1,0,0,16
211,1,2,0,6
211,1,3,0,17
211,1,4,0,52
211,1,5,1,115
211,1,6,1,124
211,2,0,0,7
211,2,1,0,4
211,2,2,0,3
211,2,3,0,12
211,2,4,0,25
211,2,5,1,79
211,2,6,1,90
211,3,0,0,10
211,3,1,0,1
211,3,3,0,2
211,3,4,0,6
211,3,5,1,47
211,3,6,1,58
211,4,0,0,6
211,4,2,0,2
211,4,3,0,3
211,4,4,0,1
211,4,5,1,14
211,4,6,1,24
211,5,0,0,5
211,5,2,0,1
211,5,3,0,2
211,5,4,0,1
211,5,5,1,4
211,5,6,1,5
211,6,0,0,2
211,6,1,0,3
211,6,2,0,7
211,6,3,0,9
211,6,4,0,3
211,6,5,1,3
211,6,6,1,2
211,7,0,0,8
211,7,1,0,15
211,7,2,0,12
211,7,3,0,8
211,7,4,0,9
211,7,5,1,4
211,7,6,1,4
211,8,0,0,11
211,8,1,0,16
211,8,2,0,20
211,8,3,0,18
211,8,4,0,11
211,8,5,1,10
211,8,6,1,6
211,9,0,0,20
211,9,1,0,17
211,9,2,0,25
211,9,3,0,20
211,9,4,0,13
211,9,5,1,14
211,9,6,1,8
211,10,0,0,25
211,10,1,0,22
211,10,2,0,33
211,10,3,0,35
211,10,4,0,28
211,10,5,1,33
211,10,6,1,19
211,11,0,0,25
211,11,1,0,31
211,11,2,0,42
211,11,3,0,28
211,11,4,0,27
211,11,5,1,41
211,11,6,1,25
211,12,0,0,35
211,12,1,0,32
211,12,2,0,34
211,12,3,0,52
211,12,4,0,41
211,12,5,1,64
211,12,6,1,55
211,13,0,0,46
211,13,1,0,29
211,13,2,0,58
211,13,3,0,51
211,13,4,0,54
211,13,5,1,61
211,13,6,1,61
211,14,0,0,41
211,14,1,0,56
211,14,2,0,51
211,14,3,0,46
211,14,4,0,64
211,14,5,1,99
211,14,6,1,72
211,15,0,0,58
211,15,1,0,41
211,15,2,0,76
211,15,3,0,72
211,15,4,0,77
211,15,5,1,133
211,15,6,1,81
211,16,0,0,52
211,16,1,0,53
211,16,2,0,72
211,16,3,0,63
211,16,4,0,93
211,16,5,1,132
211,16,6,1,96
211,17,0,0,63
211,17,1,0,67
211,17,2,0,66
211,17,3,0,66
211,17,4,0,111
211,17,5,1,131
211,17,6,1,81
211,18,0,0,45
211,18,1,0,74
211,18,2,0,73
211,18,3,0,80
211,18,4,0,77
211,18,5,1,113
211,18,6,1,67
211,19,0,0,39
211,19,1,0,58
211,19,2,0,63
211,19,3,0,76
211,19,4,0,92
211,19,5,1,97
211,19,6,1,50
211,20,0,0,38
211,20,1,0,57
211,20,2,0,64
211,20,3,0,71
211,20,4,0,79
211,20,5,1,85
211,20,6,1,45
211,21,0,0,41
211,21,1,0,56
211,21,2,0,70
211,21,3,0,88
211,21,4,0,82
211,21,5,1,82
211,21,6,1,45
211,22,0,0,45
211,22,1,0,49
211,22,2,0,60
211,22,3,0,81
211,22,4,0,102
211,22,5,1,68
211,22,6,1,40
211,23,0,0,21
211,23,1,0,23
211,23,2,0,39
211,23,3,0,72
211,23,4,0,110
211,23,5,1,95
211,23,6,1,18
212,5,5,1,1
212,6,0,0,2
212,6,1,0,1
212,6,4,0,1
212,7,2,0,1
212,7,4,0,2
212,7,5,1,1
212,7,6,1,1
212,8,1,0,2
212,9,0,0,1
212,9,1,0,1
212,9,4,0,1
212,9,5,1,1
212,9,6,1,1
212,10,1,0,1
212,10,2,0,1
212,10,4,0,2
212,11,2,0,1
212,11,3,0,2
212,11,4,0,1
212,12,2,0,1
212,14,2,0,1
212,14,5,1,1
212,17,1,0,1
212,17,2,0,1
212,18,4,0,1
213,0,5,1,1
213,4,1,0,1
213,4,2,0,1
213,5,1,0,2
213,5,2,0,1
213,5,3,0,2
213,6,0,0,5
213,6,1,0,3
213,6,2,0,1
213,6,3,0,2
213,6,5,1,1
213,7,1,0,2
213,7,2,0,2
213,7,3,0,7
213,8,0,0,1
213,8,1,0,2
213,8,3,0,1
213,8,4,0,2
213,8,5,1,1
213,9,0,0,3
213,9,1,0,1
213,9,2,0,2
213,9,4,0,1
213,9,5,1,1
213,9,6,1,2
213,10,1,0,1
213,10,2,0,3
213,10,3,0,1
213,11,0,0,1
213,11,2,0,1
213,11,3,0,2
213,11,4,0,2
213,11,5,1,2
213,11,6,1,2
213,12,0,0,2
213,12,1,0,1
213,12,5,1,1
213,13,0,0,1
213,13,1,0,2
213,13,2,0,1
213,13,3,0,1
213,13,4,0,1
213,13,5,1,1
213,14,0,0,1
213,14,3,0,1
213,15,3,0,1
213,15,5,1,1
213,16,6,1,1
213,17,0,0,1
213,17,2,0,2
213,18,3,0,1
213,20,3,0,1
213,21,6,1,1
215,0,0,0,1
215,0,1,0,2
215,0,5,1,1
215,0,6,1,1
215,1,1,0,1
215,1,2,0,1
215,1,4,0,1
215,3,6,1,1
215,4,4,0,1
215,4,6,1,3
215,5,0,0,2
215,5,1,0,2
215,5,3,0,3
215,5,6,1,1
215,6,0,0,4
215,6,1,0,3
215,6,2,0,3
215,6,3,0,1
215,6,4,0,5
215,6,6,1,3
215,7,0,0,2
215,7,1,0,3
215,7,2,0,1
215,7,5,1,1
215,8,0,0,2
215,8,1,0,2
215,8,2,0,1
215,8,3,0,2
215,8,4,0,4
215,8,5,1,2
215,9,0,0,1
215,9,2,0,3
215,9,3,0,5
215,9,5,1,2
215,9,6,1,1
215,10,0,0,2
215,10,1,0,1
215,10,2,0,4
215,10,3,0,1
215,10,4,0,1
215,10,6,1,4
215,11,1,0,3
215,11,3,0,2
215,11,5,1,1
215,11,6,1,3
215,12,3,0,1
215,12,6,1,4
215,13,0,0,2
215,13,3,0,1
215,13,4,0,1
215,13,5,1,1
215,13,6,1,4
215,14,1,0,1
215,14,3,0,1
215,14,4,0,2
215,14,6,1,3
215,15,1,0,1
215,15,3,0,2
215,15,4,0,1
215,15,6,1,2
215,16,0,0,1
215,16,1,0,2
215,16,2,0,3
215,16,3,0,1
215,16,6,1,1
215,17,0,0,1
215,17,1,0,1
215,17,2,0,1
215,17,3,0,2
215,17,4,0,1
215,17,6,1,1
215,18,0,0,1
215,18,2,0,1
215,18,3,0,1
215,18,6,1,1
215,19,0,0,1
215,19,2,0,1
215,19,3,0,2
215,19,4,0,2
215,19,5,1,1
215,19,6,1,1
215,20,0,0,2
215,20,1,0,2
215,20,2,0,1
215,20,3,0,1
215,20,4,0,1
215,20,5,1,1
215,21,0,0,2
215,21,1,0,2
215,21,2,0,1
215,21,4,0,1
215,21,5,1,1
215,21,6,1,1
215,22,0,0,2
215,22,1,0,1
215,22,2,0,2
215,22,3,0,1
215,22,4,0,3
215,22,6,1,3
215,23,0,0,2
215,23,1,0,1
215,23,2,0,2
215,23,3,0,2
215,23,4,0,4
215,23,5,1,1
215,23,6,1,3
216,0,1,0,1
216,0,6,1,1
216,1,6,1,1
216,4,0,0,1
216,4,2,0,1
216,4,4,0,1
216,5,0,0,1
216,5,3,0,1
216,5,4,0,1
216,6,2,0,1
216,6,3,0,1
216,6,6,1,1
216,7,0,0,1
216,7,1,0,1
216,7,2,0,1
216,7,3,0,3
216,7,4,0,2
216,7,5,1,1
216,7,6,1,3
216,8,0,0,1
216,8,1,0,1
216,8,2,0,1
216,8,3,0,1
216,8,5,1,1
216,9,1,0,1
216,9,2,0,1
216,9,3,0,2
216,9,4,0,1
216,10,2,0,1
216,10,3,0,3
216,10,4,0,3
216,10,5,1,3
216,10,6,1,2
216,11,1,0,2
216,11,2,0,2
216,11,3,0,1
216,11,4,0,1
216,11,6,1,2
216,12,0,0,1
216,12,2,0,1
216,12,3,0,4
216,12,4,0,3
216,12,5,1,2
216,12,6,1,1
216,13,0,0,1
216,13,2,0,1
216,13,3,0,4
216,13,4,0,3
216,13,5,1,1
216,13,6,1,2
216,14,0,0,2
216,14,2,0,2
216,14,4,0,2
216,14,5,1,3
216,14,6,1,2
216,15,0,0,1
216,15,1,0,1
216,15,2,0,3
216,15,4,0,2
216,15,5,1,1
216,15,6,1,2
216,16,0,0,1
216,16,2,0,3
216,16,4,0,4
216,16,5,1,3
216,16,6,1,2
216,17,0,0,1
216,17,1,0,1
216,17,2,0,2
216,17,4,0,1
216,17,6,1,1
216,18,0,0,2
216,18,2,0,1
216,18,3,0,1
216,18,5,1,2
216,18,6,1,1
216,19,2,0,1
216,19,6,1,1
216,20,3,0,1
216,20,5,1,2
216,21,0,0,1
216,21,1,0,1
216,21,2,0,1
216,21,3,0,1
216,22,2,0,3
216,23,1,0,1
216,23,4,0,1
216,23,5,1,1
217,0,3,0,1
217,0,6,1,1
217,1,5,1,1
217,2,5,1,1
217,2,6,1,1
217,5,0,0,1
217,5,5,1,1
217,6,1,0,1
217,6,2,0,1
217,7,0,0,1
217,7,3,0,1
217,8,1,0,1
217,8,2,0,3
217,9,0,0,1
217,10,0,0,1
217,10,1,0,1
217,11,2,0,1
217,11,3,0,1
217,12,6,1,1
217,14,2,0,1
217,15,0,0,1
217,15,1,0,1
217,15,3,0,2
217,16,0,0,1
217,17,0,0,1
217,17,1,0,1
217,17,4,0,1
217,18,3,0,1
217,18,6,1,1
217,21,1,0,1
217,23,5,1,1
218,0,2,0,1
218,3,5,1,1
218,4,0,0,1
218,4,3,0,1
218,4,4,0,1
218,5,0,0,3
218,5,1,0,6
218,5,2,0,1
218,5,3,0,2
218,5,4,0,1
218,6,0,0,1
218,6,1,0,3
218,6,2,0,2
218,6,3,0,5
218,6,6,1,1
218,7,1,0,1
218,7,2,0,1
218,7,3,0,1
218,7,4,0,2
218,7,6,1,2
218,8,0,0,3
218,8,1,0,1
218,8,2,0,1
218,8,4,0,3
218,8,5,1,1
218,8,6,1,3
218,9,0,0,1
218,9,1,0,3
218,9,4,0,1
218,9,5,1,3
218,9,6,1,3
218,10,1,0,1
218,10,2,0,1
218,10,3,0,1
218,10,4,0,1
218,10,5,1,1
218,11,1,0,1
218,11,2,0,2
218,11,4,0,1
218,11,5,1,1
218,13,2,0,1
218,13,3,0,1
218,14,1,0,1
218,14,2,0,1
218,14,3,0,1
218,14,5,1,1
218,15,0,0,1
218,15,5,1,2
218,16,1,0,1
218,16,2,0,1
218,16,4,0,1
218,17,3,0,1
218,17,6,1,1
218,21,0,0,1
219,0,5,1,1
219,1,1,0,1
219,3,1,0,1
219,5,0,0,2
219,5,1,0,1
219,5,2,0,2
219,5,4,0,3
219,6,1,0,1
219,6,2,0,1
219,6,4,0,1
219,7,0,0,1
219,7,2,0,1
219,7,3,0,1
219,7,4,0,3
219,7,5,1,1
219,7,6,1,2
219,8,0,0,1
219,8,2,0,2
219,8,3,0,1
219,8,4,0,3
219,8,6,1,5
219,9,3,0,1
219,9,5,1,2
219,10,0,0,1
219,10,2,0,1
219,10,4,0,1
219,11,1,0,1
219,11,2,0,1
219,11,3,0,1
219,11,4,0,1
219,11,5,1,1
219,12,0,0,1
219,12,1,0,2
219,12,3,0,1
219,12,4,0,2
219,12,6,1,1
219,13,0,0,1
219,13,1,0,2
219,13,2,0,3
219,13,3,0,2
219,13,4,0,2
219,13,6,1,1
219,14,0,0,2
219,14,1,0,1
219,14,2,0,1
219,14,5,1,3
219,14,6,1,1
219,15,3,0,1
219,15,5,1,1
219,15,6,1,2
219,16,0,0,1
219,16,1,0,1
219,16,2,0,1
219,16,3,0,3
219,16,4,0,3
219,16,5,1,1
219,16,6,1,2
219,17,1,0,2
219,17,3,0,2
219,17,4,0,1
219,17,5,1,1
219,17,6,1,1
219,18,1,0,1
219,18,2,0,1
219,18,3,0,2
219,18,5,1,3
219,18,6,1,1
219,19,0,0,1
219,19,1,0,1
219,19,3,0,1
219,19,4,0,1
219,19,6,1,1
219,20,1,0,1
219,20,2,0,1
219,20,3,0,1
219,20,5,1,1
219,21,2,0,3
219,21,3,0,1
219,21,6,1,2
219,22,1,0,2
219,22,2,0,2
219,22,3,0,2
219,22,5,1,2
219,23,2,0,1
219,23,5,1,3
219,23,6,1,4
220,6,0,0,1
220,6,3,0,1
220,7,2,0,1
220,7,3,0,1
220,8,3,0,1
220,9,0,0,2
220,9,1,0,1
220,9,2,0,1
220,9,3,0,2
220,10,1,0,1
220,10,4,0,2
220,11,1,0,2
220,11,2,0,1
220,11,5,1,1
220,12,0,0,4
220,12,2,0,1
220,12,3,0,1
220,12,6,1,1
220,13,0,0,2
220,13,3,0,1
220,13,4,0,1
220,14,0,0,2
220,14,2,0,1
220,14,5,1,1
220,16,0,0,1
220,16,2,0,1
220,16,6,1,1
220,17,2,0,1
220,17,3,0,1
220,17,4,0,1
220,19,6,1,1
220,20,4,0,2
220,20,5,1,1
220,21,6,1,1
221,6,1,0,1
222,4,2,0,1
222,5,0,0,1
222,5,2,0,1
222,6,0,0,1
222,6,1,0,1
222,6,2,0,1
222,6,3,0,2
222,6,4,0,1
222,7,1,0,1
222,7,2,0,2
222,7,3,0,1
222,8,0,0,3
222,8,1,0,4
222,8,3,0,2
222,8,4,0,1
222,8,5,1,1
222,8,6,1,1
222,9,0,0,2
222,9,1,0,2
222,9,2,0,4
222,9,3,0,1
222,9,4,0,5
222,9,6,1,6
222,10,0,0,1
222,10,1,0,1
222,10,2,0,1
222,10,3,0,1
222,10,4,0,1
222,10,5,1,1
222,11,1,0,2
222,11,3,0,2
222,11,4,0,1
222,12,1,0,4
222,12,2,0,2
222,12,3,0,3
222,12,4,0,4
222,12,5,1,1
222,12,6,1,9
222,13,2,0,4
222,13,4,0,1
222,14,1,0,2
222,14,3,0,2
222,14,4,0,2
222,14,6,1,1
222,15,0,0,1
222,15,4,0,1
222,15,5,1,2
222,17,0,0,1
222,17,3,0,2
222,18,0,0,1
222,18,4,0,1
222,19,4,0,1
222,20,1,0,1
222,20,3,0,1
223,0,0,0,1
223,0,2,0,1
223,0,6,1,1
223,1,1,0,1
223,1,6,1,1
223,2,0,0,2
223,2,6,1,1
223,4,3,0,1
223,4,6,1,1
223,5,4,0,1
223,5,5,1,1
223,6,0,0,1
223,6,2,0,1
223,6,4,0,1
223,6,5,1,1
223,7,0,0,3
223,7,2,0,1
223,7,3,0,1
223,8,0,0,4
223,8,1,0,1
223,8,2,0,2
223,8,3,0,1
223,8,5,1,2
223,9,0,0,2
223,9,2,0,3
223,9,3,0,1
223,9,4,0,4
223,9,6,1,6
223,10,0,0,1
223,10,1,0,1
223,10,2,0,5
223,10,3,0,3
223,10,4,0,4
223,10,6,1,2
223,11,0,0,1
223,11,1,0,1
223,11,2,0,2
223,11,3,0,4
223,11,4,0,1
223,11,5,1,1
223,12,1,0,2
223,12,2,0,2
223,12,3,0,1
223,12,4,0,1
223,12,5,1,2
223,12,6,1,4
223,13,0,0,2
223,13,2,0,1
223,13,3,0,1
223,13,4,0,1
223,13,5,1,2
223,13,6,1,1
223,14,0,0,1
223,14,1,0,1
223,14,3,0,1
223,14,5,1,1
223,14,6,1,2
223,15,0,0,1
223,15,1,0,2
223,15,2,0,2
223,15,5,1,1
223,15,6,1,3
223,16,3,0,1
223,16,4,0,2
223,16,6,1,3
223,17,0,0,1
223,17,1,0,1
223,17,2,0,1
223,17,3,0,2
223,17,4,0,1
223,17,5,1,1
223,17,6,1,1
223,18,0,0,1
223,18,4,0,1
223,18,5,1,1
223,19,0,0,1
223,19,4,0,1
223,19,6,1,1
223,20,0,0,1
223,20,3,0,1
223,20,4,0,2
223,20,5,1,1
223,20,6,1,1
223,21,2,0,1
223,21,4,0,2
223,21,5,1,2
223,22,1,0,2
223,22,3,0,1
223,22,4,0,2
223,22,5,1,2
223,22,6,1,1
223,23,0,0,4
223,23,2,0,1
223,23,3,0,1
223,23,6,1,1
224,0,0,0,3
224,0,2,0,3
224,0,3,0,2
224,0,4,0,1
224,0,5,1,11
224,0,6,1,10
224,1,0,0,4
224,1,2,0,3
224,1,3,0,1
224,1,4,0,2
224,1,5,1,9
224,1,6,1,12
224,2,0,0,4
224,2,3,0,3
224,2,5,1,7
224,2,6,1,3
224,3,2,0,1
224,3,3,0,1
224,3,4,0,2
224,3,5,1,5
224,3,6,1,2
224,4,1,0,3
224,4,2,0,1
224,4,5,1,1
224,4,6,1,2
224,5,0,0,2
224,5,1,0,1
224,5,3,0,1
224,5,4,0,1
224,5,6,1,2
224,6,0,0,3
224,6,1,0,4
224,6,2,0,3
224,6,3,0,4
224,6,4,0,2
224,6,5,1,1
224,6,6,1,2
224,7,0,0,9
224,7,1,0,3
224,7,2,0,12
224,7,3,0,12
224,7,4,0,13
224,7,5,1,4
224,7,6,1,7
224,8,0,0,11
224,8,1,0,4
224,8,2,0,14
224,8,3,0,15
224,8,4,0,12
224,8,5,1,8
224,9,0,0,5
224,9,1,0,10
224,9,2,0,14
224,9,3,0,10
224,9,4,0,20
224,9,5,1,8
224,9,6,1,9
224,10,0,0,9
224,10,1,0,13
224,10,2,0,11
224,10,3,0,13
224,10,4,0,8
224,10,5,1,17
224,10,6,1,9
224,11,0,0,10
224,11,1,0,10
224,11,2,0,6
224,11,3,0,5
224,11,4,0,12
224,11,5,1,17
224,11,6,1,18
224,12,0,0,8
224,12,1,0,7
224,12,2,0,7
224,12,3,0,8
224,12,4,0,7
224,12,5,1,7
224,12,6,1,8
224,13,0,0,4
224,13,1,0,14
224,13,2,0,8
224,13,3,0,5
224,13,4,0,9
224,13,5,1,11
224,13,6,1,9
224,14,0,0,9
224,14,1,0,8
224,14,2,0,7
224,14,3,0,5
224,14,4,0,10
224,14,5,1,10
224,14,6,1,8
224,15,0,0,7
224,15,1,0,4
224,15,2,0,9
224,15,3,0,5
224,15,4,0,7
224,15,5,1,11
224,15,6,1,11
224,16,0,0,1
224,16,1,0,5
224,16,2,0,7
224,16,3,0,4
224,16,4,0,3
224,16,5,1,9
224,16,6,1,3
224,17,0,0,1
224,17,1,0,2
224,17,2,0,8
224,17,3,0,10
224,17,4,0,11
224,17,5,1,13
224,17,6,1,8
224,18,0,0,5
224,18,1,0,5
224,18,2,0,5
224,18,3,0,4
224,18,4,0,10
224,18,5,1,9
224,18,6,1,5
224,19,0,0,3
224,19,1,0,9
224,19,2,0,9
224,19,3,0,6
224,19,4,0,6
224,19,5,1,11
224,19,6,1,8
224,20,0,0,2
224,20,1,0,4
224,20,2,0,1
224,20,3,0,6
224,20,4,0,8
224,20,5,1,7
224,20,6,1,3
224,21,0,0,2
224,21,1,0,1
224,21,2,0,3
224,21,3,0,5
224,21,4,0,7
224,21,5,1,7
224,21,6,1,3
224,22,0,0,2
224,22,1,0,4
224,22,2,0,4
224,22,3,0,11
224,22,5,1,12
224,22,6,1,4
224,23,0,0,2
224,23,1,0,3
224,23,2,0,2
224,23,3,0,4
224,23,4,0,5
224,23,5,1,12
224,23,6,1,5
225,0,5,1,1
225,2,5,1,1
225,3,5,1,1
225,4,1,0,1
225,4,4,0,1
225,4,6,1,2
225,5,3,0,1
225,5,4,0,2
225,6,0,0,1
225,6,1,0,5
225,6,2,0,5
225,6,3,0,1
225,6,4,0,2
225,7,0,0,3
225,7,1,0,5
225,7,2,0,3
225,7,3,0,5
225,7,4,0,1
225,7,5,1,1
225,7,6,1,2
225,8,0,0,2
225,8,1,0,2
225,8,2,0,4
225,8,3,0,2
225,8,4,0,2
225,9,0,0,2
225,9,1,0,4
225,9,2,0,1
225,9,3,0,1
225,9,4,0,1
225,9,6,1,2
225,10,0,0,1
225,10,2,0,4
225,10,3,0,5
225,10,4,0,2
225,10,6,1,2
225,11,1,0,1
225,11,2,0,2
225,11,3,0,5
225,11,4,0,4
225,12,1,0,1
225,12,2,0,2
225,12,3,0,1
225,12,4,0,3
225,13,1,0,1
225,13,2,0,2
225,13,3,0,1
225,13,4,0,1
225,13,6,1,2
225,14,0,0,1
225,14,1,0,1
225,14,3,0,2
225,14,4,0,1
225,14,5,1,2
225,14,6,1,2
225,15,0,0,1
225,15,3,0,2
225,15,4,0,2
225,15,5,1,1
225,16,1,0,1
225,16,2,0,1
225,16,3,0,1
225,16,6,1,1
225,17,0,0,1
225,17,1,0,2
225,17,6,1,1
225,18,3,0,1
225,18,4,0,1
225,19,1,0,2
225,19,6,1,2
225,21,5,1,1
225,22,2,0,1
226,0,0,0,3
226,0,1,0,3
226,0,2,0,1
226,0,3,0,2
226,0,5,1,3
226,0,6,1,6
226,1,1,0,1
226,1,2,0,2
226,1,4,0,1
226,1,5,1,1
226,1,6,1,2
226,2,4,0,1
226,2,5,1,3
226,2,6,1,3
226,3,0,0,2
226,3,1,0,1
226,3,3,0,1
226,3,4,0,1
226,3,5,1,1
226,3,6,1,3
226,4,0,0,1
226,4,1,0,2
226,4,2,0,2
226,4,4,0,1
226,4,5,1,2
226,5,0,0,2
226,5,1,0,2
226,5,3,0,4
226,5,4,0,1
226,5,5,1,2
226,6,0,0,3
226,6,1,0,8
226,6,2,0,6
226,6,3,0,1
226,6,4,0,10
226,6,5,1,5
226,7,0,0,9
226,7,1,0,8
226,7,2,0,3
226,7,3,0,2
226,7,4,0,7
226,7,5,1,7
226,7,6,1,4
226,8,0,0,7
226,8,1,0,6
226,8,2,0,6
226,8,3,0,8
226,8,4,0,7
226,8,5,1,5
226,8,6,1,7
226,9,0,0,7
226,9,1,0,5
226,9,2,0,5
226,9,3,0,7
226,9,4,0,3
226,9,5,1,12
226,9,6,1,7
226,10,0,0,3
226,10,1,0,1
226,10,2,0,2
226,10,3,0,3
226,10,4,0,3
226,10,5,1,9
226,10,6,1,2
226,11,0,0,10
226,11,1,0,2
226,11,2,0,2
226,11,3,0,4
226,11,4,0,7
226,11,5,1,8
226,11,6,1,7
226,12,0,0,5
226,12,1,0,2
226,12,2,0,4
226,12,3,0,5
226,12,4,0,3
226,12,5,1,5
226,12,6,1,6
226,13,0,0,8
226,13,1,0,1
226,13,2,0,6
226,13,3,0,5
226,13,4,0,4
226,13,5,1,3
226,13,6,1,8
226,14,0,0,6
226,14,1,0,3
226,14,2,0,3
226,14,3,0,4
226,14,4,0,8
226,14,5,1,1
226,14,6,1,5
226,15,0,0,3
226,15,1,0,2
226,15,2,0,8
226,15,3,0,1
226,15,4,0,3
226,15,5,1,1
226,15,6,1,4
226,16,0,0,5
226,16,1,0,6
226,16,2,0,4
226,16,3,0,9
226,16,4,0,8
226,16,5,1,13
226,16,6,1,5
226,17,0,0,1
226,17,1,0,2
226,17,2,0,6
226,17,3,0,7
226,17,5,1,9
226,17,6,1,5
226,18,2,0,4
226,18,3,0,1
226,18,4,0,3
226,18,5,1,7
226,18,6,1,2
226,19,0,0,7
226,19,1,0,4
226,19,2,0,3
226,19,3,0,2
226,19,4,0,4
226,19,5,1,5
226,19,6,1,5
226,20,0,0,2
226,20,1,0,1
226,20,2,0,2
226,20,3,0,1
226,20,4,0,1
226,20,5,1,5
226,20,6,1,4
226,21,0,0,2
226,21,1,0,2
226,21,2,0,5
226,21,3,0,3
226,21,4,0,1
226,21,5,1,4
226,21,6,1,4
226,22,1,0,1
226,22,2,0,4
226,22,3,0,1
226,22,4,0,2
226,22,5,1,6
226,22,6,1,7
226,23,0,0,3
226,23,1,0,4
226,23,2,0,3
226,23,3,0,3
226,23,4,0,2
226,23,5,1,4
226,23,6,1,6
227,2,3,0,1
227,3,2,0,1
227,5,2,0,1
227,6,1,0,1
227,6,4,0,1
227,7,0,0,1
227,8,2,0,1
227,10,3,0,2
227,13,2,0,1
227,13,4,0,1
227,14,1,0,1
227,14,3,0,1
227,14,4,0,1
227,15,0,0,1
227,16,4,0,1
227,17,2,0,2
227,18,2,0,1
228,2,0,0,1
228,3,5,1,1
228,4,0,0,1
228,4,2,0,1
228,5,0,0,1
228,6,2,0,1
228,7,0,0,1
228,7,2,0,1
228,7,3,0,2
228,8,0,0,2
228,8,3,0,1
228,8,4,0,1
228,8,6,1,1
228,10,0,0,1
228,10,4,0,1
228,10,5,1,1
228,11,2,0,1
228,11,3,0,2
228,11,5,1,1
228,11,6,1,1
228,12,3,0,1
228,13,2,0,1
228,13,6,1,1
228,14,1,0,1
228,14,3,0,1
228,15,3,0,2
228,16,4,0,1
228,17,0,0,1
228,17,1,0,2
228,17,2,0,1
228,18,1,0,1
228,21,2,0,1
228,21,3,0,2
229,0,0,0,32
229,0,1,0,18
229,0,2,0,32
229,0,3,0,40
229,0,4,0,40
229,0,5,1,92
229,0,6,1,81
229,1,0,0,26
229,1,1,0,11
229,1,2,0,3
229,1,3,0,19
229,1,4,0,36
229,1,5,1,45
229,1,6,1,69
229,2,0,0,16
229,2,1,0,7
229,2,2,0,6
229,2,3,0,9
229,2,4,0,22
229,2,5,1,33
229,2,6,1,38
229,3,0,0,8
229,3,1,0,4
229,3,2,0,7
229,3,3,0,6
229,3,4,0,6
229,3,5,1,20
229,3,6,1,25
229,4,0,0,6
229,4,1,0,6
229,4,2,0,3
229,4,3,0,10
229,4,4,0,6
229,4,5,1,25
229,4,6,1,19
229,5,0,0,10
229,5,1,0,10
229,5,2,0,20
229,5,3,0,18
229,5,4,0,21
229,5,5,1,8
229,5,6,1,9
229,6,0,0,35
229,6,1,0,60
229,6,2,0,39
229,6,3,0,52
229,6,4,0,26
229,6,5,1,23
229,6,6,1,16
229,7,0,0,101
229,7,1,0,114
229,7,2,0,138
229,7,3,0,131
229,7,4,0,108
229,7,5,1,43
229,7,6,1,39
229,8,0,0,117
229,8,1,0,213
229,8,2,0,172
229,8,3,0,206
229,8,4,0,163
229,8,5,1,64
229,8,6,1,67
229,9,0,0,141
229,9,1,0,180
229,9,2,0,164
229,9,3,0,192
229,9,4,0,176
229,9,5,1,130
229,9,6,1,84
229,10,0,0,143
229,10,1,0,185
229,10,2,0,192
229,10,3,0,173
229,10,4,0,168
229,10,5,1,140
229,10,6,1,150
229,11,0,0,142
229,11,1,0,156
229,11,2,0,189
229,11,3,0,167
229,11,4,0,149
229,11,5,1,159
229,11,6,1,138
229,12,0,0,150
229,12,1,0,190
229,12,2,0,180
229,12,3,0,199
229,12,4,0,169
229,12,5,1,174
229,12,6,1,159
229,13,0,0,141
229,13,1,0,163
229,13,2,0,189
229,13,3,0,183
229,13,4,0,143
229,13,5,1,178
229,13,6,1,164
229,14,0,0,131
229,14,1,0,174
229,14,2,0,173
229,14,3,0,159
229,14,4,0,160
229,14,5,1,175
229,14,6,1,135
229,15,0,0,138
229,15,1,0,143
229,15,2,0,152
229,15,3,0,161
229,15,4,0,133
229,15,5,1,150
229,15,6,1,142
229,16,0,0,119
229,16,1,0,116
229,16,2,0,159
229,16,3,0,147
229,16,4,0,165
229,16,5,1,153
229,16,6,1,122
229,17,0,0,128
229,17,1,0,153
229,17,2,0,202
229,17,3,0,222
229,17,4,0,194
229,17,5,1,151
229,17,6,1,136
229,18,0,0,172
229,18,1,0,251
229,18,2,0,241
229,18,3,0,249
229,18,4,0,213
229,18,5,1,192
229,18,6,1,153
229,19,0,0,116
229,19,1,0,170
229,19,2,0,199
229,19,3,0,217
229,19,4,0,221
229,19,5,1,188
229,19,6,1,100
229,20,0,0,105
229,20,1,0,160
229,20,2,0,178
229,20,3,0,194
229,20,4,0,169
229,20,5,1,129
229,20,6,1,96
229,21,0,0,90
229,21,1,0,117
229,21,2,0,160
229,21,3,0,181
229,21,4,0,155
229,21,5,1,123
229,21,6,1,69
229,22,0,0,78
229,22,1,0,87
229,22,2,0,96
229,22,3,0,128
229,22,4,0,142
229,22,5,1,139
229,22,6,1,70
229,23,0,0,37
229,23,1,0,59
229,23,2,0,53
229,23,3,0,94
229,23,4,0,114
229,23,5,1,116
229,23,6,1,47
230,0,0,0,51
230,0,1,0,64
230,0,2,0,101
230,0,3,0,116
230,0,4,0,176
230,0,5,1,223
230,0,6,1,260
230,1,0,0,40
230,1,1,0,32
230,1,2,0,39
230,1,3,0,46
230,1,4,0,69
230,1,5,1,120
230,1,6,1,149
230,2,0,0,18
230,2,1,0,19
230,2,2,0,27
230,2,3,0,24
230,2,4,0,39
230,2,5,1,78
230,2,6,1,64
230,3,0,0,28
230,3,1,0,13
230,3,2,0,20
230,3,3,0,16
230,3,4,0,33
230,3,5,1,49
230,3,6,1,69
230,4,0,0,31
230,4,1,0,20
230,4,2,0,23
230,4,3,0,28
230,4,4,0,35
230,4,5,1,35
230,4,6,1,51
230,5,0,0,28
230,5,1,0,19
230,5,2,0,28
230,5,3,0,34
230,5,4,0,36
230,5,5,1,22
230,5,6,1,52
230,6,0,0,58
230,6,1,0,44
230,6,2,0,48
230,6,3,0,50
230,6,4,0,42
230,6,5,1,31
230,6,6,1,49
230,7,0,0,70
230,7,1,0,88
230,7,2,0,103
230,7,3,0,100
230,7,4,0,76
230,7,5,1,50
230,7,6,1,78
230,8,0,0,142
230,8,1,0,124
230,8,2,0,161
230,8,3,0,161
230,8,4,0,148
230,8,5,1,106
230,8,6,1,130
230,9,0,0,162
230,9,1,0,195
230,9,2,0,200
230,9,3,0,199
230,9,4,0,179
230,9,5,1,168
230,9,6,1,202
230,10,0,0,192
230,10,1,0,170
230,10,2,0,197
230,10,3,0,200
230,10,4,0,232
230,10,5,1,229
230,10,6,1,227
230,11,0,0,220
230,11,1,0,223
230,11,2,0,227
230,11,3,0,246
230,11,4,0,201
230,11,5,1,243
230,11,6,1,287
230,12,0,0,199
230,12,1,0,202
230,12,2,0,269
230,12,3,0,246
230,12,4,0,213
230,12,5,1,263
230,12,6,1,245
230,13,0,0,193
230,13,1,0,225
230,13,2,0,252
230,13,3,0,260
230,13,4,0,199
230,13,5,1,261
230,13,6,1,199
230,14,0,0,205
230,14,1,0,252
230,14,2,0,283
230,14,3,0,256
230,14,4,0,247
230,14,5,1,229
230,14,6,1,224
230,15,0,0,205
230,15,1,0,253
230,15,2,0,308
230,15,3,0,278
230,15,4,0,257
230,15,5,1,267
230,15,6,1,257
230,16,0,0,224
230,16,1,0,263
230,16,2,0,401
230,16,3,0,371
230,16,4,0,310
230,16,5,1,473
230,16,6,1,301
230,17,0,0,307
230,17,1,0,400
230,17,2,0,433
230,17,3,0,405
230,17,4,0,349
230,17,5,1,358
230,17,6,1,374
230,18,0,0,360
230,18,1,0,456
230,18,2,0,489
230,18,3,0,459
230,18,4,0,344
230,18,5,1,347
230,18,6,1,302
230,19,0,0,289
230,19,1,0,406
230,19,2,0,456
230,19,3,0,429
230,19,4,0,320
230,19,5,1,296
230,19,6,1,189
230,20,0,0,247
230,20,1,0,362
230,20,2,0,446
230,20,3,0,369
230,20,4,0,259
230,20,5,1,260
230,20,6,1,173
230,21,0,0,280
230,21,1,0,568
230,21,2,0,447
230,21,3,0,518
230,21,4,0,415
230,21,5,1,323
230,21,6,1,252
230,22,0,0,213
230,22,1,0,396
230,22,2,0,536
230,22,3,0,462
230,22,4,0,503
230,22,5,1,595
230,22,6,1,186
230,23,0,0,104
230,23,1,0,226
230,23,2,0,257
230,23,3,0,308
230,23,4,0,373
230,23,5,1,377
230,23,6,1,98
231,0,0,0,20
231,0,1,0,12
231,0,2,0,26
231,0,3,0,33
231,0,4,0,53
231,0,5,1,106
231,0,6,1,127
231,1,0,0,23
231,1,1,0,3
231,1,2,0,7
231,1,3,0,20
231,1,4,0,41
231,1,5,1,130
231,1,6,1,119
231,2,0,0,19
231,2,1,0,1
231,2,2,0,8
231,2,3,0,18
231,2,4,0,24
231,2,5,1,78
231,2,6,1,81
231,3,0,0,16
231,3,1,0,4
231,3,2,0,5
231,3,3,0,15
231,3,4,0,20
231,3,5,1,56
231,3,6,1,62
231,4,0,0,7
231,4,1,0,1
231,4,2,0,6
231,4,3,0,4
231,4,4,0,7
231,4,5,1,23
231,4,6,1,31
231,5,0,0,7
231,5,1,0,2
231,5,2,0,3
231,5,3,0,2
231,5,4,0,8
231,5,5,1,2
231,5,6,1,3
231,6,0,0,9
231,6,1,0,13
231,6,2,0,12
231,6,3,0,13
231,6,4,0,10
231,6,5,1,3
231,6,6,1,3
231,7,0,0,56
231,7,1,0,59
231,7,2,0,54
231,7,3,0,52
231,7,4,0,43
231,7,5,1,9
231,7,6,1,13
231,8,0,0,45
231,8,1,0,72
231,8,2,0,79
231,8,3,0,92
231,8,4,0,68
231,8,5,1,24
231,8,6,1,15
231,9,0,0,56
231,9,1,0,79
231,9,2,0,85
231,9,3,0,83
231,9,4,0,61
231,9,5,1,37
231,9,6,1,37
231,10,0,0,80
231,10,1,0,84
231,10,2,0,68
231,10,3,0,84
231,10,4,0,73
231,10,5,1,49
231,10,6,1,62
231,11,0,0,68
231,11,1,0,81
231,11,2,0,99
231,11,3,0,113
231,11,4,0,72
231,11,5,1,96
231,11,6,1,66
231,12,0,0,71
231,12,1,0,91
231,12,2,0,104
231,12,3,0,105
231,12,4,0,80
231,12,5,1,101
231,12,6,1,81
231,13,0,0,89
231,13,1,0,82
231,13,2,0,110
231,13,3,0,93
231,13,4,0,92
231,13,5,1,119
231,13,6,1,100
231,14,0,0,95
231,14,1,0,111
231,14,2,0,103
231,14,3,0,102
231,14,4,0,101
231,14,5,1,104
231,14,6,1,70
231,15,0,0,85
231,15,1,0,111
231,15,2,0,112
231,15,3,0,113
231,15,4,0,106
231,15,5,1,120
231,15,6,1,84
231,16,0,0,110
231,16,1,0,117
231,16,2,0,128
231,16,3,0,143
231,16,4,0,134
231,16,5,1,110
231,16,6,1,77
231,17,0,0,114
231,17,1,0,144
231,17,2,0,173
231,17,3,0,178
231,17,4,0,151
231,17,5,1,113
231,17,6,1,89
231,18,0,0,112
231,18,1,0,149
231,18,2,0,184
231,18,3,0,218
231,18,4,0,150
231,18,5,1,109
231,18,6,1,78
231,19,0,0,94
231,19,1,0,155
231,19,2,0,161
231,19,3,0,181
231,19,4,0,150
231,19,5,1,127
231,19,6,1,78
231,20,0,0,84
231,20,1,0,125
231,20,2,0,159
231,20,3,0,181
231,20,4,0,133
231,20,5,1,115
231,20,6,1,62
231,21,0,0,66
231,21,1,0,110
231,21,2,0,135
231,21,3,0,156
231,21,4,0,100
231,21,5,1,102
231,21,6,1,41
231,22,0,0,53
231,22,1,0,64
231,22,2,0,127
231,22,3,0,145
231,22,4,0,115
231,22,5,1,122
231,22,6,1,35
231,23,0,0,31
231,23,1,0,49
231,23,2,0,71
231,23,3,0,111
231,23,4,0,131
231,23,5,1,140
231,23,6,1,23
232,0,0,0,5
232,0,1,0,3
232,0,2,0,3
232,0,3,0,3
232,0,4,0,6
232,0,5,1,20
232,0,6,1,30
232,1,0,0,6
232,1,1,0,1
232,1,2,0,2
232,1,3,0,2
232,1,4,0,5
232,1,5,1,18
232,1,6,1,12
232,2,0,0,5
232,2,1,0,1
232,2,3,0,1
232,2,4,0,3
232,2,5,1,18
232,2,6,1,11
232,3,0,0,2
232,3,1,0,1
232,3,4,0,1
232,3,5,1,12
232,3,6,1,9
232,4,0,0,1
232,4,2,0,2
232,4,3,0,1
232,4,4,0,1
232,4,5,1,11
232,4,6,1,7
232,5,0,0,1
232,5,3,0,1
232,5,5,1,3
232,6,0,0,2
232,6,2,0,2
232,6,3,0,5
232,6,4,0,3
232,6,5,1,2
232,6,6,1,2
232,7,0,0,1
232,7,2,0,1
232,7,3,0,2
232,7,4,0,5
232,7,6,1,1
232,8,0,0,4
232,8,1,0,6
232,8,2,0,5
232,8,3,0,5
232,8,4,0,3
232,8,5,1,3
232,9,0,0,2
232,9,1,0,8
232,9,2,0,5
232,9,3,0,2
232,9,4,0,3
232,9,5,1,3
232,9,6,1,3
232,10,0,0,5
232,10,1,0,3
232,10,2,0,3
232,10,3,0,5
232,10,4,0,3
232,10,5,1,2
232,10,6,1,5
232,11,0,0,4
232,11,1,0,8
232,11,2,0,7
232,11,3,0,6
232,11,4,0,7
232,11,5,1,5
232,11,6,1,3
232,12,0,0,14
232,12,1,0,6
232,12,2,0,6
232,12,3,0,5
232,12,4,0,10
232,12,5,1,12
232,12,6,1,7
232,13,0,0,11
232,13,1,0,5
232,13,2,0,4
232,13,3,0,6
232,13,4,0,4
232,13,5,1,7
232,13,6,1,10
232,14,0,0,8
232,14,1,0,3
232,14,2,0,7
232,14,3,0,5
232,14,4,0,3
232,14,5,1,7
232,14,6,1,7
232,15,0,0,10
232,15,1,0,7
232,15,2,0,6
232,15,3,0,9
232,15,4,0,8
232,15,5,1,5
232,15,6,1,7
232,16,0,0,3
232,16,1,0,3
232,16,2,0,4
232,16,3,0,6
232,16,4,0,5
232,16,5,1,11
232,16,6,1,12
232,17,0,0,3
232,17,1,0,5
232,17,2,0,8
232,17,3,0,6
232,17,4,0,12
232,17,5,1,7
232,17,6,1,8
232,18,0,0,3
232,18,1,0,9
232,18,2,0,10
232,18,3,0,9
232,18,4,0,7
232,18,5,1,9
232,18,6,1,10
232,19,0,0,2
232,19,1,0,4
232,19,2,0,4
232,19,3,0,11
232,19,4,0,12
232,19,5,1,7
232,19,6,1,5
232,20,0,0,3
232,20,1,0,4
232,20,2,0,12
232,20,3,0,8
232,20,4,0,9
232,20,5,1,14
232,20,6,1,6
232,21,0,0,3
232,21,1,0,6
232,21,2,0,8
232,21,3,0,13
232,21,4,0,9
232,21,5,1,11
232,21,6,1,5
232,22,0,0,4
232,22,1,0,4
232,22,2,0,9
232,22,3,0,7
232,22,4,0,12
232,22,5,1,16
232,22,6,1,8
232,23,0,0,1
232,23,1,0,3
232,23,2,0,6
232,23,3,0,9
232,23,4,0,16
232,23,5,1,15
232,23,6,1,5
233,0,0,0,6
233,0,1,0,11
233,0,2,0,15
233,0,3,0,10
233,0,4,0,29
233,0,5,1,43
233,0,6,1,39
233,1,0,0,6
233,1,1,0,4
233,1,2,0,6
233,1,3,0,12
233,1,4,0,11
233,1,5,1,23
233,1,6,1,25
233,2,0,0,11
233,2,1,0,1
233,2,2,0,4
233,2,3,0,5
233,2,4,0,10
233,2,5,1,9
233,2,6,1,16
233,3,0,0,5
233,3,1,0,2
233,3,2,0,2
233,3,3,0,5
233,3,4,0,10
233,3,5,1,7
233,3,6,1,10
233,4,0,0,5
233,4,1,0,3
233,4,2,0,8
233,4,3,0,5
233,4,4,0,6
233,4,5,1,10
233,4,6,1,11
233,5,0,0,11
233,5,1,0,5
233,5,2,0,9
233,5,3,0,14
233,5,4,0,11
233,5,5,1,11
233,5,6,1,10
233,6,0,0,22
233,6,1,0,25
233,6,2,0,26
233,6,3,0,27
233,6,4,0,28
233,6,5,1,13
233,6,6,1,12
233,7,0,0,59
233,7,1,0,59
233,7,2,0,63
233,7,3,0,67
233,7,4,0,53
233,7,5,1,29
233,7,6,1,25
233,8,0,0,87
233,8,1,0,90
233,8,2,0,112
233,8,3,0,88
233,8,4,0,79
233,8,5,1,58
233,8,6,1,41
233,9,0,0,75
233,9,1,0,115
233,9,2,0,97
233,9,3,0,94
233,9,4,0,87
233,9,5,1,64
233,9,6,1,77
233,10,0,0,82
233,10,1,0,91
233,10,2,0,125
233,10,3,0,116
233,10,4,0,117
233,10,5,1,95
233,10,6,1,88
233,11,0,0,95
233,11,1,0,100
233,11,2,0,109
233,11,3,0,113
233,11,4,0,95
233,11,5,1,89
233,11,6,1,89
233,12,0,0,94
233,12,1,0,100
233,12,2,0,98
233,12,3,0,135
233,12,4,0,142
233,12,5,1,101
233,12,6,1,106
233,13,0,0,111
233,13,1,0,90
233,13,2,0,148
233,13,3,0,133
233,13,4,0,103
233,13,5,1,100
233,13,6,1,83
233,14,0,0,87
233,14,1,0,108
233,14,2,0,135
233,14,3,0,115
233,14,4,0,95
233,14,5,1,84
233,14,6,1,96
233,15,0,0,88
233,15,1,0,94
233,15,2,0,135
233,15,3,0,142
233,15,4,0,103
233,15,5,1,76
233,15,6,1,55
233,16,0,0,98
233,16,1,0,120
233,16,2,0,118
233,16,3,0,147
233,16,4,0,120
233,16,5,1,82
233,16,6,1,74
233,17,0,0,128
233,17,1,0,151
233,17,2,0,177
233,17,3,0,162
233,17,4,0,130
233,17,5,1,94
233,17,6,1,87
233,18,0,0,126
233,18,1,0,169
233,18,2,0,162
233,18,3,0,190
233,18,4,0,139
233,18,5,1,106
233,18,6,1,86
233,19,0,0,74
233,19,1,0,111
233,19,2,0,147
233,19,3,0,130
233,19,4,0,137
233,19,5,1,100
233,19,6,1,54
233,20,0,0,83
233,20,1,0,79
233,20,2,0,101
233,20,3,0,105
233,20,4,0,88
233,20,5,1,74
233,20,6,1,59
233,21,0,0,52
233,21,1,0,78
233,21,2,0,94
233,21,3,0,116
233,21,4,0,74
233,21,5,1,64
233,21,6,1,42
233,22,0,0,27
233,22,1,0,52
233,22,2,0,42
233,22,3,0,60
233,22,4,0,73
233,22,5,1,65
233,22,6,1,29
233,23,0,0,17
233,23,1,0,23
233,23,2,0,31
233,23,3,0,33
233,23,4,0,49
233,23,5,1,55
233,23,6,1,25
234,0,0,0,35
234,0,1,0,42
234,0,2,0,44
234,0,3,0,76
234,0,4,0,100
234,0,5,1,198
234,0,6,1,237
234,1,0,0,29
234,1,1,0,11
234,1,2,0,16
234,1,3,0,25
234,1,4,0,46
234,1,5,1,149
234,1,6,1,175
234,2,0,0,22
234,2,1,0,6
234,2,2,0,11
234,2,3,0,13
234,2,4,0,14
234,2,5,1,68
234,2,6,1,85
234,3,0,0,16
234,3,1,0,2
234,3,2,0,6
234,3,3,0,7
234,3,4,0,12
234,3,5,1,35
234,3,6,1,52
234,4,0,0,8
234,4,1,0,1
234,4,2,0,1
234,4,3,0,4
234,4,4,0,8
234,4,5,1,18
234,4,6,1,27
234,5,0,0,3
234,5,1,0,7
234,5,2,0,3
234,5,3,0,5
234,5,4,0,10
234,5,5,1,6
234,5,6,1,7
234,6,0,0,15
234,6,1,0,28
234,6,2,0,24
234,6,3,0,21
234,6,4,0,26
234,6,5,1,12
234,6,6,1,8
234,7,0,0,48
234,7,1,0,63
234,7,2,0,61
234,7,3,0,75
234,7,4,0,55
234,7,5,1,27
234,7,6,1,18
234,8,0,0,116
234,8,1,0,119
234,8,2,0,132
234,8,3,0,157
234,8,4,0,91
234,8,5,1,45
234,8,6,1,35
234,9,0,0,126
234,9,1,0,152
234,9,2,0,123
234,9,3,0,146
234,9,4,0,117
234,9,5,1,81
234,9,6,1,67
234,10,0,0,111
234,10,1,0,157
234,10,2,0,181
234,10,3,0,175
234,10,4,0,159
234,10,5,1,140
234,10,6,1,106
234,11,0,0,139
234,11,1,0,184
234,11,2,0,199
234,11,3,0,179
234,11,4,0,172
234,11,5,1,207
234,11,6,1,154
234,12,0,0,162
234,12,1,0,181
234,12,2,0,225
234,12,3,0,206
234,12,4,0,192
234,12,5,1,252
234,12,6,1,182
234,13,0,0,191
234,13,1,0,213
234,13,2,0,255
234,13,3,0,225
234,13,4,0,192
234,13,5,1,288
234,13,6,1,229
234,14,0,0,209
234,14,1,0,236
234,14,2,0,269
234,14,3,0,282
234,14,4,0,253
234,14,5,1,278
234,14,6,1,187
234,15,0,0,207
234,15,1,0,249
234,15,2,0,282
234,15,3,0,278
234,15,4,0,243
234,15,5,1,285
234,15,6,1,237
234,16,0,0,220
234,16,1,0,257
234,16,2,0,327
234,16,3,0,298
234,16,4,0,271
234,16,5,1,310
234,16,6,1,216
234,17,0,0,237
234,17,1,0,304
234,17,2,0,356
234,17,3,0,361
234,17,4,0,269
234,17,5,1,291
234,17,6,1,220
234,18,0,0,233
234,18,1,0,355
234,18,2,0,417
234,18,3,0,419
234,18,4,0,319
234,18,5,1,264
234,18,6,1,169
234,19,0,0,237
234,19,1,0,316
234,19,2,0,372
234,19,3,0,381
234,19,4,0,295
234,19,5,1,281
234,19,6,1,181
234,20,0,0,199
234,20,1,0,284
234,20,2,0,369
234,20,3,0,348
234,20,4,0,247
234,20,5,1,261
234,20,6,1,151
234,21,0,0,200
234,21,1,0,293
234,21,2,0,326
234,21,3,0,336
234,21,4,0,295
234,21,5,1,271
234,21,6,1,125
234,22,0,0,140
234,22,1,0,215
234,22,2,0,261
234,22,3,0,326
234,22,4,0,293
234,22,5,1,259
234,22,6,1,114
234,23,0,0,82
234,23,1,0,119
234,23,2,0,153
234,23,3,0,212
234,23,4,0,251
234,23,5,1,303
234,23,6,1,64
235,1,5,1,1
235,3,2,0,2
235,4,2,0,1
235,4,3,0,1
235,4,6,1,1
235,5,0,0,1
235,5,1,0,1
235,5,2,0,1
235,5,3,0,2
235,5,4,0,2
235,6,0,0,1
235,6,3,0,2
235,6,4,0,2
235,7,0,0,1
235,7,2,0,1
235,7,4,0,1
235,7,5,1,1
235,8,0,0,2
235,8,1,0,3
235,8,2,0,1
235,8,3,0,2
235,8,4,0,1
235,8,5,1,1
235,8,6,1,3
235,9,1,0,1
235,9,3,0,3
235,9,4,0,2
235,9,5,1,2
235,10,1,0,1
235,10,2,0,3
235,10,3,0,1
235,10,4,0,1
235,10,5,1,1
235,10,6,1,1
235,11,2,0,1
235,11,3,0,1
235,11,4,0,2
235,11,5,1,1
235,11,6,1,2
235,12,0,0,1
235,12,1,0,1
235,12,4,0,1
235,12,5,1,1
235,14,0,0,1
235,14,5,1,2
235,15,0,0,1
235,15,6,1,1
235,16,2,0,1
235,16,3,0,1
235,17,1,0,2
235,19,4,0,1
235,22,0,0,1
236,0,0,0,24
236,0,1,0,9
236,0,2,0,8
236,0,3,0,16
236,0,4,0,23
236,0,5,1,33
236,0,6,1,47
236,1,0,0,20
236,1,1,0,3
236,1,2,0,7
236,1,3,0,10
236,1,4,0,10
236,1,5,1,25
236,1,6,1,27
236,2,0,0,4
236,2,1,0,2
236,2,2,0,2
236,2,3,0,2
236,2,4,0,3
236,2,5,1,14
236,2,6,1,10
236,3,0,0,3
236,3,1,0,2
236,3,2,0,1
236,3,3,0,3
236,3,4,0,2
236,3,5,1,4
236,3,6,1,8
236,4,0,0,6
236,4,1,0,5
236,4,2,0,3
236,4,3,0,7
236,4,4,0,7
236,4,5,1,1
236,4,6,1,4
236,5,0,0,18
236,5,1,0,12
236,5,2,0,17
236,5,3,0,18
236,5,4,0,19
236,5,5,1,15
236,5,6,1,3
236,6,0,0,69
236,6,1,0,115
236,6,2,0,110
236,6,3,0,114
236,6,4,0,83
236,6,5,1,30
236,6,6,1,11
236,7,0,0,296
236,7,1,0,312
236,7,2,0,411
236,7,3,0,381
236,7,4,0,298
236,7,5,1,67
236,7,6,1,72
236,8,0,0,405
236,8,1,0,481
236,8,2,0,498
236,8,3,0,506
236,8,4,0,442
236,8,5,1,145
236,8,6,1,100
236,9,0,0,423
236,9,1,0,475
236,9,2,0,478
236,9,3,0,515
236,9,4,0,431
236,9,5,1,242
236,9,6,1,183
236,10,0,0,387
236,10,1,0,461
236,10,2,0,493
236,10,3,0,515
236,10,4,0,440
236,10,5,1,323
236,10,6,1,302
236,11,0,0,391
236,11,1,0,550
236,11,2,0,489
236,11,3,0,505
236,11,4,0,489
236,11,5,1,377
236,11,6,1,359
236,12,0,0,421
236,12,1,0,469
236,12,2,0,528
236,12,3,0,530
236,12,4,0,519
236,12,5,1,442
236,12,6,1,395
236,13,0,0,433
236,13,1,0,464
236,13,2,0,479
236,13,3,0,512
236,13,4,0,506
236,13,5,1,459
236,13,6,1,404
236,14,0,0,488
236,14,1,0,502
236,14,2,0,464
236,14,3,0,529
236,14,4,0,499
236,14,5,1,458
236,14,6,1,365
236,15,0,0,517
236,15,1,0,557
236,15,2,0,637
236,15,3,0,666
236,15,4,0,614
236,15,5,1,413
236,15,6,1,354
236,16,0,0,431
236,16,1,0,503
236,16,2,0,523
236,16,3,0,558
236,16,4,0,457
236,16,5,1,435
236,16,6,1,367
236,17,0,0,455
236,17,1,0,468
236,17,2,0,546
236,17,3,0,565
236,17,4,0,506
236,17,5,1,413
236,17,6,1,358
236,18,0,0,395
236,18,1,0,531
236,18,2,0,531
236,18,3,0,557
236,18,4,0,522
236,18,5,1,442
236,18,6,1,311
236,19,0,0,266
236,19,1,0,308
236,19,2,0,408
236,19,3,0,374
236,19,4,0,410
236,19,5,1,364
236,19,6,1,199
236,20,0,0,204
236,20,1,0,269
236,20,2,0,340
236,20,3,0,296
236,20,4,0,267
236,20,5,1,289
236,20,6,1,164
236,21,0,0,202
236,21,1,0,218
236,21,2,0,226
236,21,3,0,265
236,21,4,0,285
236,21,5,1,227
236,21,6,1,123
236,22,0,0,100
236,22,1,0,110
236,22,2,0,129
236,22,3,0,165
236,22,4,0,207
236,22,5,1,150
236,22,6,1,63
236,23,0,0,33
236,23,1,0,34
236,23,2,0,47
236,23,3,0,53
236,23,4,0,93
236,23,5,1,115
236,23,6,1,40
237,0,0,0,50
237,0,1,0,31
237,0,2,0,43
237,0,3,0,43
237,0,4,0,85
237,0,5,1,111
237,0,6,1,99
237,1,0,0,42
237,1,1,0,7
237,1,2,0,15
237,1,3,0,18
237,1,4,0,34
237,1,5,1,52
237,1,6,1,49
237,2,0,0,19
237,2,1,0,6
237,2,2,0,2
237,2,3,0,8
237,2,4,0,10
237,2,5,1,15
237,2,6,1,19
237,3,0,0,7
237,3,1,0,4
237,3,2,0,1
237,3,3,0,2
237,3,4,0,6
237,3,5,1,12
237,3,6,1,11
237,4,0,0,6
237,4,1,0,4
237,4,2,0,6
237,4,3,0,5
237,4,4,0,7
237,4,5,1,9
237,4,6,1,10
237,5,0,0,9
237,5,1,0,14
237,5,2,0,13
237,5,3,0,22
237,5,4,0,19
237,5,5,1,6
237,5,6,1,4
237,6,0,0,45
237,6,1,0,50
237,6,2,0,48
237,6,3,0,61
237,6,4,0,48
237,6,5,1,16
237,6,6,1,13
237,7,0,0,185
237,7,1,0,221
237,7,2,0,258
237,7,3,0,223
237,7,4,0,171
237,7,5,1,51
237,7,6,1,32
237,8,0,0,259
237,8,1,0,345
237,8,2,0,386
237,8,3,0,344
237,8,4,0,299
237,8,5,1,107
237,8,6,1,79
237,9,0,0,358
237,9,1,0,398
237,9,2,0,438
237,9,3,0,481
237,9,4,0,316
237,9,5,1,189
237,9,6,1,163
237,10,0,0,359
237,10,1,0,455
237,10,2,0,463
237,10,3,0,460
237,10,4,0,449
237,10,5,1,309
237,10,6,1,253
237,11,0,0,408
237,11,1,0,490
237,11,2,0,519
237,11,3,0,501
237,11,4,0,443
237,11,5,1,360
237,11,6,1,334
237,12,0,0,438
237,12,1,0,492
237,12,2,0,565
237,12,3,0,572
237,12,4,0,538
237,12,5,1,432
237,12,6,1,386
237,13,0,0,429
237,13,1,0,501
237,13,2,0,565
237,13,3,0,537
237,13,4,0,475
237,13,5,1,439
237,13,6,1,403
237,14,0,0,484
237,14,1,0,575
237,14,2,0,656
237,14,3,0,591
237,14,4,0,585
237,14,5,1,497
237,14,6,1,414
237,15,0,0,500
237,15,1,0,587
237,15,2,0,633
237,15,3,0,581
237,15,4,0,580
237,15,5,1,511
237,15,6,1,379
237,16,0,0,449
237,16,1,0,524
237,16,2,0,546
237,16,3,0,544
237,16,4,0,582
237,16,5,1,486
237,16,6,1,395
237,17,0,0,469
237,17,1,0,552
237,17,2,0,648
237,17,3,0,643
237,17,4,0,604
237,17,5,1,447
237,17,6,1,344
237,18,0,0,432
237,18,1,0,583
237,18,2,0,602
237,18,3,0,661
237,18,4,0,524
237,18,5,1,433
237,18,6,1,289
237,19,0,0,343
237,19,1,0,499
237,19,2,0,502
237,19,3,0,527
237,19,4,0,432
237,19,5,1,367
237,19,6,1,263
237,20,0,0,338
237,20,1,0,405
237,20,2,0,453
237,20,3,0,485
237,20,4,0,374
237,20,5,1,308
237,20,6,1,171
237,21,0,0,299
237,21,1,0,416
237,21,2,0,467
237,21,3,0,492
237,21,4,0,350
237,21,5,1,287
237,21,6,1,167
237,22,0,0,143
237,22,1,0,223
237,22,2,0,252
237,22,3,0,376
237,22,4,0,297
237,22,5,1,291
237,22,6,1,88
237,23,0,0,48
237,23,1,0,91
237,23,2,0,121
237,23,3,0,190
237,23,4,0,207
237,23,5,1,188
237,23,6,1,62
238,0,0,0,23
238,0,1,0,6
238,0,2,0,10
238,0,3,0,7
238,0,4,0,20
238,0,5,1,30
238,0,6,1,26
238,1,0,0,21
238,1,1,0,2
238,1,2,0,2
238,1,3,0,5
238,1,4,0,7
238,1,5,1,26
238,1,6,1,13
238,2,0,0,13
238,2,1,0,1
238,2,2,0,1
238,2,3,0,1
238,2,4,0,5
238,2,5,1,7
238,2,6,1,5
238,3,0,0,2
238,3,3,0,1
238,3,4,0,5
238,3,5,1,3
238,3,6,1,4
238,4,0,0,8
238,4,1,0,7
238,4,2,0,7
238,4,3,0,4
238,4,4,0,5
238,4,5,1,6
238,4,6,1,3
238,5,0,0,21
238,5,1,0,17
238,5,2,0,16
238,5,3,0,18
238,5,4,0,17
238,5,5,1,7
238,5,6,1,4
238,6,0,0,46
238,6,1,0,49
238,6,2,0,53
238,6,3,0,63
238,6,4,0,52
238,6,5,1,29
238,6,6,1,26
238,7,0,0,144
238,7,1,0,158
238,7,2,0,147
238,7,3,0,187
238,7,4,0,154
238,7,5,1,56
238,7,6,1,49
238,8,0,0,190
238,8,1,0,222
238,8,2,0,243
238,8,3,0,236
238,8,4,0,207
238,8,5,1,117
238,8,6,1,99
238,9,0,0,150
238,9,1,0,210
238,9,2,0,228
238,9,3,0,204
238,9,4,0,221
238,9,5,1,157
238,9,6,1,136
238,10,0,0,192
238,10,1,0,158
238,10,2,0,211
238,10,3,0,220
238,10,4,0,207
238,10,5,1,186
238,10,6,1,182
238,11,0,0,137
238,11,1,0,159
238,11,2,0,201
238,11,3,0,206
238,11,4,0,200
238,11,5,1,191
238,11,6,1,221
238,12,0,0,188
238,12,1,0,189
238,12,2,0,242
238,12,3,0,229
238,12,4,0,188
238,12,5,1,209
238,12,6,1,190
238,13,0,0,164
238,13,1,0,173
238,13,2,0,226
238,13,3,0,207
238,13,4,0,183
238,13,5,1,218
238,13,6,1,170
238,14,0,0,160
238,14,1,0,161
238,14,2,0,193
238,14,3,0,211
238,14,4,0,220
238,14,5,1,175
238,14,6,1,168
238,15,0,0,199
238,15,1,0,202
238,15,2,0,222
238,15,3,0,252
238,15,4,0,232
238,15,5,1,183
238,15,6,1,154
238,16,0,0,183
238,16,1,0,178
238,16,2,0,191
238,16,3,0,175
238,16,4,0,175
238,16,5,1,134
238,16,6,1,153
238,17,0,0,177
238,17,1,0,192
238,17,2,0,245
238,17,3,0,232
238,17,4,0,208
238,17,5,1,176
238,17,6,1,152
238,18,0,0,194
238,18,1,0,205
238,18,2,0,201
238,18,3,0,216
238,18,4,0,232
238,18,5,1,218
238,18,6,1,173
238,19,0,0,125
238,19,1,0,145
238,19,2,0,153
238,19,3,0,157
238,19,4,0,206
238,19,5,1,199
238,19,6,1,129
238,20,0,0,86
238,20,1,0,95
238,20,2,0,124
238,20,3,0,146
238,20,4,0,120
238,20,5,1,117
238,20,6,1,102
238,21,0,0,78
238,21,1,0,86
238,21,2,0,102
238,21,3,0,100
238,21,4,0,120
238,21,5,1,121
238,21,6,1,79
238,22,0,0,39
238,22,1,0,64
238,22,2,0,73
238,22,3,0,68
238,22,4,0,100
238,22,5,1,110
238,22,6,1,59
238,23,0,0,16
238,23,1,0,24
238,23,2,0,26
238,23,3,0,53
238,23,4,0,55
238,23,5,1,73
238,23,6,1,42
239,0,0,0,51
239,0,1,0,11
239,0,2,0,21
239,0,3,0,25
239,0,4,0,70
239,0,5,1,97
239,0,6,1,97
239,1,0,0,31
239,1,1,0,5
239,1,2,0,9
239,1,3,0,13
239,1,4,0,13
239,1,5,1,47
239,1,6,1,54
239,2,0,0,28
239,2,1,0,5
239,2,2,0,3
239,2,3,0,8
239,2,4,0,9
239,2,5,1,23
239,2,6,1,19
239,3,0,0,11
239,3,1,0,1
239,3,3,0,1
239,3,4,0,5
239,3,5,1,17
239,3,6,1,16
239,4,0,0,8
239,4,1,0,4
239,4,2,0,8
239,4,3,0,6
239,4,4,0,9
239,4,5,1,9
239,4,6,1,9
239,5,0,0,16
239,5,1,0,26
239,5,2,0,25
239,5,3,0,15
239,5,4,0,20
239,5,5,1,8
239,5,6,1,11
239,6,0,0,42
239,6,1,0,59
239,6,2,0,68
239,6,3,0,64
239,6,4,0,56
239,6,5,1,26
239,6,6,1,27
239,7,0,0,141
239,7,1,0,174
239,7,2,0,210
239,7,3,0,199
239,7,4,0,171
239,7,5,1,38
239,7,6,1,39
239,8,0,0,208
239,8,1,0,218
239,8,2,0,245
239,8,3,0,264
239,8,4,0,228
239,8,5,1,103
239,8,6,1,89
239,9,0,0,208
239,9,1,0,229
239,9,2,0,260
239,9,3,0,283
239,9,4,0,268
239,9,5,1,185
239,9,6,1,154
239,10,0,0,209
239,10,1,0,216
239,10,2,0,214
239,10,3,0,257
239,10,4,0,263
239,10,5,1,242
239,10,6,1,263
239,11,0,0,228
239,11,1,0,199
239,11,2,0,279
239,11,3,0,272
239,11,4,0,240
239,11,5,1,267
239,11,6,1,270
239,12,0,0,246
239,12,1,0,243
239,12,2,0,278
239,12,3,0,267
239,12,4,0,242
239,12,5,1,344
239,12,6,1,311
239,13,0,0,241
239,13,1,0,240
239,13,2,0,298
239,13,3,0,259
239,13,4,0,255
239,13,5,1,343
239,13,6,1,320
239,14,0,0,257
239,14,1,0,263
239,14,2,0,329
239,14,3,0,304
239,14,4,0,315
239,14,5,1,303
239,14,6,1,294
239,15,0,0,259
239,15,1,0,287
239,15,2,0,238
239,15,3,0,288
239,15,4,0,289
239,15,5,1,346
239,15,6,1,282
239,16,0,0,231
239,16,1,0,263
239,16,2,0,273
239,16,3,0,273
239,16,4,0,313
239,16,5,1,337
239,16,6,1,288
239,17,0,0,260
239,17,1,0,248
239,17,2,0,284
239,17,3,0,353
239,17,4,0,304
239,17,5,1,364
239,17,6,1,288
239,18,0,0,241
239,18,1,0,278
239,18,2,0,298
239,18,3,0,306
239,18,4,0,303
239,18,5,1,337
239,18,6,1,232
239,19,0,0,197
239,19,1,0,237
239,19,2,0,242
239,19,3,0,278
239,19,4,0,270
239,19,5,1,300
239,19,6,1,196
239,20,0,0,166
239,20,1,0,202
239,20,2,0,215
239,20,3,0,217
239,20,4,0,229
239,20,5,1,273
239,20,6,1,157
239,21,0,0,160
239,21,1,0,199
239,21,2,0,207
239,21,3,0,222
239,21,4,0,259
239,21,5,1,290
239,21,6,1,156
239,22,0,0,88
239,22,1,0,110
239,22,2,0,168
239,22,3,0,178
239,22,4,0,248
239,22,5,1,225
239,22,6,1,86
239,23,0,0,30
239,23,1,0,40
239,23,2,0,60
239,23,3,0,100
239,23,4,0,203
239,23,5,1,215
239,23,6,1,87
240,5,0,0,1
240,5,3,0,1
240,5,4,0,2
240,9,4,0,1
240,15,1,0,1
241,4,2,0,1
241,4,4,0,1
241,5,0,0,1
241,5,2,0,1
241,5,3,0,1
241,5,5,1,1
241,6,3,0,2
241,6,4,0,1
241,7,2,0,1
241,7,6,1,2
241,8,3,0,1
241,9,0,0,1
241,9,1,0,1
241,9,2,0,3
241,9,3,0,3
241,9,4,0,2
241,10,0,0,1
241,10,1,0,1
241,10,2,0,2
241,10,3,0,2
241,11,1,0,1
241,11,2,0,1
241,11,3,0,1
241,11,5,1,1
241,12,0,0,1
241,12,3,0,2
241,12,4,0,1
241,13,0,0,1
241,13,1,0,1
241,14,3,0,1
241,14,5,1,1
241,15,4,0,1
241,16,4,0,1
241,17,4,0,1
241,18,4,0,1
241,19,5,1,1
241,21,5,1,1
241,22,1,0,1
241,22,5,1,1
241,22,6,1,3
242,5,0,0,1
242,5,2,0,1
242,5,3,0,1
242,6,3,0,1
242,7,2,0,2
242,7,5,1,1
242,8,1,0,1
242,9,2,0,1
242,9,4,0,1
242,10,2,0,1
242,10,3,0,1
242,10,4,0,2
242,11,0,0,3
242,11,1,0,2
242,11,3,0,1
242,12,1,0,1
242,12,2,0,3
242,13,2,0,2
242,13,3,0,2
242,13,4,0,3
242,13,6,1,1
242,14,0,0,2
242,14,2,0,1
242,14,4,0,1
242,14,5,1,2
242,15,0,0,1
242,15,1,0,1
242,15,3,0,2
242,16,0,0,1
242,16,1,0,1
242,16,2,0,2
242,16,3,0,1
242,16,6,1,1
242,17,2,0,1
242,17,6,1,1
242,18,2,0,1
242,18,3,0,1
242,18,6,1,1
242,19,0,0,1
242,20,1,0,1
242,22,4,0,1
243,0,6,1,1
243,1,0,0,1
243,1,6,1,1
243,4,4,0,1
243,4,5,1,1
243,5,0,0,1
243,6,1,0,1
243,6,3,0,1
243,7,1,0,1
243,7,2,0,1
243,7,3,0,1
243,7,5,1,1
243,8,0,0,2
243,8,1,0,2
243,8,5,1,1
243,9,0,0,5
243,9,1,0,2
243,9,2,0,1
243,10,2,0,4
243,10,3,0,4
243,10,6,1,1
243,11,0,0,2
243,11,1,0,4
243,11,4,0,1
243,12,0,0,3
243,12,1,0,1
243,12,2,0,2
243,12,3,0,5
243,12,4,0,1
243,12,5,1,1
243,12,6,1,2
243,13,0,0,2
243,13,1,0,2
243,13,2,0,1
243,13,3,0,1
243,13,4,0,2
243,13,5,1,1
243,14,0,0,2
243,14,1,0,1
243,14,2,0,1
243,14,3,0,1
243,15,0,0,1
243,15,1,0,2
243,16,1,0,1
243,16,2,0,1
243,16,3,0,1
243,16,5,1,1
243,16,6,1,2
243,18,1,0,1
243,18,3,0,3
243,18,4,0,1
243,19,0,0,1
243,19,1,0,1
243,19,3,0,1
243,19,6,1,2
243,20,0,0,1
243,20,1,0,1
243,20,3,0,1
243,20,4,0,1
243,20,5,1,2
243,20,6,1,2
243,21,6,1,2
243,22,1,0,1
243,22,4,0,2
243,23,4,0,1
244,0,0,0,1
244,0,1,0,1
244,0,3,0,2
244,0,5,1,2
244,0,6,1,2
244,1,0,0,1
244,1,1,0,1
244,1,5,1,1
244,1,6,1,2
244,2,0,0,2
244,2,5,1,1
244,2,6,1,1
244,3,0,0,1
244,3,6,1,2
244,4,0,0,1
244,4,6,1,1
244,5,4,0,2
244,5,5,1,2
244,5,6,1,3
244,6,0,0,2
244,6,1,0,2
244,6,2,0,1
244,6,3,0,2
244,6,4,0,4
244,7,0,0,6
244,7,1,0,7
244,7,2,0,9
244,7,3,0,5
244,7,4,0,6
244,7,5,1,2
244,7,6,1,1
244,8,1,0,9
244,8,2,0,6
244,8,3,0,7
244,8,4,0,8
244,8,5,1,4
244,8,6,1,4
244,9,0,0,6
244,9,1,0,5
244,9,2,0,6
244,9,3,0,13
244,9,4,0,6
244,9,5,1,1
244,9,6,1,6
244,10,0,0,6
244,10,1,0,7
244,10,2,0,5
244,10,3,0,4
244,10,4,0,4
244,10,5,1,1
244,10,6,1,4
244,11,0,0,6
244,11,1,0,6
244,11,2,0,6
244,11,3,0,9
244,11,4,0,7
244,11,5,1,3
244,12,0,0,6
244,12,1,0,4
244,12,2,0,8
244,12,3,0,4
244,12,4,0,5
244,12,5,1,3
244,12,6,1,1
244,13,0,0,5
244,13,1,0,10
244,13,2,0,8
244,13,3,0,7
244,13,4,0,5
244,13,5,1,2
244,13,6,1,5
244,14,0,0,6
244,14,1,0,2
244,14,2,0,7
244,14,3,0,4
244,14,4,0,5
244,14,5,1,4
244,15,0,0,2
244,15,1,0,6
244,15,2,0,3
244,15,3,0,8
244,15,4,0,8
244,15,5,1,1
244,15,6,1,4
244,16,0,0,4
244,16,1,0,1
244,16,2,0,4
244,16,3,0,8
244,16,4,0,6
244,16,5,1,5
244,17,0,0,3
244,17,1,0,3
244,17,2,0,3
244,17,3,0,9
244,17,4,0,6
244,17,5,1,4
244,17,6,1,2
244,18,1,0,2
244,18,2,0,8
244,18,3,0,2
244,18,4,0,1
244,18,5,1,2
244,18,6,1,1
244,19,0,0,1
244,19,1,0,4
244,19,2,0,5
244,19,3,0,2
244,19,4,0,5
244,19,5,1,3
244,20,1,0,1
244,20,2,0,1
244,20,3,0,4
244,20,4,0,2
244,20,5,1,2
244,20,6,1,1
244,21,0,0,1
244,21,2,0,1
244,21,3,0,1
244,21,4,0,5
244,21,5,1,2
244,21,6,1,2
244,22,0,0,1
244,22,1,0,1
244,22,2,0,1
244,22,3,0,2
244,22,4,0,2
244,22,6,1,3
244,23,0,0,1
244,23,1,0,1
244,23,3,0,3
244,23,4,0,2
244,23,5,1,2
244,23,6,1,1
246,0,0,0,38
246,0,1,0,11
246,0,2,0,16
246,0,3,0,42
246,0,4,0,37
246,0,5,1,69
246,0,6,1,69
246,1,0,0,46
246,1,1,0,10
246,1,2,0,10
246,1,3,0,48
246,1,4,0,25
246,1,5,1,84
246,1,6,1,97
246,2,0,0,35
246,2,1,0,11
246,2,2,0,13
246,2,3,0,51
246,2,4,0,48
246,2,5,1,111
246,2,6,1,116
246,3,0,0,36
246,3,1,0,7
246,3,2,0,11
246,3,3,0,45
246,3,4,0,38
246,3,5,1,133
246,3,6,1,126
246,4,0,0,28
246,4,2,0,4
246,4,3,0,12
246,4,4,0,8
246,4,5,1,58
246,4,6,1,57
246,5,0,0,1
246,5,1,0,2
246,5,2,0,1
246,5,3,0,2
246,5,4,0,2
246,5,5,1,3
246,5,6,1,3
246,6,0,0,4
246,6,1,0,8
246,6,2,0,3
246,6,3,0,4
246,6,4,0,1
246,6,5,1,2
246,6,6,1,2
246,7,0,0,23
246,7,1,0,23
246,7,2,0,42
246,7,3,0,32
246,7,4,0,24
246,7,5,1,12
246,7,6,1,4
246,8,0,0,46
246,8,1,0,77
246,8,2,0,79
246,8,3,0,91
246,8,4,0,57
246,8,5,1,21
246,8,6,1,8
246,9,0,0,45
246,9,1,0,77
246,9,2,0,65
246,9,3,0,89
246,9,4,0,55
246,9,5,1,37
246,9,6,1,36
246,10,0,0,80
246,10,1,0,73
246,10,2,0,96
246,10,3,0,102
246,10,4,0,70
246,10,5,1,69
246,10,6,1,80
246,11,0,0,97
246,11,1,0,111
246,11,2,0,114
246,11,3,0,89
246,11,4,0,94
246,11,5,1,121
246,11,6,1,93
246,12,0,0,110
246,12,1,0,144
246,12,2,0,149
246,12,3,0,124
246,12,4,0,113
246,12,5,1,177
246,12,6,1,142
246,13,0,0,124
246,13,1,0,148
246,13,2,0,127
246,13,3,0,118
246,13,4,0,110
246,13,5,1,158
246,13,6,1,163
246,14,0,0,144
246,14,1,0,181
246,14,2,0,155
246,14,3,0,147
246,14,4,0,123
246,14,5,1,189
246,14,6,1,189
246,15,0,0,162
246,15,1,0,188
246,15,2,0,171
246,15,3,0,142
246,15,4,0,139
246,15,5,1,254
246,15,6,1,221
246,16,0,0,180
246,16,1,0,201
246,16,2,0,187
246,16,3,0,143
246,16,4,0,161
246,16,5,1,241
246,16,6,1,189
246,17,0,0,215
246,17,1,0,240
246,17,2,0,217
246,17,3,0,242
246,17,4,0,188
246,17,5,1,251
246,17,6,1,157
246,18,0,0,193
246,18,1,0,241
246,18,2,0,241
246,18,3,0,301
246,18,4,0,177
246,18,5,1,222
246,18,6,1,140
246,19,0,0,115
246,19,1,0,161
246,19,2,0,200
246,19,3,0,265
246,19,4,0,158
246,19,5,1,184
246,19,6,1,107
246,20,0,0,114
246,20,1,0,139
246,20,2,0,186
246,20,3,0,192
246,20,4,0,126
246,20,5,1,148
246,20,6,1,95
246,21,0,0,84
246,21,1,0,127
246,21,2,0,132
246,21,3,0,162
246,21,4,0,117
246,21,5,1,133
246,21,6,1,72
246,22,0,0,80
246,22,1,0,69
246,22,2,0,101
246,22,3,0,121
246,22,4,0,120
246,22,5,1,114
246,22,6,1,73
246,23,0,0,41
246,23,1,0,50
246,23,2,0,65
246,23,3,0,69
246,23,4,0,100
246,23,5,1,67
246,23,6,1,58
247,1,4,0,1
247,5,0,0,1
247,5,2,0,1
247,6,3,0,1
247,7,1,0,3
247,7,3,0,2
247,7,4,0,2
247,7,6,1,1
247,8,1,0,1
247,8,3,0,2
247,9,2,0,2
247,9,3,0,2
247,10,1,0,2
247,10,2,0,2
247,10,3,0,1
247,10,6,1,1
247,11,0,0,2
247,11,1,0,1
247,11,2,0,1
247,11,3,0,1
247,11,4,0,3
247,12,0,0,2
247,12,2,0,3
247,12,5,1,1
247,13,1,0,4
247,14,5,1,2
247,15,1,0,1
247,15,3,0,1
247,15,6,1,1
247,16,0,0,1
247,16,2,0,1
247,16,3,0,1
247,16,4,0,1
247,16,5,1,1
247,17,3,0,1
247,17,4,0,2
247,18,0,0,1
247,18,4,0,1
247,18,6,1,1
247,19,0,0,1
247,19,1,0,2
247,19,4,0,1
247,20,4,0,1
247,21,0,0,2
247,21,3,0,1
247,22,4,0,1
247,22,5,1,1
247,23,5,1,1
248,5,0,0,1
248,5,4,0,1
248,6,0,0,1
248,6,1,0,1
248,6,2,0,1
248,6,3,0,4
248,6,4,0,1
248,8,1,0,1
248,8,2,0,1
248,8,3,0,1
248,8,4,0,1
248,8,6,1,1
248,9,2,0,2
248,9,5,1,2
248,9,6,1,1
248,10,4,0,2
248,11,6,1,1
248,12,4,0,2
248,12,5,1,1
248,13,0,0,1
248,13,1,0,3
248,13,6,1,3
248,14,3,0,1
248,14,4,0,1
248,15,2,0,1
248,15,3,0,1
248,16,1,0,1
248,16,2,0,1
248,16,5,1,1
248,17,3,0,1
248,19,6,1,1
248,21,3,0,1
249,0,0,0,87
249,0,1,0,52
249,0,2,0,78
249,0,3,0,100
249,0,4,0,228
249,0,5,1,621
249,0,6,1,589
249,1,0,0,70
249,1,1,0,32
249,1,2,0,53
249,1,3,0,74
249,1,4,0,148
249,1,5,1,558
249,1,6,1,526
249,2,0,0,37
249,2,1,0,21
249,2,2,0,18
249,2,3,0,38
249,2,4,0,92
249,2,5,1,373
249,2,6,1,346
249,3,0,0,42
249,3,1,0,9
249,3,2,0,21
249,3,3,0,16
249,3,4,0,43
249,3,5,1,211
249,3,6,1,237
249,4,0,0,12
249,4,1,0,8
249,4,2,0,7
249,4,3,0,11
249,4,4,0,21
249,4,5,1,63
249,4,6,1,79
249,5,0,0,5
249,5,1,0,8
249,5,2,0,6
249,5,3,0,9
249,5,4,0,5
249,5,5,1,11
249,5,6,1,14
249,6,0,0,21
249,6,1,0,21
249,6,2,0,28
249,6,3,0,28
249,6,4,0,21
249,6,5,1,6
249,6,6,1,10
249,7,0,0,50
249,7,1,0,49
249,7,2,0,93
249,7,3,0,72
249,7,4,0,50
249,7,5,1,14
249,7,6,1,20
249,8,0,0,83
249,8,1,0,99
249,8,2,0,96
249,8,3,0,103
249,8,4,0,80
249,8,5,1,31
249,8,6,1,28
249,9,0,0,86
249,9,1,0,106
249,9,2,0,111
249,9,3,0,116
249,9,4,0,83
249,9,5,1,63
249,9,6,1,46
249,10,0,0,78
249,10,1,0,85
249,10,2,0,91
249,10,3,0,109
249,10,4,0,105
249,10,5,1,98
249,10,6,1,66
249,11,0,0,83
249,11,1,0,73
249,11,2,0,72
249,11,3,0,87
249,11,4,0,79
249,11,5,1,112
249,11,6,1,102
249,12,0,0,72
249,12,1,0,72
249,12,2,0,93
249,12,3,0,80
249,12,4,0,78
249,12,5,1,137
249,12,6,1,141
249,13,0,0,93
249,13,1,0,87
249,13,2,0,106
249,13,3,0,120
249,13,4,0,88
249,13,5,1,166
249,13,6,1,150
249,14,0,0,72
249,14,1,0,76
249,14,2,0,101
249,14,3,0,103
249,14,4,0,110
249,14,5,1,172
249,14,6,1,142
249,15,0,0,92
249,15,1,0,81
249,15,2,0,109
249,15,3,0,111
249,15,4,0,98
249,15,5,1,179
249,15,6,1,147
249,16,0,0,67
249,16,1,0,83
249,16,2,0,97
249,16,3,0,120
249,16,4,0,116
249,16,5,1,221
249,16,6,1,163
249,17,0,0,89
249,17,1,0,112
249,17,2,0,138
249,17,3,0,125
249,17,4,0,115
249,17,5,1,231
249,17,6,1,165
249,18,0,0,121
249,18,1,0,143
249,18,2,0,163
249,18,3,0,189
249,18,4,0,183
249,18,5,1,309
249,18,6,1,152
249,19,0,0,122
249,19,1,0,152
249,19,2,0,175
249,19,3,0,195
249,19,4,0,255
249,19,5,1,344
249,19,6,1,185
249,20,0,0,148
249,20,1,0,183
249,20,2,0,228
249,20,3,0,249
249,20,4,0,249
249,20,5,1,361
249,20,6,1,192
249,21,0,0,180
249,21,1,0,244
249,21,2,0,266
249,21,3,0,311
249,21,4,0,361
249,21,5,1,390
249,21,6,1,210
249,22,0,0,117
249,22,1,0,207
249,22,2,0,280
249,22,3,0,353
249,22,4,0,412
249,22,5,1,513
249,22,6,1,159
249,23,0,0,102
249,23,1,0,139
249,23,2,0,253
249,23,3,0,325
249,23,4,0,525
249,23,5,1,543
249,23,6,1,116
250,7,2,0,1
250,8,1,0,1
250,8,4,0,1
250,9,3,0,1
250,9,5,1,1
250,10,1,0,1
250,10,2,0,1
250,10,4,0,1
250,10,5,1,1
250,11,1,0,1
250,11,4,0,1
250,12,3,0,1
250,12,5,1,1
250,12,6,1,1
250,13,0,0,1
250,13,1,0,1
250,13,2,0,1
250,13,4,0,1
250,14,0,0,1
250,14,3,0,1
250,15,2,0,1
250,15,3,0,1
250,15,6,1,1
250,16,1,0,1
250,16,3,0,1
250,17,3,0,1
250,17,5,1,1
250,17,6,1,1
250,18,1,0,1
250,20,4,0,1
250,20,5,1,1
252,0,6,1,1
252,6,2,0,2
252,6,3,0,1
252,7,1,0,1
252,7,4,0,1
252,8,1,0,1
252,9,4,0,1
252,11,0,0,1
252,12,1,0,1
252,16,3,0,1
252,18,0,0,1
252,20,4,0,1
252,20,5,1,1
252,21,5,1,2
252,22,1,0,1
253,6,1,0,1
253,17,0,0,1
253,20,2,0,1
254,4,1,0,1
254,5,1,0,1
254,5,3,0,1
254,6,2,0,1
254,6,3,0,1
254,6,4,0,2
254,6,5,1,1
254,7,5,1,1
254,8,2,0,1
254,8,3,0,1
254,8,6,1,1
254,9,0,0,1
254,9,1,0,1
254,9,2,0,1
254,9,6,1,1
254,10,1,0,1
254,10,2,0,1
254,10,4,0,1
254,11,0,0,1
254,11,3,0,3
254,11,4,0,2
254,11,6,1,1
254,12,0,0,1
254,12,1,0,1
254,12,3,0,3
254,12,4,0,2
254,13,0,0,1
254,13,2,0,1
254,13,3,0,1
254,13,4,0,2
254,13,6,1,1
254,14,1,0,1
254,14,2,0,1
254,14,6,1,2
254,15,0,0,1
254,15,3,0,2
254,15,6,1,2
254,16,2,0,1
254,16,4,0,1
254,16,5,1,1
254,16,6,1,2
254,17,4,0,1
254,18,4,0,1
254,19,4,0,1
255,0,0,0,3
255,0,1,0,2
255,0,2,0,2
255,0,3,0,2
255,0,4,0,2
255,0,5,1,7
255,0,6,1,8
255,1,0,0,4
255,1,1,0,1
255,1,4,0,2
255,1,5,1,8
255,1,6,1,8
255,2,0,0,2
255,2,2,0,1
255,2,4,0,1
255,2,5,1,8
255,2,6,1,5
255,3,5,1,5
255,3,6,1,10
255,4,5,1,2
255,5,4,0,1
255,6,3,0,1
255,6,4,0,1
255,6,6,1,1
255,7,0,0,1
255,8,2,0,1
255,8,3,0,1
255,9,3,0,1
255,10,3,0,2
255,11,1,0,1
255,11,2,0,1
255,11,4,0,1
255,12,5,1,1
255,13,1,0,1
255,13,3,0,1
255,13,5,1,1
255,13,6,1,2
255,14,1,0,1
255,14,6,1,1
255,15,0,0,1
255,15,1,0,1
255,15,2,0,1
255,15,3,0,2
255,15,4,0,2
255,15,5,1,1
255,15,6,1,1
255,16,2,0,3
255,16,4,0,1
255,16,5,1,1
255,17,0,0,1
255,17,1,0,1
255,17,2,0,1
255,17,4,0,1
255,17,5,1,2
255,17,6,1,1
255,18,1,0,2
255,18,2,0,1
255,18,3,0,1
255,18,4,0,1
255,18,5,1,1
255,19,2,0,1
255,19,3,0,2
255,19,5,1,1
255,19,6,1,1
255,20,0,0,1
255,20,2,0,2
255,20,3,0,1
255,20,4,0,1
255,20,5,1,2
255,21,0,0,1
255,21,3,0,1
255,21,4,0,3
255,21,5,1,2
255,21,6,1,3
255,22,3,0,4
255,22,4,0,2
255,22,5,1,3
255,22,6,1,2
255,23,1,0,2
255,23,2,0,1
255,23,3,0,3
255,23,4,0,4
255,23,5,1,8
255,23,6,1,2
256,0,0,0,1
256,0,4,0,2
256,0,5,1,4
256,0,6,1,5
256,1,0,0,3
256,1,4,0,1
256,1,5,1,1
256,1,6,1,2
256,2,0,0,2
256,2,5,1,1
256,2,6,1,3
256,3,0,0,1
256,3,4,0,1
256,3,6,1,3
256,4,5,1,2
256,4,6,1,4
256,5,0,0,1
256,6,5,1,2
256,7,1,0,2
256,7,4,0,3
256,8,2,0,1
256,9,0,0,1
256,9,5,1,1
256,10,4,0,1
256,10,5,1,1
256,11,0,0,1
256,11,5,1,1
256,12,3,0,1
256,12,6,1,1
256,13,1,0,1
256,13,6,1,2
256,14,0,0,1
256,14,1,0,1
256,14,2,0,1
256,14,4,0,1
256,14,5,1,1
256,14,6,1,2
256,15,4,0,2
256,15,6,1,1
256,16,0,0,3
256,16,1,0,1
256,16,3,0,1
256,16,4,0,1
256,18,0,0,1
256,18,2,0,1
256,18,4,0,1
256,18,5,1,1
256,18,6,1,2
256,19,1,0,1
256,19,3,0,1
256,19,4,0,1
256,19,5,1,1
256,19,6,1,2
256,20,3,0,4
256,20,5,1,2
256,20,6,1,1
256,21,0,0,1
256,21,1,0,3
256,21,4,0,2
256,21,5,1,3
256,21,6,1,1
256,22,2,0,1
256,22,3,0,1
256,22,4,0,1
256,22,5,1,4
256,23,0,0,1
256,23,1,0,1
256,23,2,0,1
256,23,3,0,2
256,23,4,0,1
256,23,5,1,6
256,23,6,1,3
257,1,1,0,1
257,5,1,0,1
257,5,3,0,1
257,8,0,0,1
257,9,0,0,1
257,10,4,0,2
257,10,6,1,2
257,12,6,1,2
257,19,6,1,1
257,22,0,0,1
257,23,0,0,1
257,23,2,0,1
258,5,0,0,2
258,5,1,0,2
258,5,2,0,1
258,5,3,0,3
258,6,0,0,2
258,6,1,0,2
258,6,2,0,1
258,6,3,0,1
258,6,4,0,2
258,7,4,0,1
258,8,0,0,1
258,8,1,0,1
258,8,2,0,1
258,8,3,0,1
258,9,0,0,2
258,9,1,0,1
258,9,2,0,1
258,9,3,0,1
258,9,4,0,1
258,10,0,0,1
258,10,2,0,2
258,10,3,0,1
258,10,4,0,1
258,11,0,0,1
258,11,4,0,1
258,11,5,1,1
258,12,3,0,2
258,12,6,1,1
258,13,2,0,1
258,14,0,0,1
258,15,5,1,1
258,17,2,0,1
258,17,6,1,1
258,23,4,0,1
259,4,4,0,1
259,5,2,0,1
259,5,4,0,1
259,6,0,0,3
259,6,2,0,3
259,6,3,0,1
259,8,5,1,1
259,9,2,0,1
259,9,5,1,1
259,11,0,0,3
259,11,1,0,1
259,11,2,0,1
259,13,3,0,2
259,14,2,0,1
259,14,5,1,1
259,14,6,1,1
259,15,0,0,1
259,15,4,0,2
259,16,4,0,1
259,17,2,0,1
259,17,3,0,2
259,17,5,1,1
259,18,4,0,1
259,19,1,0,2
260,0,0,0,3
260,0,5,1,1
260,0,6,1,1
260,1,5,1,1
260,2,1,0,1
260,2,5,1,1
260,2,6,1,1
260,3,1,0,1
260,3,5,1,1
260,3,6,1,1
260,4,0,0,1
260,4,3,0,1
260,4,5,1,1
260,5,2,0,3
260,5,3,0,1
260,5,4,0,1
260,5,6,1,1
260,6,0,0,2
260,6,3,0,2
260,6,4,0,1
260,6,6,1,2
260,7,0,0,1
260,7,1,0,4
260,7,2,0,2
260,7,3,0,1
260,7,4,0,1
260,7,5,1,2
260,8,0,0,7
260,8,1,0,2
260,8,2,0,2
260,8,3,0,3
260,8,4,0,3
260,8,5,1,2
260,9,0,0,1
260,9,1,0,1
260,9,2,0,1
260,9,3,0,4
260,9,4,0,2
260,9,5,1,1
260,9,6,1,3
260,10,0,0,1
260,10,1,0,1
260,10,2,0,1
260,10,3,0,3
260,10,5,1,1
260,10,6,1,1
260,11,0,0,3
260,11,1,0,1
260,11,2,0,2
260,11,3,0,1
260,11,4,0,2
260,11,5,1,2
260,12,3,0,1
260,12,6,1,2
260,13,0,0,3
260,13,1,0,1
260,13,2,0,1
260,13,3,0,1
260,13,4,0,5
260,13,5,1,1
260,13,6,1,1
260,14,0,0,3
260,14,1,0,1
260,14,2,0,3
260,14,3,0,2
260,14,4,0,1
260,14,6,1,1
260,15,0,0,1
260,15,2,0,1
260,15,5,1,2
260,15,6,1,3
260,16,0,0,3
260,16,1,0,3
260,16,2,0,1
260,16,3,0,1
260,16,4,0,1
260,16,5,1,2
260,16,6,1,1
260,17,0,0,1
260,17,1,0,1
260,17,2,0,3
260,17,3,0,2
260,17,5,1,2
260,18,3,0,1
260,18,4,0,1
260,18,5,1,3
260,18,6,1,1
260,19,0,0,1
260,19,1,0,1
260,19,2,0,1
260,19,3,0,3
260,19,4,0,2
260,19,5,1,1
260,20,2,0,1
260,20,3,0,3
260,21,0,0,1
260,21,1,0,2
260,21,2,0,1
260,21,3,0,2
260,21,4,0,3
260,21,5,1,2
260,21,6,1,1
260,22,1,0,1
260,22,3,0,1
260,22,5,1,1
260,22,6,1,1
260,23,2,0,3
260,23,4,0,1
260,23,6,1,1
261,0,0,0,6
261,0,1,0,4
261,0,2,0,6
261,0,3,0,3
261,0,4,0,7
261,0,5,1,17
261,0,6,1,12
261,1,0,0,2
261,1,1,0,2
261,1,3,0,3
261,1,4,0,2
261,1,5,1,9
261,1,6,1,13
261,2,0,0,2
261,2,4,0,3
261,2,5,1,5
261,2,6,1,6
261,3,0,0,1
261,3,3,0,2
261,3,4,0,1
261,3,5,1,2
261,3,6,1,4
261,4,0,0,3
261,4,1,0,3
261,4,4,0,5
261,4,5,1,5
261,4,6,1,1
261,5,0,0,2
261,5,1,0,3
261,5,2,0,1
261,5,3,0,1
261,5,4,0,2
261,5,5,1,5
261,5,6,1,2
261,6,0,0,2
261,6,1,0,5
261,6,2,0,6
261,6,3,0,6
261,6,4,0,6
261,6,5,1,4
261,6,6,1,2
261,7,0,0,7
261,7,1,0,12
261,7,2,0,10
261,7,3,0,15
261,7,4,0,12
261,7,5,1,6
261,7,6,1,4
261,8,0,0,12
261,8,1,0,11
261,8,2,0,23
261,8,3,0,21
261,8,4,0,10
261,8,5,1,11
261,8,6,1,8
261,9,0,0,12
261,9,1,0,32
261,9,2,0,20
261,9,3,0,24
261,9,4,0,24
261,9,5,1,19
261,9,6,1,21
261,10,0,0,26
261,10,1,0,19
261,10,2,0,24
261,10,3,0,19
261,10,4,0,23
261,10,5,1,22
261,10,6,1,22
261,11,0,0,28
261,11,1,0,45
261,11,2,0,36
261,11,3,0,42
261,11,4,0,25
261,11,5,1,44
261,11,6,1,40
261,12,0,0,36
261,12,1,0,40
261,12,2,0,40
261,12,3,0,48
261,12,4,0,35
261,12,5,1,65
261,12,6,1,56
261,13,0,0,42
261,13,1,0,30
261,13,2,0,48
261,13,3,0,46
261,13,4,0,44
261,13,5,1,61
261,13,6,1,70
261,14,0,0,46
261,14,1,0,43
261,14,2,0,60
261,14,3,0,47
261,14,4,0,58
261,14,5,1,59
261,14,6,1,51
261,15,0,0,50
261,15,1,0,46
261,15,2,0,65
261,15,3,0,64
261,15,4,0,55
261,15,5,1,87
261,15,6,1,53
261,16,0,0,51
261,16,1,0,46
261,16,2,0,44
261,16,3,0,61
261,16,4,0,54
261,16,5,1,68
261,16,6,1,67
261,17,0,0,54
261,17,1,0,46
261,17,2,0,58
261,17,3,0,82
261,17,4,0,70
261,17,5,1,59
261,17,6,1,54
261,18,0,0,56
261,18,1,0,50
261,18,2,0,76
261,18,3,0,60
261,18,4,0,61
261,18,5,1,57
261,18,6,1,44
261,19,0,0,32
261,19,1,0,45
261,19,2,0,54
261,19,3,0,69
261,19,4,0,51
261,19,5,1,34
261,19,6,1,24
261,20,0,0,29
261,20,1,0,35
261,20,2,0,42
261,20,3,0,54
261,20,4,0,28
261,20,5,1,46
261,20,6,1,19
261,21,0,0,24
261,21,1,0,30
261,21,2,0,44
261,21,3,0,43
261,21,4,0,26
261,21,5,1,28
261,21,6,1,15
261,22,0,0,15
261,22,1,0,20
261,22,2,0,21
261,22,3,0,34
261,22,4,0,24
261,22,5,1,21
261,22,6,1,9
261,23,0,0,3
261,23,1,0,10
261,23,2,0,8
261,23,3,0,24
261,23,4,0,22
261,23,5,1,21
261,23,6,1,7
262,0,0,0,10
262,0,1,0,1
262,0,2,0,4
262,0,3,0,7
262,0,4,0,11
262,0,5,1,12
262,0,6,1,16
262,1,0,0,10
262,1,1,0,1
262,1,3,0,4
262,1,4,0,2
262,1,5,1,10
262,1,6,1,10
262,2,0,0,4
262,2,2,0,2
262,2,4,0,3
262,2,5,1,4
262,2,6,1,6
262,3,0,0,4
262,3,1,0,3
262,3,2,0,2
262,3,3,0,3
262,3,4,0,3
262,3,5,1,4
262,3,6,1,3
262,4,0,0,3
262,4,1,0,5
262,4,2,0,3
262,4,3,0,8
262,4,4,0,5
262,4,5,1,4
262,4,6,1,6
262,5,0,0,25
262,5,1,0,22
262,5,2,0,16
262,5,3,0,14
262,5,4,0,17
262,5,5,1,10
262,5,6,1,6
262,6,0,0,62
262,6,1,0,88
262,6,2,0,81
262,6,3,0,79
262,6,4,0,66
262,6,5,1,22
262,6,6,1,13
262,7,0,0,143
262,7,1,0,175
262,7,2,0,186
262,7,3,0,187
262,7,4,0,151
262,7,5,1,46
262,7,6,1,33
262,8,0,0,166
262,8,1,0,188
262,8,2,0,181
262,8,3,0,184
262,8,4,0,188
262,8,5,1,92
262,8,6,1,67
262,9,0,0,162
262,9,1,0,166
262,9,2,0,181
262,9,3,0,201
262,9,4,0,192
262,9,5,1,131
262,9,6,1,90
262,10,0,0,102
262,10,1,0,158
262,10,2,0,164
262,10,3,0,175
262,10,4,0,184
262,10,5,1,126
262,10,6,1,118
262,11,0,0,108
262,11,1,0,119
262,11,2,0,176
262,11,3,0,139
262,11,4,0,131
262,11,5,1,132
262,11,6,1,119
262,12,0,0,124
262,12,1,0,110
262,12,2,0,142
262,12,3,0,137
262,12,4,0,121
262,12,5,1,162
262,12,6,1,120
262,13,0,0,88
262,13,1,0,97
262,13,2,0,101
262,13,3,0,119
262,13,4,0,108
262,13,5,1,120
262,13,6,1,129
262,14,0,0,122
262,14,1,0,123
262,14,2,0,96
262,14,3,0,105
262,14,4,0,138
262,14,5,1,133
262,14,6,1,102
262,15,0,0,109
262,15,1,0,123
262,15,2,0,128
262,15,3,0,133
262,15,4,0,141
262,15,5,1,98
262,15,6,1,98
262,16,0,0,106
262,16,1,0,111
262,16,2,0,125
262,16,3,0,132
262,16,4,0,115
262,16,5,1,92
262,16,6,1,81
262,17,0,0,111
262,17,1,0,102
262,17,2,0,124
262,17,3,0,135
262,17,4,0,152
262,17,5,1,98
262,17,6,1,73
262,18,0,0,85
262,18,1,0,121
262,18,2,0,120
262,18,3,0,155
262,18,4,0,139
262,18,5,1,113
262,18,6,1,76
262,19,0,0,50
262,19,1,0,68
262,19,2,0,83
262,19,3,0,95
262,19,4,0,89
262,19,5,1,95
262,19,6,1,50
262,20,0,0,53
262,20,1,0,46
262,20,2,0,57
262,20,3,0,63
262,20,4,0,65
262,20,5,1,60
262,20,6,1,36
262,21,0,0,25
262,21,1,0,44
262,21,2,0,41
262,21,3,0,46
262,21,4,0,61
262,21,5,1,37
262,21,6,1,30
262,22,0,0,15
262,22,1,0,14
262,22,2,0,23
262,22,3,0,29
262,22,4,0,29
262,22,5,1,44
262,22,6,1,12
262,23,0,0,7
262,23,1,0,8
262,23,2,0,11
262,23,3,0,18
262,23,4,0,25
262,23,5,1,34
262,23,6,1,17
263,0,0,0,54
263,0,1,0,17
263,0,2,0,15
263,0,3,0,23
263,0,4,0,58
263,0,5,1,110
263,0,6,1,138
263,1,0,0,41
263,1,1,0,9
263,1,2,0,10
263,1,3,0,10
263,1,4,0,35
263,1,5,1,100
263,1,6,1,104
263,2,0,0,35
263,2,1,0,5
263,2,2,0,7
263,2,3,0,5
263,2,4,0,23
263,2,5,1,53
263,2,6,1,55
263,3,0,0,14
263,3,1,0,2
263,3,2,0,7
263,3,3,0,6
263,3,4,0,14
263,3,5,1,29
263,3,6,1,37
263,4,0,0,13
263,4,1,0,7
263,4,2,0,11
263,4,3,0,14
263,4,4,0,13
263,4,5,1,14
263,4,6,1,30
263,5,0,0,18
263,5,1,0,19
263,5,2,0,21
263,5,3,0,16
263,5,4,0,29
263,5,5,1,9
263,5,6,1,11
263,6,0,0,48
263,6,1,0,66
263,6,2,0,56
263,6,3,0,71
263,6,4,0,50
263,6,5,1,39
263,6,6,1,27
263,7,0,0,154
263,7,1,0,131
263,7,2,0,141
263,7,3,0,145
263,7,4,0,156
263,7,5,1,46
263,7,6,1,32
263,8,0,0,137
263,8,1,0,157
263,8,2,0,174
263,8,3,0,177
263,8,4,0,183
263,8,5,1,84
263,8,6,1,82
263,9,0,0,155
263,9,1,0,156
263,9,2,0,201
263,9,3,0,172
263,9,4,0,169
263,9,5,1,135
263,9,6,1,119
263,10,0,0,130
263,10,1,0,161
263,10,2,0,131
263,10,3,0,176
263,10,4,0,162
263,10,5,1,166
263,10,6,1,194
263,11,0,0,125
263,11,1,0,148
263,11,2,0,126
263,11,3,0,152
263,11,4,0,167
263,11,5,1,208
263,11,6,1,194
263,12,0,0,143
263,12,1,0,150
263,12,2,0,142
263,12,3,0,162
263,12,4,0,161
263,12,5,1,223
263,12,6,1,170
263,13,0,0,115
263,13,1,0,137
263,13,2,0,139
263,13,3,0,189
263,13,4,0,162
263,13,5,1,192
263,13,6,1,171
263,14,0,0,152
263,14,1,0,171
263,14,2,0,161
263,14,3,0,164
263,14,4,0,195
263,14,5,1,183
263,14,6,1,184
263,15,0,0,148
263,15,1,0,156
263,15,2,0,149
263,15,3,0,182
263,15,4,0,165
263,15,5,1,178
263,15,6,1,137
263,16,0,0,125
263,16,1,0,144
263,16,2,0,160
263,16,3,0,165
263,16,4,0,170
263,16,5,1,186
263,16,6,1,132
263,17,0,0,127
263,17,1,0,157
263,17,2,0,158
263,17,3,0,185
263,17,4,0,203
263,17,5,1,200
263,17,6,1,147
263,18,0,0,145
263,18,1,0,154
263,18,2,0,196
263,18,3,0,188
263,18,4,0,203
263,18,5,1,238
263,18,6,1,148
263,19,0,0,122
263,19,1,0,106
263,19,2,0,176
263,19,3,0,147
263,19,4,0,209
263,19,5,1,220
263,19,6,1,133
263,20,0,0,111
263,20,1,0,137
263,20,2,0,139
263,20,3,0,146
263,20,4,0,169
263,20,5,1,195
263,20,6,1,143
263,21,0,0,107
263,21,1,0,123
263,21,2,0,124
263,21,3,0,158
263,21,4,0,162
263,21,5,1,201
263,21,6,1,95
263,22,0,0,59
263,22,1,0,82
263,22,2,0,108
263,22,3,0,133
263,22,4,0,178
263,22,5,1,184
263,22,6,1,58
263,23,0,0,29
263,23,1,0,45
263,23,2,0,60
263,23,3,0,73
263,23,4,0,127
263,23,5,1,154
263,23,6,1,61
264,0,0,0,13
264,0,1,0,5
264,0,2,0,10
264,0,3,0,4
264,0,4,0,7
264,0,5,1,33
264,0,6,1,19
264,1,0,0,3
264,1,1,0,2
264,1,2,0,4
264,1,3,0,6
264,1,4,0,5
264,1,5,1,21
264,1,6,1,31
264,2,0,0,6
264,2,1,0,1
264,2,2,0,3
264,2,3,0,3
264,2,4,0,3
264,2,5,1,9
264,2,6,1,18
264,3,0,0,4
264,3,2,0,1
264,3,3,0,2
264,3,4,0,3
264,3,5,1,8
264,3,6,1,12
264,4,0,0,3
264,4,1,0,2
264,4,2,0,4
264,4,3,0,1
264,4,4,0,3
264,4,5,1,5
264,4,6,1,4
264,5,0,0,2
264,5,1,0,4
264,5,2,0,2
264,5,3,0,3
264,5,4,0,5
264,5,5,1,2
264,5,6,1,3
264,6,0,0,11
264,6,1,0,8
264,6,2,0,10
264,6,3,0,9
264,6,4,0,7
264,6,5,1,2
264,6,6,1,4
264,7,0,0,19
264,7,1,0,22
264,7,2,0,15
264,7,3,0,27
264,7,4,0,21
264,7,5,1,6
264,7,6,1,4
264,8,0,0,20
264,8,1,0,24
264,8,2,0,29
264,8,3,0,29
264,8,4,0,24
264,8,5,1,11
264,8,6,1,7
264,9,0,0,20
264,9,1,0,21
264,9,2,0,30
264,9,3,0,30
264,9,4,0,27
264,9,5,1,8
264,9,6,1,14
264,10,0,0,13
264,10,1,0,28
264,10,2,0,15
264,10,3,0,28
264,10,4,0,19
264,10,5,1,12
264,10,6,1,24
264,11,0,0,15
264,11,1,0,33
264,11,2,0,22
264,11,3,0,35
264,11,4,0,19
264,11,5,1,14
264,11,6,1,28
264,12,0,0,20
264,12,1,0,17
264,12,2,0,27
264,12,3,0,33
264,12,4,0,34
264,12,5,1,35
264,12,6,1,18
264,13,0,0,18
264,13,1,0,21
264,13,2,0,33
264,13,3,0,28
264,13,4,0,19
264,13,5,1,29
264,13,6,1,25
264,14,0,0,21
264,14,1,0,22
264,14,2,0,25
264,14,3,0,26
264,14,4,0,25
264,14,5,1,27
264,14,6,1,29
264,15,0,0,22
264,15,1,0,34
264,15,2,0,21
264,15,3,0,31
264,15,4,0,20
264,15,5,1,35
264,15,6,1,30
264,16,0,0,25
264,16,1,0,25
264,16,2,0,23
264,16,3,0,37
264,16,4,0,32
264,16,5,1,41
264,16,6,1,27
264,17,0,0,26
264,17,1,0,25
264,17,2,0,33
264,17,3,0,46
264,17,4,0,25
264,17,5,1,28
264,17,6,1,17
264,18,0,0,31
264,18,1,0,35
264,18,2,0,24
264,18,3,0,40
264,18,4,0,19
264,18,5,1,31
264,18,6,1,29
264,19,0,0,16
264,19,1,0,29
264,19,2,0,28
264,19,3,0,25
264,19,4,0,27
264,19,5,1,45
264,19,6,1,17
264,20,0,0,20
264,20,1,0,25
264,20,2,0,24
264,20,3,0,33
264,20,4,0,24
264,20,5,1,25
264,20,6,1,28
264,21,0,0,23
264,21,1,0,25
264,21,2,0,23
264,21,3,0,32
264,21,4,0,26
264,21,5,1,21
264,21,6,1,21
264,22,0,0,17
264,22,1,0,10
264,22,2,0,24
264,22,3,0,23
264,22,4,0,28
264,22,5,1,29
264,22,6,1,15
264,23,0,0,14
264,23,1,0,9
264,23,2,0,15
264,23,3,0,27
264,23,4,0,21
264,23,5,1,28
264,23,6,1,20
265,0,0,0,2
265,0,3,0,2
265,0,4,0,2
265,0,5,1,3
265,1,0,0,1
265,1,4,0,1
265,3,6,1,1
265,4,4,0,1
265,4,5,1,1
265,4,6,1,1
265,5,2,0,3
265,6,0,0,3
265,6,6,1,1
265,7,1,0,2
265,7,2,0,1
265,7,3,0,1
265,8,0,0,1
265,8,5,1,1
265,9,1,0,1
265,9,2,0,1
265,9,4,0,1
265,9,6,1,2
265,10,2,0,1
265,10,4,0,2
265,10,6,1,1
265,11,0,0,2
265,11,1,0,1
265,11,3,0,1
265,11,4,0,1
265,11,6,1,1
265,12,4,0,3
265,12,5,1,1
265,12,6,1,1
265,13,2,0,2
265,13,3,0,1
265,14,3,0,2
265,14,6,1,1
265,15,1,0,2
265,15,2,0,2
265,15,3,0,1
265,15,4,0,2
265,15,6,1,2
265,16,0,0,1
265,16,4,0,1
265,16,5,1,2
265,17,0,0,1
265,17,1,0,1
265,17,2,0,1
265,17,3,0,1
265,17,4,0,2
265,17,5,1,1
265,18,0,0,2
265,18,2,0,1
265,18,5,1,1
265,18,6,1,1
265,19,0,0,1
265,19,1,0,1
265,19,3,0,1
265,20,0,0,1
265,20,2,0,2
265,20,4,0,1
265,20,5,1,2
265,20,6,1,1
265,21,1,0,2
265,21,2,0,1
265,21,3,0,2
265,21,4,0,3
265,21,5,1,1
265,22,2,0,3
265,22,3,0,1
265,22,5,1,3
265,23,1,0,1
265,23,4,0,1
265,23,5,1,1
